cell_id,lat,lon,date,year,doy,label,sample_kind,n_detections,max_frp,temp_max,temp_min,temp_mean,rh_min,rh_mean,wind_max,wind_mean,precip_sum,vpd_max,precip_7d,precip_30d,days_since_rain_1mm,temp_max_7d_mean,rh_min_7d_mean,ffmc,dmc,dc,isi,bui,fwi,split
368_47,36.800000000000004,4.7,2025-06-17,2025,168,0,matched_negative,0,,30.8,21.6,25.7,44,56,10.7,5.6,0.0,2.16,0.0,10.500000000000014,24.0,33.77142857142858,24.285714285714285,92.39403380327705,138.70791990661954,260.7370214396654,10.332656149717558,138.26901367912063,36.645597233906734,test
367_39,36.7,3.9000000000000004,2025-08-17,2025,229,0,matched_negative,0,,35.1,21.7,28.0,18,33,16.1,6.6,0.0,4.61,0.0,1.6,45.0,34.4,20.571428571428573,96.25318178091919,385.31382437566333,908.401462546444,23.104827387499217,384.9239125351857,67.33844760951172,test
350_57,35.0,5.7,2025-06-05,2025,156,0,matched_negative,0,,36.5,26.3,31.5,14,21,23.6,8.6,0.0,5.23,0.0,18.4,12.0,33.9,16.571428571428573,97.61645986262825,155.59561901897064,591.8307744739966,40.46093498672563,187.7740919203139,90.71800516527715,test
366_65,36.6,6.5,2025-07-20,2025,201,0,matched_negative,0,,35.2,20.7,27.4,19,35,11.9,5.1,0.0,4.59,0.3000000000000142,6.000000000000007,8.0,33.614285714285714,22.285714285714285,97.40396035938666,190.6501114781179,546.4327646021422,21.813992876720114,203.65895790412497,63.53509312950504,test
364_17,36.4,1.7000000000000002,2025-07-09,2025,190,0,matched_negative,0,,36.9,21.5,28.9,23,54,16.7,7.4,0.0,4.77,0.0,1.000000000000007,47.0,36.51428571428571,23.428571428571427,96.67496957777327,403.85202481468724,728.8252136405857,25.2047306450426,401.5379264010335,70.95359709508307,test
364_34,36.4,3.4000000000000004,2025-06-23,2025,174,0,matched_negative,0,,35.8,19.8,27.0,17,38,18.4,6.3,0.0,4.86,1.6999999999999929,2.499999999999993,6.0,34.22857142857143,20.285714285714285,96.64165248847841,206.28476918337262,464.90081615567806,27.33648741229851,206.01538454565207,72.85368094130018,test
369_64,36.9,6.4,2025-07-23,2025,204,0,matched_negative,0,,34.3,18.2,25.1,33,67,8.5,4.0,0.0,3.63,0.0,0.9000000000000141,59.0,31.699999999999996,32.714285714285715,92.73619141659539,312.354103512888,572.7979999999999,9.704433037599777,310.8811027219044,39.11396462559693,test
366_58,36.6,5.800000000000001,2025-09-04,2025,247,0,matched_negative,0,,30.9,17.5,23.0,38,64,9.2,5.8,0.0,2.67,1.100000000000014,3.3000000000000003,2.0,28.128571428571426,38.714285714285715,91.23972282893367,251.35411242530438,893.3420060848921,8.135749011396182,295.11882835790607,34.816258459970705,test
361_57,36.1,5.7,2025-06-27,2025,178,0,matched_negative,0,,34.9,20.2,26.2,17,44,21.9,8.0,0.0,4.61,0.0,2.4,23.0,35.028571428571425,14.714285714285714,97.78999620271792,269.6287560724495,481.8794671003148,38.0030185603226,268.3541950109079,89.9087978302638,test
363_77,36.300000000000004,7.7,2025-10-17,2025,290,0,matched_negative,0,,21.0,11.4,16.1,49,78,9.4,3.4,4.3,1.27,9.699999999999985,64.60000000000001,0.0,24.085714285714285,39.714285714285715,69.2978160502827,17.3501757739056,720.1586390563896,0.9824008716672593,32.72906691320593,1.7727653982387894,test
367_39,36.7,3.9000000000000004,2025-06-02,2025,153,0,matched_negative,0,,34.0,18.2,27.0,19,37,23.3,13.1,0.0,4.31,0.0,82.4,9.0,30.342857142857145,28.428571428571427,95.805711870056,77.0212619840157,182.023462546444,31.259181143500108,76.97286526272869,57.857702514637495,test
364_49,36.4,4.9,2025-09-20,2025,263,0,matched_negative,0,,30.2,17.4,23.8,29,51,11.6,6.5,0.0,3.04,0.0,26.4,10.0,30.728571428571428,24.571428571428573,93.74325371124837,78.8784614810081,871.0368320751687,13.059238907228218,128.63494410325015,41.64229021467453,test
364_85,36.4,8.5,2025-07-20,2025,201,0,matched_negative,0,,40.9,22.3,30.9,14,31,14.7,5.8,0.0,6.62,0.0,0.6000000000000143,31.0,36.72857142857142,21.0,98.6636442960193,342.4690488726578,616.2117557021103,29.661377502301463,340.66823925502837,78.10026571009755,test
350_57,35.0,5.7,2025-10-28,2025,301,0,matched_negative,0,,24.1,17.2,20.7,39,53,14.5,7.8,0.0,1.82,0.0,6.999999999999999,10.0,29.142857142857142,27.428571428571427,92.12214251787023,102.62714818865729,1138.3891196432955,12.04240859069748,167.50284016765465,42.56280570648142,test
369_42,36.9,4.2,2025-08-20,2025,232,0,matched_negative,0,,32.8,24.9,28.6,35,54,22.9,11.9,0.0,3.21,0.0,5.8999999999999995,26.0,34.957142857142856,28.857142857142858,94.21801600694367,209.5044919374357,845.1835143429579,24.64829814683407,258.69523736187904,69.5591835021156,test
361_75,36.1,7.5,2025-10-30,2025,303,0,matched_negative,0,,22.6,12.2,15.9,40,70,25.0,9.2,0.6,1.64,0.6000000000000071,22.100000000000016,12.0,23.52857142857143,35.42857142857143,89.47798616759492,53.68515099606729,841.8064342097126,14.02094985253363,92.60576094811081,37.985800723913016,test
366_33,36.6,3.3000000000000003,2025-08-03,2025,215,0,matched_negative,0,,32.2,20.7,26.0,38,57,14.3,6.3,0.0,2.84,0.0,5.099999999999985,9.0,30.8,37.0,91.90834160273643,149.55030388554187,687.57530019922,11.56668898987443,193.74816036719926,42.52780419153418,test
367_45,36.7,4.5,2025-06-13,2025,164,0,matched_negative,0,,31.2,20.9,25.7,16,24,9.2,6.0,0.0,3.51,0.3999999999999787,53.1,8.0,30.485714285714288,18.857142857142858,97.31403551321438,120.32158136726407,206.59028781752258,18.81271363035597,119.833000791711,51.14907816860749,test
363_67,36.300000000000004,6.7,2025-09-24,2025,267,0,matched_negative,0,,23.7,15.3,18.8,50,80,13.2,6.5,0.0,1.44,4.899999999999993,22.1,1.0,29.91428571428571,31.428571428571427,87.30550391945796,96.43262437137567,1055.4123360190001,5.666286951906549,157.00217578480806,25.361719686517294,test
361_49,36.1,4.9,2025-06-17,2025,168,0,matched_negative,0,,34.6,18.5,26.2,12,34,24.8,5.6,0.0,4.83,0.0,2.9000000000000004,13.0,34.91428571428572,9.857142857142858,98.6694999490725,212.8049671130187,362.0660342080247,49.38028356066983,211.77257498137482,103.11845560662346,test
362_28,36.2,2.8000000000000003,2025-08-03,2025,215,0,matched_negative,0,,36.1,21.6,28.2,13,28,16.5,9.3,0.0,5.17,0.5999999999999895,3.099999999999993,22.0,34.028571428571425,20.142857142857142,97.51052653025883,538.0749423030485,806.9740659561348,27.896695498515808,532.3841405931909,75.39139500341007,test
369_70,36.9,7.0,2025-09-02,2025,245,0,matched_negative,0,,27.7,23.2,25.2,57,74,17.8,7.6,3.1,1.53,3.8,3.8,0.0,33.142857142857146,36.857142857142854,80.26758971077982,118.28779093208264,953.4670829071576,2.8682003796968796,180.57113093197867,16.006712877856963,test
353_69,35.300000000000004,6.9,2025-07-30,2025,211,0,matched_negative,0,,23.4,10.5,17.2,32,51,10.3,7.0,1.0,1.92,2.8999999999999857,16.800000000000008,0.0,26.000000000000004,24.285714285714285,89.4055073020329,205.32417632245395,601.7598500294696,6.6155291663633085,221.6108644749826,29.891533858284234,test
361_26,36.1,2.6,2025-07-10,2025,191,0,matched_negative,0,,38.6,24.0,30.4,17,38,15.5,7.0,0.0,5.52,0.3000000000000071,3.4,7.0,36.728571428571435,22.571428571428573,97.03911637006108,198.82697195697386,646.1143394373089,24.911367981859982,224.74983610632725,69.45319826109495,test
344_86,34.4,8.6,2025-06-20,2025,171,0,matched_negative,0,,35.0,22.7,29.1,18,38,21.1,17.1,0.0,4.62,0.0,15.400000000000006,27.0,36.72857142857142,15.571428571428571,97.28042763536764,280.51839156612726,710.1185283124236,34.11367861354754,282.2718717476863,84.54902186976297,test
369_66,36.9,6.6000000000000005,2025-07-14,2025,195,0,matched_negative,0,,30.7,21.9,26.1,59,77,13.1,6.8,0.0,1.69,0.29999999999998567,0.3000000000000142,59.0,30.099999999999998,49.857142857142854,89.2187075719094,239.2625529765001,546.8072998702925,7.416463061093618,238.9743673298404,32.46395940726105,test
368_34,36.800000000000004,3.4000000000000004,2025-10-05,2025,278,0,matched_negative,0,,28.6,18.3,23.4,31,57,20.1,9.4,0.0,2.68,0.30000000000000004,45.800000000000004,9.0,27.057142857142857,44.42857142857143,92.27912952273239,60.62696484628697,753.3296554445881,16.326293604547896,100.94427791978842,43.595500468888524,test
369_86,36.9,8.6,2025-06-05,2025,156,0,matched_negative,0,,25.7,18.3,22.1,68,83,13.3,6.0,0.0,1.04,0.0,83.40000000000002,11.0,27.371428571428574,49.857142857142854,86.97272083411897,50.29189403831908,153.04331752181244,5.431190141250915,55.219385344518784,14.944071623944168,test
361_14,36.1,1.4000000000000001,2025-08-18,2025,230,0,matched_negative,0,,41.5,22.3,32.6,10,24,8.6,4.5,0.0,7.12,0.0,0.09999999999999645,87.0,39.142857142857146,13.571428571428571,98.89842850490598,730.1172261461222,1153.484075229322,22.49185953368524,721.635776103769,66.28122145496634,test
364_82,36.4,8.200000000000001,2025-08-20,2025,232,0,matched_negative,0,,33.3,19.4,25.9,17,38,16.2,9.6,0.0,4.14,0.5000000000000142,4.8,25.0,30.74285714285714,24.857142857142858,97.13541340377687,242.9444046951049,854.2799750846993,26.13968501236591,283.9856597632624,72.2591828933393,test
365_36,36.5,3.6,2025-07-14,2025,195,0,matched_negative,0,,39.6,22.1,30.4,18,50,16.4,7.6,0.0,5.71,1.0000000000000213,2.199999999999993,6.0,34.58571428571429,34.0,96.92292443435117,342.94893112973733,556.190052082026,25.66532453265918,340.58948076808844,71.66983665414207,test
348_3,34.800000000000004,0.30000000000000004,2025-08-06,2025,218,0,matched_negative,0,,35.1,24.0,29.1,13,23,16.8,8.9,0.0,4.91,0.0,5.599999999999993,12.0,35.785714285714285,14.428571428571429,98.10587014757837,179.04406927626272,820.4826669391009,30.642797426847014,231.69053686066923,78.72111993425276,test
367_44,36.7,4.4,2025-07-03,2025,184,0,matched_negative,0,,31.6,21.0,25.7,48,77,10.6,5.7,1.5,2.4,1.4999999999999858,1.8,0.0,31.728571428571428,37.714285714285715,87.24232132913512,255.95134021881398,428.5049498978942,4.925900208216143,254.54772341881116,24.64107834946337,test
365_54,36.5,5.4,2025-10-27,2025,300,0,matched_negative,0,,15.1,8.3,11.8,68,92,8.7,4.6,4.6,0.55,4.700000000000042,27.499999999999986,0.0,21.67142857142857,45.0,59.58815254536427,33.50579227153002,743.6309697955924,0.6181144468258746,60.227415527511205,1.6645703373761644,test
366_40,36.6,4.0,2025-08-25,2025,237,0,matched_negative,0,,39.6,24.3,31.6,14,26,13.9,5.3,0.0,6.2,0.09999999999997869,0.10000000000001422,31.0,35.52857142857143,18.428571428571427,97.83383777629611,303.9837378273577,944.5424541853233,25.542562359302796,336.9026022381652,71.45844540280966,test
367_79,36.7,7.9,2025-07-04,2025,185,0,matched_negative,0,,31.9,21.1,26.6,45,73,14.0,7.3,0.0,2.51,0.0,1.7999999999999858,15.0,32.72857142857143,41.285714285714285,91.87053402749552,222.4811184385167,472.2379095475626,11.332348198622592,222.00876505230525,42.602773996374296,test
365_80,36.5,8.0,2025-08-29,2025,241,0,matched_negative,0,,29.9,18.5,23.5,30,68,13.9,6.2,0.1,2.94,0.2,1.0000000000000355,34.0,33.67142857142857,28.142857142857142,94.39832672649443,250.67596278165811,886.8716286732708,16.05624356711315,293.7672425578022,53.7708778072146,test
366_89,36.6,8.9,2025-06-15,2025,166,0,matched_negative,0,,39.2,21.2,30.7,12,29,17.2,7.8,0.0,6.21,0.0,7.599999999999993,24.0,37.25714285714286,15.142857142857142,98.21103911989829,212.63241705359786,503.5353146489451,31.70288496318661,212.48542679637976,79.77750568325777,test
353_47,35.300000000000004,4.7,2025-09-23,2025,266,0,matched_negative,0,,32.0,20.4,25.8,21,42,23.5,8.2,0.0,3.69,0.0,5.7000000000000135,13.0,32.97142857142857,24.0,95.06406230067252,189.72562583821463,1400.0838204913673,28.54055289699066,283.43158214390274,76.13013340547579,test
359_24,35.9,2.4000000000000004,2025-08-31,2025,243,0,matched_negative,0,,33.8,19.3,25.6,9,22,18.8,8.4,0.0,4.79,0.0,2.8,7.0,32.028571428571425,16.428571428571427,98.06448701647682,177.22718709749395,917.9847714999745,33.70752648326092,239.06767777665772,83.41639248211203,test
365_73,36.5,7.300000000000001,2025-06-05,2025,156,0,matched_negative,0,,30.6,16.1,22.9,36,67,9.2,4.6,1.4,2.74,1.4000000000000035,80.0,0.0,29.985714285714288,29.857142857142858,89.4811468530024,87.06587220006388,158.48509485218895,6.32711340527773,86.76578603073105,21.36964595677588,test
367_83,36.7,8.3,2025-10-04,2025,277,0,matched_negative,0,,23.4,15.4,18.7,56,77,14.5,8.7,1.7,1.28,13.39999999999998,45.30000000000001,0.0,24.11428571428571,48.0,78.99309196831047,15.789877274012763,776.2972059407712,2.1369625646133876,30.05162993012951,4.521366122939298,test
362_37,36.2,3.7,2025-06-06,2025,157,0,matched_negative,0,,34.9,19.3,26.9,15,31,18.0,10.6,0.0,4.74,5.0999999999999925,108.10000000000001,1.0,32.214285714285715,18.142857142857142,96.81221464540404,81.0713039376827,183.5475953333298,27.410944237121015,80.98241293398306,54.58408950190961,test
365_90,36.5,9.0,2025-06-06,2025,157,0,matched_negative,0,,39.8,20.1,30.3,11,32,17.4,5.9,0.0,6.45,0.8000000000000107,40.5,15.0,36.57142857142857,14.571428571428571,98.47147179922621,129.2903277191821,346.89967918817507,33.13910032201605,133.85783203068664,74.9420586115682,test
365_44,36.5,4.4,2025-09-11,2025,254,0,matched_negative,0,,22.7,11.8,16.9,33,61,10.7,4.2,0.0,1.84,35.20000000000003,42.30000000000001,1.0,26.485714285714288,35.0,85.7412043880204,18.65722537891738,624.8599753802291,4.00419135913882,34.72256331494616,8.969202005518175,test
368_63,36.800000000000004,6.300000000000001,2025-08-01,2025,213,0,matched_negative,0,,33.1,20.2,25.9,36,62,14.6,10.6,0.0,3.14,0.19999999999999268,3.1,29.0,30.014285714285712,39.714285714285715,92.43739213479458,365.07688639433877,697.1979999999999,12.65355588960968,363.4421589963078,46.435081459257134,test
365_80,36.5,8.0,2025-06-29,2025,180,0,matched_negative,0,,29.8,17.3,23.2,43,75,13.4,6.9,0.0,2.37,0.0,3.5000000000000355,10.0,31.3,37.57142857142857,91.65392849619091,155.05395388802728,360.53896936548495,10.662554142655921,154.92525443190704,38.644163988892984,test
366_77,36.6,7.7,2025-09-01,2025,244,0,matched_negative,0,,38.8,22.0,29.3,22,48,16.7,10.2,0.0,5.38,0.5,1.3999999999999928,74.0,37.25714285714286,23.714285714285715,96.00823358685349,588.8589549289452,1023.3919999999995,23.038777908628653,584.1162883909966,67.24738744483516,test
358_5,35.800000000000004,0.5,2025-07-05,2025,186,0,matched_negative,0,,38.2,24.3,31.1,20,35,15.3,6.8,0.0,5.34,0.0,0.0,43.0,37.67142857142857,20.857142857142858,96.35268992024331,401.1898321829539,773.7262977812528,22.4916981609903,399.3606171883278,66.26314081168951,test
365_28,36.5,2.8000000000000003,2025-09-14,2025,257,0,matched_negative,0,,30.3,21.6,25.2,41,60,7.9,3.7,0.0,2.41,22.70000000000002,22.699999999999985,5.0,31.228571428571428,35.57142857142857,92.94859773640977,99.64842890694469,791.2154074303387,9.700208779816043,151.57283016800795,36.12081685558959,test
361_12,36.1,1.2000000000000002,2025-07-22,2025,203,0,matched_negative,0,,39.0,23.5,30.5,24,50,12.2,3.6,0.0,5.25,0.0,0.0,60.0,40.31428571428571,15.285714285714286,97.26644367115556,557.2656416869318,931.9576788195668,21.744583162310228,552.4859486750526,64.94202268295163,test
348_-6,34.800000000000004,-0.6000000000000001,2025-10-13,2025,286,0,matched_negative,0,,28.2,16.5,21.6,25,45,26.5,16.6,0.9,2.86,16.3,23.30000000000001,2.0,27.014285714285712,26.0,92.84267160510606,50.262418921245576,935.3277741059137,24.399163280902453,88.61932757533296,52.94079827835529,test
368_48,36.800000000000004,4.800000000000001,2025-08-19,2025,231,0,matched_negative,0,,38.1,23.6,29.3,14,31,8.8,4.7,0.0,5.74,0.0,16.600000000000016,24.0,32.31428571428571,26.857142857142858,97.54098037024346,168.04345113288414,718.3882695176853,19.002091631589007,212.0698692181525,58.65169212038316,test
364_75,36.4,7.5,2025-06-01,2025,152,0,matched_negative,0,,31.2,13.7,23.6,23,47,13.3,5.8,0.0,3.49,0.0,99.2,16.0,28.12857142857143,31.142857142857142,94.41222018853776,74.05143176626784,120.00600000000001,15.607947777828855,73.69505901820192,36.49996242632432,test
360_26,36.0,2.6,2025-07-02,2025,183,0,matched_negative,0,,33.0,20.4,26.0,25,47,16.8,9.1,0.0,3.77,0.3999999999999787,6.300000000000001,21.0,33.08571428571429,22.714285714285715,95.9066137612097,291.38911355721325,451.0764261179908,22.83873156363951,289.3625515043751,66.67101701796913,test
363_22,36.300000000000004,2.2,2025-06-03,2025,154,0,matched_negative,0,,32.7,18.7,24.8,18,46,16.2,6.6,0.5,4.05,0.5000000000000036,71.6,11.0,32.54285714285714,15.571428571428571,97.32411477268938,93.3232768426127,240.93305197390313,26.80543740940901,94.82373028729062,57.84133616778833,test
364_31,36.4,3.1,2025-06-02,2025,153,0,matched_negative,0,,31.7,18.0,23.6,15,34,19.4,12.3,0.0,3.99,0.8999999999999716,128.2,9.0,27.37142857142857,22.714285714285715,96.32766061116455,65.00494982880886,111.37927240444023,27.560183975168396,64.72102571914887,49.44458754626693,test
364_81,36.4,8.1,2025-08-15,2025,227,0,matched_negative,0,,31.2,17.3,24.2,25,52,15.0,6.3,0.0,3.36,0.0,3.6000000000000076,20.0,31.414285714285715,24.428571428571427,94.92775739171904,233.9349600575306,789.4512437956088,18.253164855262675,268.7648566392905,58.0577269128096,test
365_67,36.5,6.7,2025-06-29,2025,180,0,matched_negative,0,,32.1,17.1,24.5,32,59,17.2,7.9,0.0,3.22,0.0,0.0,36.0,33.51428571428571,27.714285714285715,93.38905744379268,240.6549350665218,382.0670379180007,16.483531795809398,239.2084509868905,54.23050914670598,test
366_62,36.6,6.2,2025-06-19,2025,170,0,matched_negative,0,,26.3,16.8,21.4,39,63,14.2,5.7,0.0,2.04,0.0,4.999999999999986,15.0,31.314285714285717,27.571428571428573,92.11422269867715,160.48811441045999,281.008,11.84847034312984,159.83395430288715,41.68690212717223,test
362_56,36.2,5.6000000000000005,2025-06-02,2025,153,0,matched_negative,0,,27.9,17.1,22.1,23,35,21.5,15.4,0.0,2.88,0.0,81.0,10.0,26.642857142857142,26.0,94.7432269143376,73.34494081687252,171.15705287453352,24.693659212555374,73.28787068198667,48.86604148110493,test
368_42,36.800000000000004,4.2,2025-08-22,2025,234,0,matched_negative,0,,30.3,18.9,24.3,46,66,15.4,5.7,0.0,2.24,0.0,3.199999999999986,28.0,35.0,24.0,91.87903798392446,254.17709228777278,875.6030595332188,12.175321172331813,294.575109644055,45.20144212863135,test
363_22,36.300000000000004,2.2,2025-07-12,2025,193,0,matched_negative,0,,34.4,21.0,26.9,19,48,22.6,6.9,0.0,4.42,0.7000000000000035,3.599999999999986,25.0,35.65714285714286,20.285714285714285,96.69884296569386,305.0917042615911,623.3670519739031,34.03999745853902,304.1624050074928,84.57021813953963,test
358_72,35.800000000000004,7.2,2025-10-24,2025,297,0,matched_negative,0,,25.9,12.1,17.7,32,63,17.7,7.5,0.0,2.27,8.200000000000014,59.3,5.0,22.957142857142856,39.0,91.66082181658865,32.22428146587666,633.7886617704083,13.255234006310284,57.180380399250026,28.92486685843077,test
368_79,36.800000000000004,7.9,2025-09-17,2025,260,0,matched_negative,0,,29.2,20.3,24.5,55,79,18.6,8.0,0.0,1.84,0.4,12.400000000000015,7.0,30.371428571428574,48.857142857142854,89.40073833479823,88.5262304197883,1023.8460737646169,10.043969940597293,145.5830790387977,36.5410874638491,test
352_3,35.2,0.30000000000000004,2025-06-03,2025,154,0,matched_negative,0,,31.1,17.0,23.2,23,54,17.5,8.2,0.0,3.45,0.1999999999999929,70.3,11.0,33.05714285714286,12.857142857142858,96.39528942261322,131.98367508695245,246.20116098353105,25.27315871619162,131.5587895836493,63.35242671326215,test
367_71,36.7,7.1000000000000005,2025-07-07,2025,188,0,matched_negative,0,,35.1,20.7,27.9,27,62,14.1,5.6,0.0,4.11,2.599999999999993,2.6,5.0,34.47142857142857,32.42857142857143,94.24675794716781,176.90582489232736,465.4607518853142,15.882984815940306,181.42651083263644,51.45998221108192,test
351_-12,35.1,-1.2000000000000002,2025-10-07,2025,280,0,matched_negative,0,,30.3,16.2,22.8,25,48,14.5,6.2,0.0,3.2,0.0,7.7,28.0,30.142857142857142,26.857142857142858,95.36669941570622,208.5519526512482,1375.917444557453,18.90007607441633,302.48318572848285,59.48519984679179,test
363_27,36.300000000000004,2.7,2025-07-26,2025,207,0,matched_negative,0,,27.1,17.1,21.6,39,69,16.4,8.8,0.0,2.18,1.0999999999999859,3.8000000000000145,1.0,32.371428571428574,33.285714285714285,90.15175922919177,264.3862504012355,667.1405601562955,10.011907636637213,265.615495249467,39.75254927787729,test
363_56,36.300000000000004,5.6000000000000005,2025-09-08,2025,251,0,matched_negative,0,,28.4,19.1,23.8,35,53,25.9,12.8,2.3,2.51,4.699999999999999,5.399999999999986,0.0,31.02857142857143,24.857142857142858,88.54167505236659,123.85588649027456,1014.6108264097998,12.82638739847893,189.79116005876023,45.295517010021626,test
364_81,36.4,8.1,2025-08-04,2025,216,0,matched_negative,0,,27.3,15.5,20.7,37,69,15.7,7.7,0.0,2.2,0.0,3.9000000000000075,9.0,28.25714285714286,35.857142857142854,92.51229610152097,177.8669102555306,694.2892437956087,13.516526818793883,216.8495118301706,47.55681557216008,test
369_45,36.9,4.5,2025-06-03,2025,154,0,matched_negative,0,,27.4,21.5,24.1,49,72,11.2,6.6,0.0,1.35,0.0,85.60000000000001,10.0,28.014285714285712,47.285714285714285,90.04971449453072,48.437560018260996,187.60786224343445,7.592304410956313,58.87408623734473,19.853493989273865,test
363_52,36.300000000000004,5.2,2025-07-26,2025,207,0,matched_negative,0,,20.5,14.1,17.7,66,83,13.4,8.9,1.1,0.8,1.2000000000000144,12.499999999999988,0.0,33.857142857142854,17.0,83.98189666115974,223.70688044186275,615.2144413857889,3.6063749761651165,234.36331144923392,19.631479350485982,test
368_70,36.800000000000004,7.0,2025-08-13,2025,225,0,matched_negative,0,,31.4,17.5,24.2,30,69,13.2,6.2,0.0,3.16,0.0,0.8999999999999859,89.0,31.52857142857143,32.285714285714285,93.0427920232971,429.51192626287906,780.506,12.837988956075879,427.0119513209942,46.88521642157604,test
346_-17,34.6,-1.7000000000000002,2025-09-01,2025,244,0,matched_negative,0,,25.6,16.4,20.4,35,49,16.4,7.7,0.0,2.12,0.39999999999999336,5.999999999999993,7.0,30.071428571428573,21.142857142857142,93.35099445715201,165.24565927525921,1082.8285329626215,15.748400415538764,239.2240251796604,52.716745693089536,test
365_50,36.5,5.0,2025-09-08,2025,251,0,matched_negative,0,,29.2,20.0,23.0,36,61,20.4,9.9,5.2,2.61,13.200000000000014,23.900000000000013,0.0,29.499999999999996,33.42857142857143,84.54455701352363,44.080821889978175,782.3367427603634,5.535188118955982,77.27629703665154,18.224517364081443,test
366_42,36.6,4.2,2025-09-20,2025,263,0,matched_negative,0,,33.4,18.8,25.4,29,55,11.9,4.3,0.0,3.63,0.0,32.1,11.0,32.2,32.857142857142854,93.55571033810585,129.45649624794214,782.7088833625774,12.916724063595707,183.1730252942375,45.25088632541365,test
368_44,36.800000000000004,4.4,2025-10-17,2025,290,0,matched_negative,0,,20.2,9.8,15.0,58,83,12.2,4.8,0.0,0.99,9.899999999999999,38.69999999999999,1.0,23.37142857142857,47.142857142857146,79.10132827472087,33.112721544045506,627.1218956701406,1.9227072716528617,58.50290037716401,6.461968846450409,test
368_77,36.800000000000004,7.7,2025-06-03,2025,154,0,matched_negative,0,,38.4,21.1,28.8,14,35,15.0,6.1,0.0,5.78,0.0,47.899999999999984,18.0,32.81428571428571,22.571428571428573,97.66265801150429,112.44006614509803,297.59178213067474,26.393257827095805,115.64439357397885,62.179087454787734,test
365_17,36.5,1.7000000000000002,2025-08-10,2025,222,0,matched_negative,0,,28.7,19.2,23.2,42,61,14.3,8.6,0.0,2.17,0.0,6.5,16.0,33.67142857142857,24.285714285714285,92.09143947083514,172.80995328845773,795.6713493123269,11.870058628241374,223.9966614931819,43.91674358782461,test
369_66,36.9,6.6000000000000005,2025-10-22,2025,295,0,matched_negative,0,,26.4,17.1,20.9,50,80,16.7,10.4,1.4,1.74,10.799999999999986,36.000000000000014,0.0,24.028571428571432,57.0,85.5244492337277,36.245647681587315,840.3360007524295,5.256442596431916,65.43534817709292,16.007206773619988,test
360_16,36.0,1.6,2025-09-22,2025,265,0,matched_negative,0,,29.3,22.1,24.9,34,49,18.2,11.4,1.8,2.7,1.8,11.8,0.0,32.9,23.142857142857142,89.40752397893286,123.86127481661802,1152.7191532470235,9.853139920382233,195.26800376781563,38.385140421345135,test
346_-7,34.6,-0.7000000000000001,2025-10-23,2025,296,0,matched_negative,0,,27.5,10.9,18.7,19,50,17.7,7.8,0.0,2.95,1.9999999999999964,22.8,6.0,23.085714285714285,31.714285714285715,94.53596717822182,73.61810276267751,929.1522022823365,19.817244145321894,122.89360121181137,53.32249138544969,test
365_73,36.5,7.300000000000001,2025-10-18,2025,291,0,matched_negative,0,,22.0,13.8,16.3,51,84,13.9,2.8,11.3,1.3,18.500000000000004,68.7,0.0,24.599999999999998,40.285714285714285,65.43196730889892,14.854437065065266,679.691803015673,1.0806453037351438,28.1697717748073,1.754867338147343,test
366_43,36.6,4.3,2025-09-24,2025,267,0,matched_negative,0,,21.8,14.4,17.6,55,80,13.6,5.0,0.6,1.18,17.3,68.0,1.0,27.814285714285713,39.57142857142857,79.57329379259656,51.23464821257573,547.8868259460047,2.1604864633547063,83.05293331839457,9.02467991753918,test
367_70,36.7,7.0,2025-07-12,2025,193,0,matched_negative,0,,36.7,19.4,28.2,25,52,14.6,5.3,0.0,4.59,0.19999999999999646,2.3999999999999932,10.0,33.92857142857143,33.714285714285715,94.97393066148217,195.8614660050921,524.7141192187001,18.00250967859429,202.63119200224477,56.46717290385531,test
366_68,36.6,6.800000000000001,2025-07-17,2025,198,0,matched_negative,0,,34.7,20.2,27.8,24,51,13.8,7.0,0.0,4.14,0.2999999999999644,0.7999999999999716,42.0,35.614285714285714,29.428571428571427,94.83977320871828,382.31030531905947,579.0769196727143,16.97601458872578,379.08691413502146,55.805242036911615,test
363_77,36.300000000000004,7.7,2025-07-08,2025,189,0,matched_negative,0,,31.2,20.2,24.7,39,68,16.9,7.9,0.2,2.75,0.6999999999999857,0.7000000000000071,44.0,32.5,29.142857142857142,93.11925292341701,281.33311731794515,449.9345205635926,15.635634894263942,279.53771037717047,52.82806654440172,test
349_-21,34.9,-2.1,2025-10-31,2025,304,0,matched_negative,0,,24.7,13.1,17.6,43,78,12.3,5.5,0.0,1.76,6.0999999999999925,13.300000000000006,1.0,25.7,40.714285714285715,87.79954827367479,78.01088670368235,942.6898970342495,5.811280915455032,129.2765554155064,24.24830405446949,test
347_-5,34.7,-0.5,2025-06-22,2025,173,0,matched_negative,0,,34.1,19.7,27.2,12,23,20.6,7.9,0.0,4.72,0.0,5.700000000000007,9.0,31.985714285714284,16.142857142857142,97.48526815995548,261.29692663392245,469.6568688199817,34.18380961723325,260.10091733405375,84.43597005016544,test
365_38,36.5,3.8000000000000003,2025-09-11,2025,254,0,matched_negative,0,,29.9,15.6,22.1,24,59,11.9,5.3,0.0,3.2,12.300000000000022,15.5,2.0,33.6,27.571428571428573,93.7310753967617,76.30918411525316,973.0739333405221,13.235733937673153,127.60179769956514,41.88411568431616,test
365_43,36.5,4.3,2025-09-13,2025,256,0,matched_negative,0,,29.4,15.9,22.3,29,50,9.2,5.5,0.0,2.89,30.90000000000002,41.0,3.0,27.071428571428573,38.0,92.64543577991688,26.139112996229578,656.8744663883687,9.925473993976835,47.54801151007353,21.565580482349056,test
365_19,36.5,1.9000000000000001,2025-08-24,2025,236,0,matched_negative,0,,36.0,20.4,27.9,13,32,12.9,7.2,0.3,5.17,0.8000000000000214,1.6000000000000072,30.0,33.271428571428565,20.285714285714285,97.42940639891486,237.71877741812156,821.198830849416,23.019119011249945,275.8247472270832,66.90590503467097,test
365_37,36.5,3.7,2025-09-18,2025,261,0,matched_negative,0,,33.3,18.8,25.1,29,62,13.5,6.4,0.0,3.52,0.0,18.10000000000001,9.0,34.77142857142857,27.428571428571427,93.59390669537798,131.72337055621492,925.5701543241462,14.075910654912645,194.3123777670611,48.195925883161344,test
364_83,36.4,8.3,2025-08-18,2025,230,0,matched_negative,0,,32.1,19.9,25.0,35,59,16.6,8.5,0.0,3.13,0.0,2.1,24.0,31.78571428571428,30.285714285714285,93.3651418458564,434.4332605453301,902.5651183037829,15.93935270896687,432.94771486382695,53.68854439954848,test
369_66,36.9,6.6000000000000005,2025-06-24,2025,175,0,matched_negative,0,,31.9,19.0,25.5,41,66,12.2,6.8,0.0,2.63,0.0,0.0,39.0,29.54285714285714,45.0,90.99781915206096,157.2998507085001,362.9632998702925,9.1430727239819,157.15491636034596,35.06884813712674,test
357_65,35.7,6.5,2025-09-11,2025,254,0,matched_negative,0,,27.5,14.1,20.7,34,64,12.0,5.3,0.0,2.42,6.1000000000000245,10.099999999999993,1.0,31.942857142857143,27.0,90.40804950391374,132.0746491027775,1175.6775771475902,8.320549472699597,206.23002189655028,34.59145597885187,test
368_83,36.800000000000004,8.3,2025-06-16,2025,167,0,matched_negative,0,,36.3,18.5,26.5,21,53,10.8,4.7,0.0,4.74,0.0,3.7,23.0,32.528571428571425,34.0,95.8104212651601,148.36172899505215,275.3683653023135,16.661105305944186,147.86453834384287,50.73646151251543,test
369_69,36.9,6.9,2025-09-26,2025,269,0,matched_negative,0,,25.6,18.4,20.9,63,88,7.7,3.8,3.1,1.22,9.399999999999986,22.60000000000003,0.0,28.75714285714286,53.285714285714285,70.92122240294871,61.3181267071709,1008.6143574400942,0.9503176798417992,106.45636978681502,4.962094362977403,test
361_44,36.1,4.4,2025-10-31,2025,304,0,matched_negative,0,,22.4,9.9,16.2,53,79,8.5,5.0,0.0,1.27,10.799999999999992,26.200000000000017,1.0,23.97142857142857,39.857142857142854,84.34867941818348,31.715397374353426,700.028298032642,2.9593693911072934,56.97728032668527,9.331528295019046,test
365_39,36.5,3.9000000000000004,2025-09-02,2025,245,0,matched_negative,0,,27.5,17.5,21.8,38,66,15.2,6.7,0.4,2.25,3.1999999999999966,4.5,1.0,33.3,21.571428571428573,92.48707780359848,132.77670618841165,1027.9356713269426,13.133529264614786,200.73266739941062,46.32330547330387,test
365_30,36.5,3.0,2025-07-15,2025,196,0,matched_negative,0,,30.2,23.2,27.0,35,63,14.3,6.8,0.0,2.53,0.4999999999999716,0.4999999999999929,52.0,33.028571428571425,35.142857142857146,93.70011542965047,314.8819853138938,542.2101145682158,14.873073318405362,313.0940405699298,51.32794972418073,test
366_53,36.6,5.300000000000001,2025-10-11,2025,284,0,matched_negative,0,,24.5,15.5,19.3,39,69,11.2,6.9,0.3,1.88,15.300000000000015,69.69999999999999,1.0,22.557142857142857,45.857142857142854,87.57301478545183,14.2381871529145,500.2568792790788,5.3226058305284285,26.584752719441035,9.805128452224002,test
344_59,34.4,5.9,2025-08-15,2025,227,0,matched_negative,0,,39.7,29.1,34.7,18,25,17.3,9.2,0.0,5.93,0.0,0.1,83.0,38.25714285714286,19.571428571428573,97.21549375645303,758.1402835415465,1364.143847075278,27.92616415792891,751.6161454531778,75.43955403221186,test
352_74,35.2,7.4,2025-09-06,2025,249,0,matched_negative,0,,31.6,20.7,24.7,24,45,18.2,10.5,0.5,3.52,4.300000000000003,9.6,1.0,30.185714285714287,27.571428571428573,94.27383606619458,147.55288099641402,1098.7218667745205,19.601160761758013,220.93094486644404,59.99350444046646,test
361_12,36.1,1.2000000000000002,2025-09-10,2025,253,0,matched_negative,0,,29.9,19.8,23.8,31,55,23.2,14.3,0.2,2.86,6.0999999999999845,6.100000000000004,1.0,36.32857142857143,23.714285714285715,92.05250452320942,108.22836909775543,1230.9304175511224,18.48552961808684,177.45117901547488,56.32697990614734,test
366_73,36.6,7.300000000000001,2025-09-02,2025,245,0,matched_negative,0,,27.9,21.0,24.1,47,68,16.2,7.0,2.0,1.96,2.6999999999999718,2.7,0.0,34.8,27.142857142857142,85.5576124954241,150.95579779726503,1010.2099999999992,5.14937649025049,219.7998155778753,25.15180084157864,test
356_-7,35.6,-0.7000000000000001,2025-10-05,2025,278,0,matched_negative,0,,32.5,17.5,23.8,23,56,13.8,7.0,0.0,3.74,1.3999999999999788,18.500000000000004,5.0,29.47142857142857,35.285714285714285,94.72866410430731,180.83001772344696,1134.9932040246772,16.718943149608446,258.64148112762484,54.92218981326252,test
365_48,36.5,4.800000000000001,2025-08-11,2025,223,0,matched_negative,0,,30.9,18.1,24.2,28,50,18.1,8.1,0.0,3.23,0.0,1.8000000000000076,17.0,33.3,19.285714285714285,95.06796447438788,373.35518697104555,874.1952921349433,21.753052674067792,372.94089677770825,64.92571943478059,test
363_85,36.300000000000004,8.5,2025-10-21,2025,294,0,matched_negative,0,,23.1,13.7,17.6,37,58,12.8,8.9,0.0,1.79,42.80000000000001,89.80000000000001,2.0,20.885714285714283,46.714285714285715,88.73054132195468,11.683859227534516,489.82367375053605,6.810770062203507,22.052652921604583,10.876042259970962,test
360_28,36.0,2.8000000000000003,2025-10-12,2025,285,0,matched_negative,0,,26.7,12.9,20.0,29,51,16.6,10.4,0.0,2.5,1.0000000000000036,9.200000000000001,16.0,25.942857142857147,28.571428571428573,92.29183280817634,136.17995040014893,1150.421003399976,13.711070638253263,210.16477999129086,47.843040664755904,test
356_62,35.6,6.2,2025-09-19,2025,262,0,matched_negative,0,,28.3,15.8,21.9,25,50,16.2,6.3,0.0,2.84,0.0,15.4,9.0,30.114285714285717,21.0,95.16298957019823,120.3111247537014,1124.501416342206,20.02561353140154,189.84354434970427,59.78668185369355,test
369_47,36.9,4.7,2025-08-28,2025,240,0,matched_negative,0,,31.8,25.6,28.6,33,54,26.2,12.0,0.0,2.87,0.0,0.0,34.0,34.385714285714286,37.285714285714285,94.30320085524524,222.57283994457842,867.1719405987158,29.452088314996438,271.15534383692784,77.46464192426849,test
367_34,36.7,3.4000000000000004,2025-06-06,2025,157,0,matched_negative,0,,26.0,18.8,21.8,70,89,9.3,4.1,0.0,0.95,0.0,101.4,13.0,27.199999999999996,56.57142857142857,86.53234025731317,62.59240297003688,196.3031622115872,4.17078562355012,69.65781172150803,13.884322337629419,test
363_33,36.300000000000004,3.3000000000000003,2025-08-19,2025,231,0,matched_negative,0,,40.0,20.3,29.4,8,25,21.2,9.0,0.0,6.79,0.0,1.5,25.0,35.55714285714286,14.857142857142858,99.07817096488995,464.0915597913517,998.4375066830145,43.445131786266764,462.74988167881196,97.63561775733125,test
351_-14,35.1,-1.4000000000000001,2025-06-14,2025,165,0,matched_negative,0,,34.1,18.5,24.1,37,78,18.5,9.2,0.0,3.37,0.0,0.4999999999999929,30.0,32.84285714285714,38.142857142857146,92.47969477397952,214.40366351409054,533.8563153605602,15.493429934486151,214.3926179893593,51.75263057293912,test
351_-7,35.1,-0.7000000000000001,2025-10-31,2025,304,0,matched_negative,0,,27.4,12.7,18.9,31,68,15.2,6.7,0.0,2.52,4.099999999999997,6.799999999999997,2.0,26.842857142857138,35.142857142857146,92.05452598470082,139.92384458037944,1354.4016671010409,12.356150343130945,222.40562628816272,45.027556791063304,test
368_40,36.800000000000004,4.0,2025-10-04,2025,277,0,matched_negative,0,,24.2,10.1,16.6,34,67,10.3,3.3,0.0,1.93,3.199999999999977,41.599999999999994,3.0,22.900000000000002,39.857142857142854,90.69608842208415,37.7381138016632,744.3633792201832,7.958333182031625,66.98600152778319,21.971184209238135,test
365_20,36.5,2.0,2025-06-22,2025,173,0,matched_negative,0,,31.7,22.4,26.4,25,40,13.4,6.8,0.0,3.3,0.0,1.8,29.0,29.2,38.714285714285715,94.10916113388996,153.78106303071516,342.8096211850615,15.043497321226146,153.57967922258268,48.05841830835661,test
366_57,36.6,5.7,2025-07-13,2025,194,0,matched_negative,0,,27.7,20.6,24.1,50,70,17.9,7.7,0.1,1.52,0.40000000000002134,5.9000000000000075,10.0,28.285714285714285,53.57142857142857,89.70259988679987,132.6832233875274,455.82990571145746,10.124942165359279,153.59508736618596,37.27986577060412,test
353_-13,35.300000000000004,-1.3,2025-07-26,2025,207,0,matched_negative,0,,31.8,21.6,26.6,42,62,23.9,14.6,0.0,2.56,0.5999999999999929,0.7000000000000142,72.0,29.599999999999998,43.0,90.71530889492756,287.6926871785189,687.4328364116286,15.835707795733773,287.50161961354615,53.28561557553451,test
367_60,36.7,6.0,2025-08-28,2025,240,0,matched_negative,0,,32.1,23.5,27.2,38,58,16.4,7.5,0.0,2.69,0.4,0.40000000000001423,33.0,34.542857142857144,34.57142857142857,93.60688397823954,240.22414548114625,877.82699633673,16.3201764210211,285.2773850415285,54.28048223581063,test
368_84,36.800000000000004,8.4,2025-10-15,2025,288,0,matched_negative,0,,26.1,17.7,19.6,57,81,16.5,6.9,24.0,1.44,30.499999999999996,79.99999999999999,0.0,27.657142857142855,47.142857142857146,66.83059207103298,10.8795603726527,531.4931210389566,1.2963204407030284,20.69981768344401,1.696287015411689,test
367_62,36.7,6.2,2025-08-23,2025,235,0,matched_negative,0,,31.1,18.1,24.0,33,66,11.9,6.0,0.0,3.01,0.0,2.5999999999999717,29.0,32.114285714285714,28.142857142857142,92.38298038683824,263.7270792822135,863.8523533422833,10.959644975961268,299.1409368199162,42.278703280166994,test
350_65,35.0,6.5,2025-07-28,2025,209,0,matched_negative,0,,29.2,19.8,25.2,29,36,18.4,9.5,0.0,2.82,0.1,5.1000000000000005,24.0,34.57142857142857,17.857142857142858,94.45030706493377,340.84283986924635,778.1407403015484,20.28783451764057,340.3452073992015,62.20312982113599,test
366_72,36.6,7.2,2025-06-29,2025,180,0,matched_negative,0,,32.0,17.1,24.5,34,62,12.9,6.4,0.0,3.08,0.0,4.1,22.0,33.614285714285714,29.142857142857142,93.43466510115397,245.6206923410273,384.36600000000004,13.357068499368472,244.08467335416617,47.60563295741492,test
366_81,36.6,8.1,2025-10-18,2025,291,0,matched_negative,0,,21.0,14.9,17.0,67,89,11.6,4.2,3.2,0.81,12.300000000000004,51.900000000000006,0.0,24.642857142857142,48.0,68.54405248318824,15.547448038220507,775.4100892704475,1.0716327929634841,29.61061841007925,1.8340452990813294,test
365_31,36.5,3.1,2025-10-02,2025,275,0,matched_negative,0,,23.1,13.4,17.9,35,64,14.9,8.7,0.0,1.83,1.8999999999999582,41.8,1.0,25.285714285714285,37.142857142857146,89.03765035655752,73.3284351777699,754.5069380461484,7.912258506312364,117.98925083147553,28.935657893595632,test
362_78,36.2,7.800000000000001,2025-08-04,2025,216,0,matched_negative,0,,27.1,15.7,20.6,29,61,20.0,13.2,0.0,2.47,0.0,3.099999999999993,10.0,28.75714285714286,31.428571428571427,93.57318917936551,335.5179856583885,720.7979393723884,19.474690671952164,334.70823771923517,60.663567643237776,test
366_27,36.6,2.7,2025-06-19,2025,170,0,matched_negative,0,,29.9,18.5,24.2,36,63,17.6,8.6,0.0,2.67,0.0,4.1,27.0,30.95714285714286,42.714285714285715,92.01941640608693,131.15999122271725,397.81216025782544,13.87553309273894,143.79541609675053,44.85816841194921,test
364_11,36.4,1.1,2025-10-28,2025,301,0,matched_negative,0,,22.6,9.1,15.5,34,69,7.2,4.4,0.0,1.8,9.4,25.09999999999999,1.0,25.314285714285717,37.857142857142854,88.5714084469773,56.27845035428781,983.6173196402068,5.020246380734758,98.47157607386723,19.31893154770177,test
364_67,36.4,6.7,2025-10-10,2025,283,0,matched_negative,0,,23.8,11.5,16.3,33,69,11.2,6.3,1.5,1.98,3.600000000000023,46.8,0.0,21.62857142857143,34.42857142857143,87.29135744982796,31.64920447945848,682.2572128393283,5.1127409086980045,56.720406848025405,14.479305727956993,test
345_68,34.5,6.800000000000001,2025-07-05,2025,186,0,matched_negative,0,,37.8,27.0,33.5,20,26,28.4,10.0,0.0,5.26,0.0,0.0,42.0,38.84285714285714,19.285714285714285,97.66465250503204,441.1949417287845,962.1594191428158,51.86265489138057,440.0696577422127,108.02600455099528,test
359_72,35.9,7.2,2025-09-25,2025,268,0,matched_negative,0,,26.7,12.5,17.5,35,76,17.9,7.2,4.5,2.28,9.099999999999996,17.8,0.0,27.814285714285713,29.857142857142858,82.79087124342635,64.49290961475174,995.4564748656979,3.874916682674476,111.00632649853866,16.941783158982258,test
348_-14,34.800000000000004,-1.4000000000000001,2025-07-24,2025,205,0,matched_negative,0,,33.1,19.6,25.3,19,50,10.1,5.6,0.7,4.01,1.2000000000000106,4.800000000000007,18.0,33.27142857142857,18.0,95.42874550590706,383.27322922452714,671.792170748193,15.270286286625957,380.9564160525075,52.261359463730116,test
362_38,36.2,3.8000000000000003,2025-07-17,2025,198,0,matched_negative,0,,34.8,18.9,26.6,14,41,20.2,6.8,0.0,4.65,2.6999999999999784,2.9000000000000066,5.0,35.800000000000004,17.714285714285715,97.07532008926636,172.65985690773766,636.8381998127072,31.721444120674803,205.81683407605777,79.5587071126596,test
366_63,36.6,6.300000000000001,2025-08-12,2025,224,0,matched_negative,0,,31.8,18.9,25.2,28,51,14.8,5.9,0.0,3.37,0.1999999999999858,0.5999999999999859,40.0,33.68571428571428,21.428571428571427,95.17028278348579,345.608131521319,791.5210642174552,18.68018248166992,345.1173121564555,59.15394679460805,test
360_26,36.0,2.6,2025-09-23,2025,266,0,matched_negative,0,,26.6,15.6,19.8,33,68,16.3,8.0,0.8,2.32,9.999999999999979,33.0,1.0,29.928571428571427,25.0,89.9135853415089,57.66647064450955,811.3144978806106,9.627487181955932,97.93111451548175,30.40281515121357,test
370_77,37.0,7.7,2025-10-16,2025,289,0,matched_negative,0,,22.7,18.0,19.7,71,87,19.5,10.5,1.8,0.8,13.399999999999979,43.39999999999999,0.0,26.599999999999998,54.42857142857143,74.37015457895247,28.35014924845307,842.5461585615963,1.9795352088230125,52.30073633129291,6.155007632483932,test
365_31,36.5,3.1,2025-10-31,2025,304,0,matched_negative,0,,22.9,11.0,16.5,50,78,9.6,5.8,0.0,1.4,28.69999999999996,44.900000000000006,1.0,23.414285714285715,44.0,83.80146100418779,16.3532983637856,625.0752231516982,2.9073960654230526,30.698736029050437,6.234698885559844,test
368_34,36.800000000000004,3.4000000000000004,2025-10-02,2025,275,0,matched_negative,0,,25.8,18.6,22.5,41,59,15.8,9.9,0.0,1.95,2.1,45.800000000000004,6.0,27.185714285714283,46.285714285714285,89.82168855390309,52.387307246286966,736.2236554445881,9.265118083274514,88.9509548968442,28.257179057001657,test
359_71,35.9,7.1000000000000005,2025-06-07,2025,158,0,matched_negative,0,,31.4,16.8,23.7,16,32,17.9,8.6,0.3,3.84,0.39999999999998626,42.8,15.0,29.114285714285717,16.285714285714285,96.47312826091459,111.56397299728025,253.93074777942397,26.05935612780253,111.45029197418832,60.82815708944998,test
363_79,36.300000000000004,7.9,2025-06-18,2025,169,0,matched_negative,0,,26.5,16.6,20.8,36,60,20.5,11.2,0.0,2.21,0.0,9.200000000000015,24.0,30.271428571428572,27.714285714285715,92.89155675585383,137.41233014492735,252.98576867952795,18.157165807458533,136.9471288063841,52.36010282659423,test
367_76,36.7,7.6000000000000005,2025-09-28,2025,271,0,matched_negative,0,,28.4,15.2,21.1,28,62,10.5,4.6,0.0,2.76,21.1,27.400000000000006,1.0,28.357142857142858,42.857142857142854,91.95510996246925,40.11066691335526,977.4220141369105,9.614421524245785,72.75697654405239,26.177962977481595,test
355_-6,35.5,-0.6000000000000001,2025-10-02,2025,275,0,matched_negative,0,,29.0,17.4,22.2,36,71,16.2,6.2,0.0,2.56,0.30000000000001426,9.6,23.0,29.74285714285714,35.57142857142857,91.41759491033652,183.5870800431803,1211.6029127313116,11.873211544104024,266.2978017338747,44.35700877528333,test
365_73,36.5,7.300000000000001,2025-06-18,2025,169,0,matched_negative,0,,28.3,15.1,21.6,33,62,15.9,7.9,0.0,2.51,0.0,8.7,13.0,32.84285714285714,21.428571428571427,93.76906308639975,175.62565867406389,278.9310948521889,16.277098452663065,174.6945387911936,51.912958285099954,test
360_17,36.0,1.7000000000000002,2025-10-15,2025,288,0,matched_negative,0,,21.7,12.6,16.9,50,79,13.1,6.2,0.0,1.28,15.999999999999993,28.199999999999992,2.0,24.771428571428572,33.857142857142854,89.38373496414303,41.25302504793201,929.1544364117069,7.594220044035884,74.26312890630192,22.4269249895242,test
359_21,35.9,2.1,2025-10-03,2025,276,0,matched_negative,0,,20.7,8.9,15.0,30,49,14.1,6.8,0.0,1.71,2.3999999999999844,32.4,3.0,20.7,33.0,90.98186981814727,63.64475427382461,850.6145354559901,10.038871638757097,107.23132911524395,32.60296962997048,test
349_-19,34.9,-1.9000000000000001,2025-09-13,2025,256,0,matched_negative,0,,31.0,16.8,22.8,22,55,14.7,6.9,0.0,3.39,24.799999999999994,25.0,4.0,29.12857142857143,31.714285714285715,94.69919320174101,62.87969609741648,821.7107287892435,17.423897828816862,105.56419393155409,46.329825320489554,test
368_44,36.800000000000004,4.4,2025-07-10,2025,191,0,matched_negative,0,,31.0,18.8,24.4,39,55,10.0,5.2,0.0,2.73,0.0,0.0,47.0,30.0,44.0,91.06433814325165,227.44755267873234,453.4459598672148,8.261572281675269,226.77462414153533,34.7453198182213,test
362_50,36.2,5.0,2025-09-23,2025,266,0,matched_negative,0,,26.8,14.9,18.9,33,70,21.5,6.5,6.8,2.3,15.799999999999994,31.2,0.0,29.214285714285715,26.285714285714285,81.50435948485428,38.37363912841886,862.0495720750996,3.9700357169015494,69.06167657994402,13.293759350968722,test
357_75,35.7,7.5,2025-06-16,2025,167,0,matched_negative,0,,33.9,18.1,27.2,12,23,14.4,7.7,0.0,4.62,0.0,12.5,11.0,33.042857142857144,10.714285714285714,98.53673904482622,175.5125364050306,403.1224406080271,28.734664598048845,175.33585906801216,73.42012377968321,test
363_19,36.300000000000004,1.9000000000000001,2025-06-08,2025,159,0,matched_negative,0,,40.8,24.5,32.2,13,29,27.3,7.1,0.0,6.71,0.0,42.2,16.0,37.75714285714285,15.285714285714286,98.23682879393955,189.2275078359287,470.770823367331,52.91787528513979,189.21627185422798,105.948907501691,test
352_88,35.2,8.8,2025-07-05,2025,186,0,matched_negative,0,,33.0,18.9,26.6,23,46,10.7,4.4,0.0,3.83,17.299999999999994,17.300000000000004,2.0,34.57142857142857,21.714285714285715,94.76370962289037,69.56304491382309,527.8744531961504,14.37008313713968,104.64945202437082,40.80927336334872,test
365_35,36.5,3.5,2025-09-25,2025,268,0,matched_negative,0,,24.4,16.1,19.1,49,79,10.7,3.9,10.2,1.54,20.199999999999985,38.09999999999999,0.0,28.45714285714286,38.142857142857146,67.77064915668049,39.692539501643346,721.7299096089037,0.9988623052814672,69.78963417540868,3.77231657841077,test
369_-23,36.9,-2.3000000000000003,2025-08-18,2025,230,0,matched_negative,0,,38.0,26.1,32.4,17,27,15.5,6.4,0.0,5.44,0.0,1.8000000000000071,24.0,35.528571428571425,19.428571428571427,96.95507120533874,306.6746455807081,1016.6915710510527,24.633073672941023,349.66618952612265,69.94556506043716,test
363_19,36.300000000000004,1.9000000000000001,2025-10-23,2025,296,0,matched_negative,0,,30.4,16.4,22.8,30,56,24.8,13.0,0.0,3.03,1.8999999999999984,7.3,6.0,27.571428571428566,31.0,92.81395824936978,176.66042689558725,1468.2165606466945,22.30603015730203,271.6164833540431,65.61765344187978,test
364_21,36.4,2.1,2025-07-09,2025,190,0,matched_negative,0,,33.0,18.8,25.6,35,62,11.3,5.7,0.0,3.21,1.1000000000000036,7.800000000000001,22.0,32.6,30.714285714285715,93.89597664492669,247.78876052740281,504.8182860478202,13.139004045047376,247.0990224243316,47.14470513956941,test
359_15,35.9,1.5,2025-09-30,2025,273,0,matched_negative,0,,29.9,16.1,22.9,22,52,14.7,9.0,0.0,3.28,3.3000000000000074,14.500000000000002,5.0,28.328571428571426,27.571428571428573,94.49251104978084,116.80289489394819,1173.20173794491,16.935222710787084,187.0495766923114,53.80983773225303,test
355_61,35.5,6.1000000000000005,2025-10-20,2025,293,0,matched_negative,0,,18.8,9.7,13.6,51,77,22.6,12.9,0.0,1.06,9.200000000000014,44.89999999999999,1.0,19.8,46.142857142857146,84.02956428268182,50.89539433367266,850.4895684797826,5.769861518639228,88.54405225147362,20.214905695448145,test
367_67,36.7,6.7,2025-09-09,2025,252,0,matched_negative,0,,36.7,23.2,27.4,21,54,24.1,7.2,0.1,4.86,2.499999999999997,3.7000000000000144,2.0,35.142857142857146,25.285714285714285,96.55508110284173,679.9198182178618,1135.7298802337548,36.01068354894844,673.2711126580534,87.59628509831451,test
368_67,36.800000000000004,6.7,2025-06-26,2025,177,0,matched_negative,0,,35.9,19.3,26.8,31,64,10.0,4.5,0.0,4.09,0.0,0.0,38.0,34.7,27.428571428571427,95.39584878442356,226.8470917033826,364.043165421643,15.125555839037915,225.54968131353732,51.20275127017601,test
366_66,36.6,6.6000000000000005,2025-06-19,2025,170,0,matched_negative,0,,28.2,14.9,21.3,36,68,16.9,8.0,0.0,2.43,0.0,8.300000000000013,14.0,31.771428571428572,25.714285714285715,92.92450161327045,155.60566206058618,282.934,15.214974797148228,155.04212983864755,48.51647071260749,test
368_64,36.800000000000004,6.4,2025-06-22,2025,173,0,matched_negative,0,,32.9,17.0,24.6,30,63,8.1,4.9,0.0,3.5,0.0,1.4999999999999858,29.0,30.757142857142856,36.57142857142857,94.025716489956,170.76692846396136,311.6328090687114,11.385311435725296,170.13890757354895,41.18735540872429,test
365_90,36.5,9.0,2025-07-06,2025,187,0,matched_negative,0,,38.9,24.2,31.1,18,44,15.4,5.6,0.0,5.61,0.0,0.4,45.0,38.357142857142854,18.0,98.1672156970587,368.2861742051822,651.339679188175,28.78731966901368,366.16451754811436,76.76587751207079,test
364_66,36.4,6.6000000000000005,2025-08-01,2025,213,0,matched_negative,0,,33.0,18.4,25.2,29,50,16.6,6.3,0.0,3.54,2.2000000000000144,3.999999999999993,6.0,29.885714285714283,30.857142857142858,94.24896670593164,172.91628552035792,830.7849291477993,18.020835687896348,227.47053166057526,57.108761022514294,test
363_72,36.300000000000004,7.2,2025-07-25,2025,206,0,matched_negative,0,,32.2,19.1,26.0,13,44,25.2,14.9,0.6,4.08,0.7000000000000035,5.899999999999992,13.0,38.31428571428571,13.285714285714286,96.95970208076436,244.2771343389656,654.5370623228439,40.184940506036114,252.74211134924283,92.65606088206495,test
355_62,35.5,6.2,2025-09-19,2025,262,0,matched_negative,0,,27.2,14.5,20.5,26,51,13.9,6.1,0.0,2.64,0.0,9.600000000000001,9.0,28.8,22.0,94.81362706160877,167.70769479231265,1099.4631984051202,17.00064838551484,242.8188589607012,55.32419284161949,test
367_31,36.7,3.1,2025-10-04,2025,277,0,matched_negative,0,,28.4,16.4,23.0,31,54,8.4,3.1,0.0,2.67,0.3999999999999858,18.999999999999986,9.0,27.87142857142857,37.857142857142854,92.11627229778449,90.50319701194917,1028.771607290376,8.848308341681665,148.37438012336239,33.7945447746837,test
362_27,36.2,2.7,2025-08-28,2025,240,0,matched_negative,0,,31.3,20.4,25.3,21,44,19.7,11.0,0.0,3.61,0.39999999999998226,1.6999999999999966,97.0,35.52857142857143,16.285714285714285,96.67379460619308,630.6155661767343,1028.234657334905,29.313378294865295,624.4019983517296,77.63622376009128,test
353_61,35.300000000000004,6.1000000000000005,2025-07-26,2025,207,0,matched_negative,0,,26.2,15.3,20.9,29,48,22.1,11.7,0.5,2.42,1.1999999999999929,5.300000000000001,24.0,31.185714285714283,13.142857142857142,94.4345229516908,295.00032323050624,631.2117630496996,24.392801757978958,294.3184820272663,69.38687725538448,test
365_21,36.5,2.1,2025-10-05,2025,278,0,matched_negative,0,,28.1,18.0,21.8,24,56,13.5,7.0,0.1,2.9,2.599999999999993,27.59999999999999,4.0,25.928571428571427,41.57142857142857,93.64592313988265,78.36111051031583,903.2443208455711,14.178169564704314,128.78936446079697,43.91201234101494,test
369_72,36.9,7.2,2025-10-04,2025,277,0,matched_negative,0,,25.4,15.1,20.0,57,77,14.6,6.4,0.1,1.36,10.500000000000009,36.29999999999999,2.0,26.628571428571426,43.42857142857143,86.73247279886226,30.459201167311914,873.0543790710434,5.604289666927661,56.03133634451124,15.429811417570725,test
368_50,36.800000000000004,5.0,2025-06-08,2025,159,0,matched_negative,0,,27.0,19.5,23.0,70,85,11.7,5.5,0.0,1.04,0.0,67.60000000000001,15.0,27.514285714285716,53.0,86.62941311014363,65.68026218092976,255.25145281005143,4.772106768981879,79.93752808671336,16.62805764223854,test
360_17,36.0,1.7000000000000002,2025-09-15,2025,258,0,matched_negative,0,,33.9,19.8,26.5,21,39,15.6,6.9,0.0,4.18,7.399999999999992,9.399999999999993,6.0,29.171428571428574,30.428571428571427,96.81028395695695,125.07724276101466,1109.818885730401,24.282299866334345,195.16613836672124,67.44645255180954,test
369_44,36.9,4.4,2025-09-04,2025,247,0,matched_negative,0,,30.8,21.9,25.9,46,67,10.2,4.7,0.0,2.37,2.3,2.6,2.0,30.857142857142858,37.285714285714285,90.18075181868899,257.12488288114463,976.4062557671548,7.355935165445041,310.09817377952606,32.59436001306087,test
369_63,36.9,6.300000000000001,2025-10-26,2025,299,0,matched_negative,0,,25.0,16.2,20.0,48,75,18.3,10.7,6.1,1.65,13.4,43.59999999999998,0.0,25.514285714285712,47.857142857142854,75.8561989582901,14.666049309924372,818.3016890986306,2.025615974130511,28.074195978201043,4.064982067557703,test
359_20,35.9,2.0,2025-10-19,2025,292,0,matched_negative,0,,21.3,9.5,14.7,26,59,9.8,5.5,0.0,1.86,6.299999999999993,21.1,2.0,21.385714285714283,39.57142857142857,90.81116797979793,74.34157705090885,1038.0661401156203,7.888830763053819,126.10541329855155,29.648558712987867,test
366_65,36.6,6.5,2025-08-21,2025,233,0,matched_negative,0,,29.3,17.5,22.6,33,57,13.6,4.9,0.0,2.73,0.0,2.800000000000007,26.0,31.6,22.714285714285715,94.18058798870835,256.62936945398724,825.5627646021424,15.34678232456574,288.812522549949,52.2622881434795,test
359_17,35.9,1.7000000000000002,2025-09-17,2025,260,0,matched_negative,0,,33.3,19.9,26.3,13,32,16.1,6.4,0.0,4.43,0.0,13.9,7.0,31.82857142857143,20.571428571428573,97.12869716225909,114.80782510461717,1058.5920133996483,25.984999272994433,180.63852732041698,69.4804533667577,test
349_-6,34.9,-0.6000000000000001,2025-09-30,2025,273,0,matched_negative,0,,29.7,14.1,21.1,17,55,22.9,6.9,0.1,3.47,3.799999999999993,18.1,1.0,27.900000000000002,26.571428571428573,95.31234363529941,106.12418685800328,1144.5971983773502,28.646356560069094,172.30837157373935,73.06158476728373,test
368_83,36.800000000000004,8.3,2025-10-06,2025,279,0,matched_negative,0,,23.3,18.1,20.7,43,56,22.5,14.5,0.0,1.61,13.099999999999989,49.4,2.0,25.557142857142857,47.285714285714285,88.96500563549763,19.731735286783806,713.2736802692715,11.4839247926302,36.910757248353185,21.085947451154716,test
362_27,36.2,2.7,2025-09-14,2025,257,0,matched_negative,0,,31.4,18.7,24.1,24,47,13.0,6.9,0.0,3.49,16.89999999999998,17.4,5.0,29.657142857142855,28.428571428571427,95.83101234598718,110.6776480455858,879.5093059658263,18.66645039719365,168.38217085820241,56.11938253003665,test
364_32,36.4,3.2,2025-06-26,2025,177,0,matched_negative,0,,32.8,20.5,26.5,31,50,13.0,5.6,0.0,3.43,0.0,7.5,18.0,33.385714285714286,19.0,94.97435566050997,237.5187396621906,378.4435319375541,16.609011520385547,236.11046948833467,54.44242234467783,test
362_79,36.2,7.9,2025-10-18,2025,291,0,matched_negative,0,,20.8,13.6,15.7,49,87,12.9,4.4,7.1,1.26,12.299999999999983,67.2,0.0,24.314285714285713,36.285714285714285,66.63550057122605,26.135778974414123,672.4971439817645,1.0739418049338805,47.64262689183874,2.962008921860076,test
363_55,36.300000000000004,5.5,2025-07-02,2025,183,0,matched_negative,0,,30.4,19.2,24.9,25,43,15.8,7.0,0.9,3.28,0.899999999999968,4.3,28.0,30.542857142857144,22.285714285714285,93.30143927531019,245.09967886092733,400.9858610357849,15.174054954599745,243.70924685054032,51.56586863234792,test
360_17,36.0,1.7000000000000002,2025-09-04,2025,247,0,matched_negative,0,,31.8,19.7,25.2,18,37,13.0,5.9,0.0,3.86,0.0,0.0,104.0,30.842857142857145,18.142857142857142,97.16744890394769,759.5182710707448,1168.0728391595496,22.342273204818973,749.9512397358014,66.01496466978232,test
361_18,36.1,1.8,2025-10-02,2025,275,0,matched_negative,0,,27.3,15.9,21.4,28,55,17.9,11.6,0.0,2.62,0.40000000000001423,9.8,22.0,28.785714285714285,28.142857142857142,93.16797215183784,201.49158239339192,1324.237809376859,16.556133075115618,291.93394183389836,54.794292350963985,test
360_49,36.0,4.9,2025-10-13,2025,286,0,matched_negative,0,,24.5,10.9,17.2,31,60,10.3,6.1,0.1,2.1,0.599999999999993,15.5,13.0,23.2,31.0,91.5851789114745,95.77858571070861,1062.2111794907055,9.032029129839156,156.31926718189706,34.74045621129682,test
358_74,35.800000000000004,7.4,2025-07-01,2025,182,0,matched_negative,0,,33.9,19.2,26.8,19,40,21.2,8.4,0.0,4.28,0.0,0.0,39.0,33.0,20.428571428571427,95.84078031364571,277.75346871823217,455.0133326303432,28.25443487052208,276.08426254526466,75.62428985327185,test
358_-2,35.800000000000004,-0.2,2025-07-22,2025,203,0,matched_negative,0,,29.2,23.8,26.5,63,80,16.3,7.7,0.0,1.47,0.0,0.0,60.0,33.51428571428571,38.285714285714285,88.81844168205052,344.24403296117436,893.7120206378211,8.227555643585596,350.7395018930527,35.156759054327246,test
358_14,35.800000000000004,1.4000000000000001,2025-07-30,2025,211,0,matched_negative,0,,33.4,19.7,26.3,17,40,17.2,8.6,0.0,4.27,0.5,1.0,68.0,33.128571428571426,23.0,96.32558525890444,552.3152373319806,785.3009354942486,24.66127953852908,545.7867597770206,70.05142330797331,test
363_85,36.300000000000004,8.5,2025-10-09,2025,282,0,matched_negative,0,,24.5,11.4,17.2,33,62,16.2,4.5,0.0,2.05,2.500000000000007,43.300000000000004,6.0,20.900000000000002,43.714285714285715,91.07691912771205,49.965037563777436,707.3987076632848,11.311554768856706,84.93265184354854,31.60134855492011,test
364_28,36.4,2.8000000000000003,2025-10-12,2025,285,0,matched_negative,0,,24.2,12.5,17.8,28,48,11.6,8.7,0.0,2.19,8.6,23.7,1.0,22.114285714285717,32.42857142857143,89.45927633544693,51.8153454154051,669.2492024006345,7.118109289712668,86.82503351339099,23.24401475979462,test
364_27,36.4,2.7,2025-08-31,2025,243,0,matched_negative,0,,36.0,20.0,27.6,11,30,13.1,4.8,0.0,5.3,0.0,0.2,37.0,35.08571428571428,18.285714285714285,97.88623996632532,312.3064051134539,961.3374142166077,24.703950949645904,344.67739088491027,70.05889450635034,test
356_-6,35.6,-0.6000000000000001,2025-10-13,2025,286,0,matched_negative,0,,30.5,21.3,25.8,34,52,14.5,8.8,0.7,2.65,2.6000000000000245,3.8999999999999964,2.0,29.685714285714287,32.57142857142857,91.99962823335203,210.60058420760745,1326.3543969679884,11.835698763493896,301.5140219775526,44.415750285370684,test
368_35,36.800000000000004,3.5,2025-07-19,2025,200,0,matched_negative,0,,37.0,24.8,29.7,20,40,19.9,9.7,0.0,5.01,1.1000000000000356,1.5,3.0,33.871428571428574,36.857142857142854,96.13461498015896,256.7218164246511,562.453524541448,27.53658867000557,256.252257345796,74.28590468501709,test
366_33,36.6,3.3000000000000003,2025-06-11,2025,162,0,matched_negative,0,,34.8,18.4,25.8,30,57,17.9,7.5,0.0,3.87,0.0,100.19999999999999,18.0,30.228571428571428,54.714285714285715,93.44890450210978,99.47376703028583,211.548,17.218442720109678,99.2996086699262,44.771280623916134,test
367_43,36.7,4.3,2025-10-27,2025,300,0,matched_negative,0,,22.2,14.5,18.1,55,82,9.1,4.4,1.7,1.22,2.9000000000000035,25.199999999999985,0.0,27.185714285714287,42.57142857142857,80.7834682394595,60.41509662596666,846.1380885311248,1.9571686679568976,102.52858690446827,9.446396110900627,test
356_-10,35.6,-1.0,2025-08-07,2025,219,0,matched_negative,0,,32.0,22.3,27.4,42,58,15.3,7.0,0.0,2.59,0.0,0.7999999999999929,76.0,31.514285714285716,43.285714285714285,92.13880901817997,357.3925207345155,906.3909586235536,12.567327587940497,359.9559330845893,46.231993970653825,test
369_66,36.9,6.6000000000000005,2025-09-24,2025,267,0,matched_negative,0,,23.6,18.6,21.1,65,80,13.0,6.7,1.7,0.99,6.299999999999986,29.500000000000014,0.0,28.357142857142858,54.714285714285715,78.98272853735101,56.70710129779513,854.4295225141831,1.9794631661246846,97.27435050078589,9.244506683129735,test
360_16,36.0,1.6,2025-06-04,2025,155,0,matched_negative,0,,29.7,18.3,23.8,24,46,15.0,7.6,0.0,3.13,0.0,63.7,12.0,33.65714285714285,15.571428571428571,95.80590169166189,112.2956291365554,288.91726397017374,20.57551713639098,113.907785552029,53.04610836762809,test
353_-13,35.300000000000004,-1.3,2025-07-25,2025,206,0,matched_negative,0,,31.9,24.4,27.0,50,73,27.1,15.3,0.6,2.33,0.5999999999999929,0.7000000000000142,71.0,29.3,40.714285714285715,89.31035767834376,283.2111649865189,678.0048364116286,15.215533666905984,283.03237927561304,51.95755235850735,test
366_54,36.6,5.4,2025-09-05,2025,248,0,matched_negative,0,,25.4,17.9,21.9,69,82,10.0,4.5,0.0,0.85,1.5000000000000568,1.5999999999999857,3.0,26.74285714285714,52.285714285714285,86.78416960602965,184.925363853468,814.1915346319013,4.477547314955098,235.90142202675798,22.936649229760373,test
367_35,36.7,3.5,2025-10-01,2025,274,0,matched_negative,0,,25.3,19.1,22.1,57,76,17.5,8.8,0.3,1.35,12.000000000000036,52.9,5.0,26.542857142857144,47.0,88.74787423254493,40.06540899578131,654.4997192137683,8.652310602769688,69.49536558515994,23.758619789578024,test
347_-5,34.7,-0.5,2025-10-10,2025,283,0,matched_negative,0,,20.4,12.5,15.3,40,73,29.2,9.6,3.1,1.44,5.100000000000007,16.600000000000005,0.0,24.62857142857143,26.285714285714285,80.82736734527866,80.32293572204856,1046.693097078219,5.415315655096918,134.78706685035746,23.433004240332984,test
364_51,36.4,5.1000000000000005,2025-10-09,2025,282,0,matched_negative,0,,25.1,9.9,16.5,28,64,7.4,4.5,0.0,2.31,2.1,33.1,3.0,22.685714285714283,34.142857142857146,92.26177194965604,55.777388989272445,791.8782726088771,8.588082334367696,94.8520802326306,27.699426437662126,test
351_-22,35.1,-2.2,2025-06-04,2025,155,0,matched_negative,0,,24.0,18.6,21.5,54,67,17.1,7.1,0.0,1.36,0.4999999999999929,18.900000000000002,21.0,26.428571428571427,55.285714285714285,87.3505901788462,105.05505507229347,383.74900332470713,6.941302459370505,124.73887955204663,27.055807820445327,test
365_19,36.5,1.9000000000000001,2025-06-28,2025,179,0,matched_negative,0,,28.9,18.2,23.3,33,47,15.6,8.3,0.0,2.66,0.0,0.7000000000000071,36.0,31.614285714285717,24.571428571428573,93.53697673575655,236.41605074924422,361.3627446847614,15.523529233467,234.89315960473004,52.18787052159185,test
368_69,36.800000000000004,6.9,2025-09-24,2025,267,0,matched_negative,0,,24.0,17.7,20.4,65,82,12.1,6.6,1.7,1.05,7.100000000000014,17.999999999999986,0.0,30.285714285714285,42.714285714285715,78.83101507016623,81.21482399234714,1073.9401689127576,1.865128174554536,136.60362898111902,10.481231121220539,test
369_44,36.9,4.4,2025-10-02,2025,275,0,matched_negative,0,,25.3,18.0,21.5,46,66,13.7,7.5,0.0,1.75,12.6,81.10000000000001,6.0,26.557142857142857,50.285714285714285,88.84652196920567,27.74895598177514,534.1880089384133,7.246410385018897,49.119059412165505,17.43841443900315,test
366_32,36.6,3.2,2025-09-19,2025,262,0,matched_negative,0,,28.8,19.1,23.5,53,75,11.3,4.3,0.0,1.87,0.0,16.899999999999984,10.0,31.7,40.285714285714285,90.19027384844998,116.80682652460887,874.5327556886689,7.785783743125272,175.13421880029702,32.28498842039759,test
360_59,36.0,5.9,2025-10-31,2025,304,0,matched_negative,0,,21.2,11.3,14.9,36,75,13.8,9.2,0.0,1.59,2.3999999999999826,10.3,1.0,22.3,38.142857142857146,88.67833772408623,81.41331633463633,1014.7926130047462,7.109282756201847,135.62484677723296,28.359713289172873,test
365_14,36.5,1.4000000000000001,2025-08-02,2025,214,0,matched_negative,0,,30.9,18.6,24.4,35,63,17.2,8.3,0.0,2.86,0.0,4.199999999999992,8.0,29.814285714285713,36.0,91.90777529174576,143.68656220555636,746.2068579289191,13.385609195079184,193.98885776310334,46.68013525205106,test
363_56,36.300000000000004,5.6000000000000005,2025-09-24,2025,267,0,matched_negative,0,,22.0,12.8,16.8,41,76,16.1,6.6,0.4,1.57,7.100000000000001,21.499999999999986,1.0,27.2,32.57142857142857,87.67404543105313,62.360722380418835,959.1450065091876,6.912439225827545,107.28334417012209,25.29336494124515,test
367_45,36.7,4.5,2025-07-09,2025,190,0,matched_negative,0,,27.8,16.1,21.3,40,69,10.7,7.7,0.0,2.23,2.4999999999999787,3.7,3.0,28.857142857142858,31.428571428571427,92.0407336340868,271.0426448172641,434.82828781752266,9.830104125464874,269.3564837678998,39.3034119209086,test
359_6,35.9,0.6000000000000001,2025-09-15,2025,258,0,matched_negative,0,,36.0,20.3,26.5,30,69,16.1,4.8,0.0,4.09,8.199999999999985,8.299999999999992,6.0,33.77142857142857,29.0,95.43253000960425,126.9985702298603,1226.436037228865,20.671679313577144,201.7648141468781,61.42758363096567,test
345_70,34.5,7.0,2025-07-21,2025,202,0,matched_negative,0,,45.4,28.2,38.1,8,13,14.7,10.1,0.0,9.0,0.0,0.0,58.0,42.271428571428565,12.857142857142858,99.71311392090745,581.6797005832979,1203.9475548479093,33.99836574642185,579.2461633867391,84.70585757541267,test
366_20,36.6,2.0,2025-07-30,2025,211,0,matched_negative,0,,28.3,21.6,25.0,44,58,24.3,16.8,0.0,2.14,5.499999999999972,6.100000000000022,5.0,29.085714285714285,52.0,90.91417563712822,114.4976276416264,672.9207497676487,16.623105312789374,160.65607896222306,51.71197774942157,test
365_77,36.5,7.7,2025-06-23,2025,174,0,matched_negative,0,,35.1,18.8,26.2,26,59,17.1,5.4,0.0,4.16,1.6,2.4000000000000004,4.0,32.92857142857143,28.142857142857142,95.14550891663308,198.2634889076022,340.54199999999986,20.904677943048856,197.35083566197613,61.68683504297629,test
369_46,36.9,4.6000000000000005,2025-06-09,2025,160,0,matched_negative,0,,28.8,21.6,24.9,67,80,15.4,10.3,0.0,1.3,0.0,84.20000000000002,16.0,28.585714285714285,57.142857142857146,87.61132617466345,74.75415859112105,219.76456225090664,6.613274413854312,80.79831111047763,21.232971155635063,test
368_38,36.800000000000004,3.8000000000000003,2025-10-07,2025,280,0,matched_negative,0,,24.7,10.1,17.1,27,62,17.2,8.6,0.0,2.2,0.9999999999999858,37.59999999999997,6.0,24.985714285714288,38.42857142857143,92.47126631538801,67.30883478580701,823.7579987523197,14.493820800464183,111.7832852850258,42.19973197784881,test
365_84,36.5,8.4,2025-06-07,2025,158,0,matched_negative,0,,35.6,21.1,27.7,25,52,8.0,3.3,0.8,4.34,1.3,58.8,16.0,33.642857142857146,25.571428571428573,94.42533456261113,97.51252640194782,239.46518383002095,11.971418107537632,97.49361719415982,35.08507627897431,test
363_69,36.300000000000004,6.9,2025-06-16,2025,167,0,matched_negative,0,,32.5,18.2,25.4,18,32,15.6,7.9,0.0,4.01,0.0,9.100000000000005,12.0,30.65714285714285,17.285714285714285,96.90497042898988,152.26956913438858,265.13538882261145,24.59212932973222,151.6480955053353,64.87775632358009,test
367_66,36.7,6.6000000000000005,2025-10-29,2025,302,0,matched_negative,0,,26.1,12.6,19.0,42,67,17.9,10.2,0.0,1.95,15.299999999999999,48.4,2.0,26.38571428571429,44.857142857142854,88.85294665979752,19.08250059568705,638.4016659585077,8.96265566104998,35.511323688722776,17.252697983724538,test
368_77,36.800000000000004,7.7,2025-07-02,2025,183,0,matched_negative,0,,36.1,22.1,29.2,32,58,13.1,5.9,0.0,4.0,0.0,1.9999999999999858,13.0,35.114285714285714,32.285714285714285,95.0041396311179,248.58504990892806,578.0417821306747,16.761169323664696,248.33905924874986,54.906206782682005,test
366_83,36.6,8.3,2025-10-20,2025,293,0,matched_negative,0,,24.8,13.2,18.3,36,66,13.3,9.0,0.0,2.0,34.39999999999998,88.80000000000001,1.0,22.88571428571429,54.57142857142857,87.00036567630525,8.420834295332147,530.0664156759912,5.452594094343326,16.19833643934415,7.625440998666035,test
364_84,36.4,8.4,2025-10-27,2025,300,0,matched_negative,0,,19.3,10.9,16.3,56,79,14.7,7.9,0.8,0.97,1.3,24.599999999999998,8.0,27.1,38.714285714285715,87.98799704897692,51.22363202862303,953.0097794336624,6.737759472554098,90.31177215433131,22.822411644154716,test
364_57,36.4,5.7,2025-08-31,2025,243,0,matched_negative,0,,34.5,16.9,26.2,21,48,19.1,10.5,0.0,4.33,0.10000000000001422,0.10000000000001422,52.0,35.214285714285715,18.857142857142858,95.49177410959528,461.556094920712,1030.4324454207406,24.240026212018112,460.55322560051474,69.32809995897205,test
358_53,35.800000000000004,5.300000000000001,2025-07-26,2025,207,0,matched_negative,0,,26.1,16.1,20.7,48,71,20.8,14.5,0.0,1.77,11.199999999999985,18.599999999999998,1.0,35.58571428571428,15.0,90.78089224406604,89.20743428241352,612.1625621775354,13.672934508870243,130.77271122316893,43.13155710459125,test
368_86,36.800000000000004,8.6,2025-09-13,2025,256,0,matched_negative,0,,30.7,16.3,22.9,34,68,16.2,7.9,0.0,2.91,10.90000000000003,23.900000000000013,3.0,29.87142857142857,47.0,91.5496790770193,58.9811124601857,818.7381015201004,12.098003282529149,99.95971791354837,35.74023527452459,test
363_84,36.300000000000004,8.4,2025-06-28,2025,179,0,matched_negative,0,,29.6,17.3,23.2,35,65,18.0,12.4,0.0,2.69,0.0,5.1,9.0,33.285714285714285,23.714285714285715,93.50144988297004,185.4933416961946,356.98973931460057,17.43262813776653,184.9091262537404,54.688418564656786,test
369_68,36.9,6.800000000000001,2025-10-04,2025,277,0,matched_negative,0,,24.7,13.7,18.7,56,82,12.1,4.8,0.4,1.35,10.499999999999977,38.70000000000001,2.0,25.271428571428572,48.57142857142857,86.66456738970798,40.29175116318683,834.0591688019578,4.893591844462444,71.90012030639726,15.976775872594116,test
363_89,36.300000000000004,8.9,2025-06-17,2025,168,0,matched_negative,0,,34.6,20.8,27.4,19,36,19.3,9.3,0.0,4.25,0.0,9.999999999999993,25.0,35.214285714285715,14.714285714285714,97.39244528989829,196.82005091121962,414.2803742051132,31.623678347385336,196.40212339688563,79.00045470806003,test
364_36,36.4,3.6,2025-09-09,2025,252,0,matched_negative,0,,27.2,17.4,21.6,42,73,19.6,8.7,15.7,2.08,16.79999999999998,18.099999999999987,0.0,33.94285714285714,23.285714285714285,76.7069334541217,91.03801776951227,852.808519526599,2.2888676895053073,143.72036476958473,12.616313079726549,test
359_60,35.9,6.0,2025-10-22,2025,295,0,matched_negative,0,,24.6,10.4,16.7,36,69,16.6,7.3,0.0,1.97,8.4,42.2,3.0,21.328571428571426,46.142857142857146,90.5841857253365,60.884362336137244,843.3563014731201,10.758498114686022,103.151671248623,33.551218026335455,test
365_30,36.5,3.0,2025-07-18,2025,199,0,matched_negative,0,,38.9,22.6,30.7,15,26,11.6,5.8,0.0,5.84,0.4999999999999716,0.4999999999999929,55.0,34.142857142857146,29.714285714285715,97.47395219143681,334.38231384989376,572.6541145682158,21.6875565267048,332.3922573385282,64.75809097684672,test
369_47,36.9,4.7,2025-07-01,2025,182,0,matched_negative,0,,30.6,23.8,27.4,52,66,14.9,8.7,0.0,1.76,0.0,0.0,38.0,30.88571428571429,44.142857142857146,90.40849333763519,188.2903327517654,384.5722611599904,9.630380700143457,187.82859782078378,37.605171368953094,test
367_82,36.7,8.200000000000001,2025-10-19,2025,292,0,matched_negative,0,,22.5,15.1,17.9,65,89,10.2,3.5,6.0,0.92,32.2,88.3,0.0,25.985714285714284,48.714285714285715,59.65472004143304,5.055245960802994,556.9492733857631,0.6695263148321032,9.886158375518907,0.4014024892767456,test
368_81,36.800000000000004,8.1,2025-10-16,2025,289,0,matched_negative,0,,23.8,16.3,19.3,62,85,16.3,9.3,5.6,1.11,37.8,82.6,0.0,28.142857142857142,43.285714285714285,67.629260030145,9.036515130302691,516.3436385440211,1.3183709179562908,17.315437815723072,1.391299044856348,test
365_38,36.5,3.8000000000000003,2025-09-03,2025,246,0,matched_negative,0,,34.7,15.6,23.9,17,56,17.3,5.5,0.0,4.58,1.9000000000000223,3.2,2.0,33.18571428571429,21.714285714285715,96.30257045010853,174.98543655305852,1048.1910202159795,24.709078374797873,246.91898349929858,69.51690839822436,test
363_56,36.300000000000004,5.6000000000000005,2025-10-28,2025,301,0,matched_negative,0,,19.6,7.7,12.4,34,70,10.7,6.4,0.0,1.5,0.4000000000000018,12.399999999999984,10.0,23.24285714285714,34.142857142857146,90.17453943710092,68.45497852297173,915.406597721919,7.5369170805300945,115.34578709659374,27.72707697584969,test
365_60,36.5,6.0,2025-07-27,2025,208,0,matched_negative,0,,29.8,17.6,23.9,38,64,10.9,3.6,0.0,2.58,0.8999999999999716,3.4000000000000075,52.0,36.27142857142857,29.714285714285715,90.72797156406138,374.07481010062315,699.7849153615213,8.240037154334757,372.24774726857424,35.204254089339166,test
357_2,35.7,0.2,2025-07-01,2025,182,0,matched_negative,0,,37.7,21.8,28.4,22,67,14.8,7.3,0.0,5.08,0.0,0.0,39.0,36.814285714285724,24.0,96.16067008084346,354.2456045255166,745.247001586105,21.37124618456086,353.24299087661126,64.21552369099143,test
367_71,36.7,7.1000000000000005,2025-10-11,2025,284,0,matched_negative,0,,26.0,17.5,20.7,45,75,13.6,4.3,0.0,1.85,1.5999999999999936,25.4,5.0,25.714285714285715,41.0,90.88037180756653,69.91916832029905,1008.7576005813924,9.648482522692387,119.18577742270284,33.201775920604206,test
364_68,36.4,6.800000000000001,2025-07-27,2025,208,0,matched_negative,0,,24.7,11.8,17.8,34,67,14.4,6.7,0.0,2.05,2.500000000000007,5.699999999999993,1.0,31.928571428571427,21.285714285714285,90.29476859958986,269.384069417275,608.5404250283888,9.239261327143616,268.99639893389616,37.748466506068254,test
347_-3,34.7,-0.30000000000000004,2025-06-27,2025,178,0,matched_negative,0,,35.2,22.9,29.2,16,30,19.9,10.4,0.0,4.81,0.9000000000000142,7.699999999999993,14.0,36.05714285714286,12.0,96.7455544453432,333.38906040664864,564.0277160833666,29.8967148264623,331.3458432041596,78.44652119810254,test
365_33,36.5,3.3000000000000003,2025-06-13,2025,164,0,matched_negative,0,,34.5,20.0,27.5,26,58,16.2,6.7,0.0,4.03,0.3999999999999858,56.499999999999986,20.0,31.985714285714288,40.0,94.36236816053605,115.83484676164572,223.3521924123559,17.940006222107673,115.50889832098886,48.95893129127133,test
356_56,35.6,5.6000000000000005,2025-08-19,2025,231,0,matched_negative,0,,34.4,21.8,28.6,16,22,19.2,8.7,0.0,4.53,0.0,0.2999999999999929,88.0,33.385714285714286,17.571428571428573,97.43386294043918,634.5651070822203,1090.2177127494017,31.638495628283657,629.0364451383533,81.20848130280993,test
352_-15,35.2,-1.5,2025-07-03,2025,184,0,matched_negative,0,,31.3,20.3,26.0,45,68,17.8,8.0,0.0,2.34,0.0,0.0,49.0,32.07142857142857,38.42857142857143,91.13510081438426,255.1220937391156,606.4862135352764,12.363309800294958,254.94437757287122,45.43178088186443,test
360_30,36.0,3.0,2025-08-12,2025,224,0,matched_negative,0,,31.5,17.6,24.0,14,36,19.5,10.8,0.0,3.96,0.0,1.1,62.0,34.05714285714286,14.285714285714286,97.12666162551413,605.9678883612314,898.8351591617545,30.832637153299004,598.9120417618493,79.98513905688594,test
366_35,36.6,3.5,2025-08-27,2025,239,0,matched_negative,0,,39.2,24.0,30.7,16,40,16.0,9.7,0.8,5.91,0.9,1.0,33.0,35.25714285714286,21.142857142857142,97.1989723884565,317.83558326152973,910.2637983116178,26.097889377091693,339.40083583293665,72.38604722298122,test
360_28,36.0,2.8000000000000003,2025-09-30,2025,273,0,matched_negative,0,,26.6,13.7,19.8,30,62,14.5,7.8,0.0,2.39,4.900000000000004,20.5,4.0,25.95714285714286,31.285714285714285,92.24758560155014,99.55923312014887,1084.7330033999758,12.257562145836609,161.95661165383726,42.73454069070155,test
369_72,36.9,7.2,2025-08-29,2025,241,0,matched_negative,0,,30.2,21.4,25.6,36,66,19.3,7.8,0.3,2.75,0.3000000000000071,0.3999999999999929,58.0,35.74285714285714,29.285714285714285,93.21371413407226,507.8076709882992,952.8322517399927,17.880256073103954,504.856600915002,57.6407937811025,test
367_81,36.7,8.1,2025-06-07,2025,158,0,matched_negative,0,,35.1,22.0,28.4,31,49,21.0,10.3,0.0,3.93,0.0,46.199999999999996,13.0,34.31428571428571,30.0,95.17240039583758,104.75153104801126,205.5476580859654,25.538080434539125,104.47771170126273,58.53261212768579,test
345_8,34.5,0.8,2025-10-09,2025,282,0,matched_negative,0,,26.5,14.3,19.6,26,44,22.0,10.7,0.4,2.56,0.4,27.000000000000004,13.0,26.88571428571429,22.428571428571427,94.60800754003388,73.53264612249932,955.3097131514276,24.857204726727517,123.33228427355793,61.372820662725864,test
368_60,36.800000000000004,6.0,2025-09-11,2025,254,0,matched_negative,0,,26.8,19.9,22.9,50,67,9.1,4.9,0.0,1.77,22.900000000000006,25.7,1.0,30.657142857142862,45.714285714285715,85.3588975163804,38.38449185157109,743.6173274063113,3.502563700020235,67.99452655224637,11.92646289056741,test
359_19,35.9,1.9000000000000001,2025-07-10,2025,191,0,matched_negative,0,,36.8,22.1,29.6,17,34,20.0,8.2,0.0,5.13,0.0,0.20000000000000712,48.0,35.67142857142857,17.285714285714285,97.45399168957267,409.8935640453267,724.2999988914365,33.028213336427726,407.3738066236428,83.26500802253777,test
368_38,36.800000000000004,3.8000000000000003,2025-07-11,2025,192,0,matched_negative,0,,32.0,18.9,25.8,34,58,11.5,5.8,0.0,3.07,0.0,0.09999999999997158,48.0,32.1,41.142857142857146,92.40302217849445,245.32402848716538,525.3210013622756,10.77132786601575,244.80897618330914,41.51594512915581,test
367_71,36.7,7.1000000000000005,2025-06-05,2025,156,0,matched_negative,0,,30.4,17.5,23.4,52,79,10.1,4.7,0.0,2.05,0.0,87.9,20.0,31.657142857142862,33.142857142857146,90.3825536051792,97.47713959211916,159.61875188531423,7.533362268230255,97.03595807712726,25.592016730113055,test
365_44,36.5,4.4,2025-06-12,2025,163,0,matched_negative,0,,29.3,18.8,23.8,25,42,7.6,4.6,0.1,2.7,1.000000000000032,81.00000000000001,8.0,29.471428571428568,23.428571428571427,95.45018494052549,86.00724211617906,178.4821979481884,13.502235881871098,85.8320326175991,35.72932007755508,test
345_-3,34.5,-0.30000000000000004,2025-06-08,2025,159,0,matched_negative,0,,34.8,20.4,27.5,12,27,26.3,12.1,0.0,4.87,1.9000000000000141,39.800000000000004,4.0,32.642857142857146,12.714285714285714,97.55085974759197,180.80845103415743,407.7308773814127,45.95605257399484,180.58488180066007,97.08990168004917,test
365_34,36.5,3.4000000000000004,2025-09-08,2025,251,0,matched_negative,0,,31.5,22.3,26.0,37,54,17.7,10.8,1.2,2.93,2.5000000000000213,4.7,0.0,32.457142857142856,27.142857142857142,90.66940172174154,240.726949789605,991.4989365776877,11.510911760052528,299.6021732363211,43.62918721391222,test
368_77,36.800000000000004,7.7,2025-06-18,2025,169,0,matched_negative,0,,32.0,19.8,25.8,35,62,12.6,7.7,0.0,3.07,0.0,0.5999999999999858,33.0,34.871428571428574,24.142857142857142,93.937258218093,216.40433607709804,442.28778213067466,14.10907520760039,215.8459278149872,48.838382389775944,test
364_82,36.4,8.200000000000001,2025-10-04,2025,277,0,matched_negative,0,,20.4,9.9,14.4,51,79,14.0,6.9,0.5,1.17,8.000000000000014,35.5,1.0,20.7,44.714285714285715,84.19393826495163,32.66272304469143,875.3325991343872,3.823998330436955,59.75143728022764,11.866081851278716,test
369_63,36.9,6.300000000000001,2025-08-02,2025,214,0,matched_negative,0,,32.1,18.8,25.0,41,65,11.4,6.6,0.0,2.81,0.2,1.5999999999999859,17.0,29.642857142857142,38.285714285714285,92.47178000132054,245.72429757970033,680.3716748274073,10.821476582750627,258.26233440021605,41.74984321292188,test
365_49,36.5,4.9,2025-08-09,2025,221,0,matched_negative,0,,32.2,20.9,25.7,27,46,12.5,5.7,0.0,3.39,0.0,8.600000000000001,14.0,31.242857142857144,24.857142857142858,95.41352558192494,134.33322752505077,702.8217115724176,17.197610994256593,181.79728370422205,54.086223176630604,test
364_23,36.4,2.3000000000000003,2025-10-25,2025,298,0,matched_negative,0,,29.2,16.9,22.3,16,31,9.8,5.2,0.0,3.39,0.4999999999999929,25.9,7.0,23.885714285714283,32.142857142857146,95.63717441858459,56.156833823507284,688.4507948385165,15.473998279117279,93.28961578223756,40.63452789276266,test
367_50,36.7,5.0,2025-07-14,2025,195,0,matched_negative,0,,33.9,21.6,27.3,44,73,11.2,5.9,0.0,2.94,0.2,2.5,11.0,31.357142857142858,49.57142857142857,90.7430661355001,169.83153904949287,559.2819767279923,8.38359048616316,193.0836486612693,34.471666557173215,test
366_28,36.6,2.8000000000000003,2025-10-23,2025,296,0,matched_negative,0,,32.0,20.3,24.2,30,58,20.4,11.9,0.0,3.34,1.1000000000000072,24.299999999999994,7.0,27.67142857142857,38.285714285714285,93.06961995510692,77.70983164868471,947.4028162593988,18.52224177344378,128.97253401505995,51.99578792634948,test
364_78,36.4,7.800000000000001,2025-08-03,2025,215,0,matched_negative,0,,31.3,19.3,24.2,38,62,15.7,6.2,0.0,2.8,0.0999999999999858,2.7000000000000073,8.0,30.542857142857144,31.714285714285715,93.08186962131049,445.29536761014356,715.1005475257931,14.641408882968072,441.64822236387556,50.92466462299055,test
364_38,36.4,3.8000000000000003,2025-07-01,2025,182,0,matched_negative,0,,35.9,20.6,27.5,20,43,20.3,7.7,0.2,4.55,0.20000000000000712,0.9000000000000071,38.0,34.01428571428571,24.0,95.94676660905516,301.21583648312503,438.21288557028987,27.392296962468738,298.82041949056054,74.38148721273689,test
364_24,36.4,2.4000000000000004,2025-09-21,2025,264,0,matched_negative,0,,32.0,19.7,24.1,33,67,18.3,7.0,0.0,3.19,0.0,33.7,11.0,30.37142857142857,39.42857142857143,93.71342913597545,102.34745202336401,756.284871660244,18.22808231000695,152.94879578405806,54.12724644141314,test
366_37,36.6,3.7,2025-09-04,2025,247,0,matched_negative,0,,30.9,17.5,23.4,30,57,16.1,7.1,0.0,3.11,0.40000000000002844,0.5,41.0,31.585714285714285,24.142857142857142,94.62670537060816,414.11005939187856,993.6733931998086,18.512006215284035,413.80433185733125,58.871601164113834,test
364_21,36.4,2.1,2025-07-28,2025,209,0,matched_negative,0,,32.7,20.3,25.6,22,37,14.4,5.9,0.0,3.85,6.100000000000003,8.6,3.0,31.485714285714284,32.142857142857146,94.90765758792074,109.68038489696384,654.5403777892035,17.660816713383237,154.59684515406693,53.21643488930447,test
369_70,36.9,7.0,2025-08-19,2025,231,0,matched_negative,0,,37.0,22.9,30.3,20,48,13.8,8.0,0.0,5.01,0.0,1.5,25.0,32.471428571428575,38.42857142857143,96.00611655449913,409.27906843058435,859.2579573708176,19.90082739325465,408.00459928542,61.52940845428866,test
365_39,36.5,3.9000000000000004,2025-06-23,2025,174,0,matched_negative,0,,35.0,18.8,26.7,15,36,16.7,6.8,0.0,4.77,0.09999999999999645,1.0,30.0,33.285714285714285,21.0,96.95002514735297,233.6868583098075,354.66767132694247,26.150887263651434,232.16868185194096,71.66270807253017,test
343_84,34.300000000000004,8.4,2025-10-07,2025,280,0,matched_negative,0,,26.4,15.7,21.1,29,42,20.0,13.7,0.0,2.44,0.0,10.299999999999995,10.0,28.699999999999996,25.857142857142858,93.8889054471213,133.1613482215829,1377.592015887591,20.348295159732935,214.48992097722737,61.22206535333052,test
364_49,36.4,4.9,2025-06-27,2025,178,0,matched_negative,0,,29.5,18.9,23.9,33,54,17.3,7.2,0.0,2.75,0.0,3.6,22.0,33.25714285714285,19.428571428571427,94.16754408206401,242.17035629775657,353.6687832983137,18.458865776686505,240.45361624706763,58.16715733018906,test
365_21,36.5,2.1,2025-09-30,2025,273,0,matched_negative,0,,24.8,17.4,20.5,52,75,10.5,7.6,0.0,1.44,1.599999999999993,24.999999999999993,5.0,25.342857142857145,44.285714285714285,89.59787658870707,79.65516288165118,875.9283208455711,6.869537810339305,129.8007718020879,27.27214132880754,test
367_37,36.7,3.7,2025-10-18,2025,291,0,matched_negative,0,,24.2,16.4,19.8,55,81,12.1,5.9,3.8,1.38,7.6,27.1,0.0,27.3,45.57142857142857,74.4520260702074,54.62750633559145,978.78212589598,1.3690410617083155,95.87731928985097,6.597199033392323,test
364_22,36.4,2.2,2025-07-22,2025,203,0,matched_negative,0,,34.8,21.3,27.3,26,48,6.0,3.2,0.0,3.94,0.0,3.3,8.0,34.57142857142857,18.142857142857142,96.46760965979256,322.6876473700578,593.1362380129797,14.296193800919761,321.15042283857167,50.091216101586376,test
348_-23,34.800000000000004,-2.3000000000000003,2025-07-08,2025,189,0,matched_negative,0,,32.2,22.8,27.0,42,56,11.1,4.7,0.0,2.6,0.09999999999999645,6.799999999999993,11.0,32.25714285714286,30.714285714285715,92.46656450718133,231.37425437680915,597.513947625421,10.651294064326203,235.12801236286438,41.116307878580166,test
361_24,36.1,2.4000000000000004,2025-06-11,2025,162,0,matched_negative,0,,38.8,21.3,30.0,10,24,21.8,7.6,0.0,6.19,0.0,69.70000000000002,19.0,37.92857142857143,14.142857142857142,99.25303514533874,180.35822471958562,354.83517260896855,45.80885416753992,179.8425430917763,96.84962888768678,test
369_65,36.9,6.5,2025-10-09,2025,282,0,matched_negative,0,,27.1,14.1,19.8,50,82,10.1,2.5,0.0,1.78,7.400000000000015,36.69999999999998,3.0,25.67142857142857,47.142857142857146,89.99252641763808,42.783257949648664,936.4039485470854,7.124322383179004,76.79483839477813,21.81083774316295,test
363_89,36.300000000000004,8.9,2025-07-22,2025,203,0,matched_negative,0,,38.3,24.2,30.7,21,38,12.9,6.3,0.0,5.04,0.0,1.6999999999999929,20.0,38.028571428571425,17.857142857142858,97.81162653272251,349.795754931714,757.9807555631255,24.216103681074323,348.9806567866817,69.23268195936538,test
363_60,36.300000000000004,6.0,2025-07-10,2025,191,0,matched_negative,0,,30.1,17.3,23.4,33,59,15.9,6.7,0.0,2.8,0.1,1.0,36.0,30.085714285714285,31.0,92.1830957472069,282.56142993867337,458.506,13.034342802349649,280.8110804078645,47.14153534521863,test
365_33,36.5,3.3000000000000003,2025-08-30,2025,242,0,matched_negative,0,,30.5,16.4,22.9,23,49,13.9,5.6,0.0,3.36,0.2999999999999858,0.29999999999998667,35.0,34.971428571428575,20.714285714285715,94.36286686330577,283.04718810238546,905.9170104518903,15.977876212984393,317.8329141027203,53.679154054162616,test
361_65,36.1,6.5,2025-06-02,2025,153,0,matched_negative,0,,31.2,15.5,24.0,19,30,16.9,10.9,0.0,3.68,0.0,59.39999999999999,10.0,28.314285714285717,23.428571428571427,95.64097351985494,83.43047726318876,198.64701843683056,22.141341421784293,83.38565437232134,48.43358268262838,test
368_47,36.800000000000004,4.7,2025-06-27,2025,178,0,matched_negative,0,,28.1,20.7,24.4,60,69,13.5,6.9,0.0,1.33,0.0,0.20000000000001422,34.0,31.828571428571426,35.57142857142857,89.07838473569068,191.56146533261958,350.1810214396654,7.416557880767081,190.83286939306745,31.715916280178625,test
365_49,36.5,4.9,2025-10-13,2025,286,0,matched_negative,0,,27.3,16.3,20.9,29,51,12.6,9.7,0.0,2.59,1.5000000000000067,39.7,3.0,25.2,32.857142857142854,92.39377159901709,47.40000630921358,646.2650244918747,11.370399409413507,80.11079122478692,30.793236855048793,test
366_40,36.6,4.0,2025-08-02,2025,214,0,matched_negative,0,,33.6,19.0,25.9,29,61,10.6,5.8,0.0,3.57,0.0,2.9000000000000146,8.0,31.557142857142853,29.142857142857142,93.65617567982505,163.56556845335763,730.0284541853233,12.268054366446007,209.68140563307043,44.57825674050174,test
362_56,36.2,5.6000000000000005,2025-09-05,2025,248,0,matched_negative,0,,33.4,18.3,24.9,20,49,24.9,7.2,0.2,3.93,1.7,3.6999999999999997,3.0,30.51428571428571,24.857142857142858,95.53478793192075,640.7568236153522,1023.2034285606729,32.65909069116367,634.0763775193911,82.73618572278878,test
362_42,36.2,4.2,2025-06-19,2025,170,0,matched_negative,0,,29.8,16.7,22.1,21,37,23.6,10.1,0.0,3.34,0.09999999999999967,5.299999999999994,15.0,33.471428571428575,12.428571428571429,96.39472671727218,218.92859196947506,337.52722804601706,34.36525858286863,217.58798755867,83.81899489890202,test
350_-19,35.0,-1.9000000000000001,2025-08-03,2025,215,0,matched_negative,0,,29.4,20.7,24.3,52,76,14.2,6.9,0.0,1.95,0.0,2.3,9.0,29.32857142857143,48.142857142857146,88.79038195862154,188.7917632897571,968.2944186667637,7.37165104814978,253.84896575995828,32.442852071451284,test
360_16,36.0,1.6,2025-10-25,2025,298,0,matched_negative,0,,32.2,18.7,25.3,17,28,17.0,7.7,0.0,3.99,0.2,18.6,8.0,27.37142857142857,30.0,96.04167447530024,72.64084146901486,997.8750241411386,23.49576364258984,122.9129072962857,59.22663723043302,test
367_82,36.7,8.200000000000001,2025-09-06,2025,249,0,matched_negative,0,,35.3,21.1,27.8,39,64,8.2,3.9,0.0,3.46,5.0,7.6,4.0,33.471428571428575,37.142857142857146,92.25827108113697,119.1524151158272,987.9506268678772,8.936943053771738,183.0981557572135,35.66112410170055,test
352_-10,35.2,-1.0,2025-06-14,2025,165,0,matched_negative,0,,35.5,19.2,27.0,25,59,19.2,9.6,0.0,3.84,0.20000000000000356,2.7000000000000037,22.0,34.55714285714286,29.857142857142858,94.73943730992556,200.21675819241915,484.11880401896457,21.979908700774285,200.13357803398083,63.70179384653979,test
367_36,36.7,3.6,2025-10-26,2025,299,0,matched_negative,0,,25.2,18.7,22.1,34,64,21.3,14.7,2.8,2.0,2.900000000000035,11.299999999999999,0.0,27.285714285714285,38.57142857142857,85.38777309187142,58.54708264698562,777.8680857883405,6.502963992693369,98.55040776673657,23.26707466249496,test
369_69,36.9,6.9,2025-06-22,2025,173,0,matched_negative,0,,30.8,18.9,25.1,43,73,11.4,6.0,0.0,2.41,0.0,0.5000000000000284,37.0,30.242857142857144,43.285714285714285,92.0188740136002,160.4763219929696,308.2278722990798,10.151610866817931,159.98987971543613,37.72471605335825,test
367_32,36.7,3.2,2025-07-07,2025,188,0,matched_negative,0,,31.9,23.5,27.3,53,78,14.0,5.9,0.0,2.15,0.20000000000000712,0.1999999999999929,44.0,30.38571428571429,60.0,88.7926266177762,187.708503556201,552.2477553346506,7.300084662226774,202.9557909399623,31.6458695821947,test
362_53,36.2,5.300000000000001,2025-09-01,2025,244,0,matched_negative,0,,32.8,19.1,25.9,24,45,23.6,14.0,0.2,3.76,0.4,1.099999999999993,60.0,32.58571428571429,20.142857142857142,95.82712602593456,471.6448352740028,1073.356474268555,31.82762920642441,470.78217881917897,81.48935712356565,test
369_77,36.9,7.7,2025-10-11,2025,284,0,matched_negative,0,,28.0,18.4,21.7,34,73,7.4,3.3,0.2,2.5,0.6000000000000044,27.400000000000023,7.0,24.771428571428572,44.0,91.33862753821163,52.92574967936296,986.7480436445982,7.535540352509551,93.33595538879358,25.10621184829219,test
357_87,35.7,8.700000000000001,2025-10-18,2025,291,0,matched_negative,0,,21.7,13.1,16.4,45,78,16.0,6.1,4.0,1.4,11.1,46.699999999999996,0.0,24.714285714285715,35.0,75.53226958026531,35.79472525455763,852.2917098378806,1.7685763895963833,64.78709557749688,6.404769279575891,test
364_18,36.4,1.8,2025-09-06,2025,249,0,matched_negative,0,,38.6,22.8,29.6,11,32,21.3,9.1,0.0,6.04,0.0,0.0,43.0,32.0,20.142857142857142,98.2769811035667,390.073079481187,1107.9486032269401,39.318059553058504,414.9339248728299,92.16330660919346,test
361_26,36.1,2.6,2025-10-09,2025,282,0,matched_negative,0,,29.5,16.5,21.2,25,51,19.5,6.0,0.3,3.07,0.5000000000000071,15.1,9.0,28.199999999999996,25.571428571428573,95.03354905129922,91.5476108998178,1047.233449138103,23.2333461593254,150.25708686712994,62.53602652174924,test
363_20,36.300000000000004,2.0,2025-06-29,2025,180,0,matched_negative,0,,35.7,20.8,28.1,21,41,17.5,8.0,0.0,4.56,0.0,1.2999999999999894,37.0,38.15714285714286,16.285714285714285,97.10704865324318,340.8750113742897,630.4000983569118,27.803893301764997,339.23401169448096,75.16423911156119,test
368_65,36.800000000000004,6.5,2025-06-15,2025,166,0,matched_negative,0,,34.6,17.5,26.0,24,50,13.2,5.3,0.0,4.18,0.0,2.699999999999986,23.0,32.27142857142857,32.42857142857143,94.84480299065427,136.34962668020844,256.1384451331819,16.48181626580817,135.91862599136047,49.169988980158124,test
367_78,36.7,7.800000000000001,2025-09-13,2025,256,0,matched_negative,0,,33.1,18.0,25.4,40,68,14.6,5.3,0.0,2.96,5.39999999999999,8.8,2.0,33.785714285714285,34.857142857142854,91.31639891321184,119.12633059074501,1184.013203119688,10.797108932467523,190.36899054008276,40.58432880992779,test
366_89,36.6,8.9,2025-06-06,2025,157,0,matched_negative,0,,39.9,20.6,30.3,11,38,13.7,4.9,0.0,6.47,0.2999999999999858,33.49999999999999,15.0,36.68571428571429,15.285714285714286,98.49431540683331,135.51443420559784,411.95131464894513,27.58488006726502,148.72137531122786,69.18392162213367,test
365_14,36.5,1.4000000000000001,2025-10-05,2025,278,0,matched_negative,0,,27.9,18.3,21.9,27,54,15.1,8.6,0.0,2.7,2.0000000000000036,22.199999999999996,7.0,25.871428571428567,39.0,93.07802548576413,112.32200093370083,1072.8141982173668,14.197724915956615,178.0421514776872,47.812502571091606,test
363_44,36.300000000000004,4.4,2025-10-02,2025,275,0,matched_negative,0,,24.3,14.7,18.9,31,65,16.6,8.7,0.0,2.04,5.1,19.299999999999994,1.0,25.52857142857143,37.857142857142854,90.37732072248227,69.0621974831794,1131.1598612551581,10.445049291592765,119.83351081988152,35.068659273275756,test
351_-11,35.1,-1.1,2025-09-08,2025,251,0,matched_negative,0,,34.4,22.6,28.3,31,55,14.1,6.7,0.0,3.76,0.0,0.6,45.0,34.34285714285714,24.285714285714285,94.9941243145961,660.9296021728935,1358.7190860593694,17.603238809078604,657.8196048995044,57.09153418938638,test
368_45,36.800000000000004,4.5,2025-07-05,2025,186,0,matched_negative,0,,30.1,20.3,25.0,39,51,11.4,5.6,0.0,2.43,0.5,0.5000000000000142,42.0,29.47142857142857,46.285714285714285,90.86301825951186,214.26228244040095,403.2797826560354,8.614681267905073,213.48911958091247,35.52502770224449,test
360_28,36.0,2.8000000000000003,2025-10-20,2025,293,0,matched_negative,0,,25.8,9.8,17.7,27,52,10.6,6.5,0.0,2.37,3.2000000000000033,12.5,2.0,24.171428571428578,36.857142857142854,92.39776414901577,132.14478354226256,1191.369003399976,10.286125736184001,206.91331513671864,39.75383355881999,test
360_65,36.0,6.5,2025-08-23,2025,235,0,matched_negative,0,,32.4,17.2,24.0,21,59,18.6,8.2,0.0,3.85,0.0,1.4000000000000001,80.0,34.0,16.428571428571427,96.19209824153673,619.0198501908488,1010.7974310335057,25.991575949820017,613.0131599814724,72.2860906858072,test
366_33,36.6,3.3000000000000003,2025-09-01,2025,244,0,matched_negative,0,,31.4,21.1,25.3,26,51,18.1,10.3,0.0,3.14,0.0,0.0,38.0,34.5,23.857142857142858,95.28431693330879,302.50704682954193,951.03330019922,22.405998740716374,337.01648276430217,66.0540425223373,test
367_84,36.7,8.4,2025-10-16,2025,289,0,matched_negative,0,,21.6,15.7,17.5,73,91,15.9,9.8,3.8,0.71,27.6,73.1,0.0,26.400000000000002,48.0,63.7056949546071,6.795233271875058,570.8557691301742,1.1123352283052963,13.197716028134806,0.7838943596236947,test
361_48,36.1,4.800000000000001,2025-08-09,2025,221,0,matched_negative,0,,36.3,19.9,27.5,15,32,18.8,5.2,0.0,5.14,0.0,0.5,37.0,34.82857142857143,13.857142857142858,97.89172644046047,606.2935696940867,928.0126401168139,32.947368262033734,599.6392949973175,83.163362985007,test
367_48,36.7,4.800000000000001,2025-09-10,2025,253,0,matched_negative,0,,27.9,18.9,22.3,43,79,9.3,4.1,10.1,2.15,22.10000000000001,25.500000000000007,0.0,32.44285714285714,37.714285714285715,72.90333921649585,31.880005838748183,737.4396128576817,1.1078952456024858,57.54115544943304,3.617126427631161,test
366_37,36.6,3.7,2025-08-19,2025,231,0,matched_negative,0,,40.8,20.7,29.4,9,29,13.5,8.0,0.0,6.96,0.0,2.5,25.0,35.357142857142854,19.142857142857142,98.9818696926729,326.4667378498786,853.6273931998085,29.10612100878474,333.7907678497169,77.21947155287079,test
353_58,35.300000000000004,5.800000000000001,2025-06-23,2025,174,0,matched_negative,0,,31.7,20.7,27.1,22,29,18.1,8.3,0.0,3.65,0.0,0.3,30.0,32.17142857142857,17.0,96.12289059076934,275.4793635641769,617.492938324892,25.109076864374245,275.04779721086015,70.48318882127195,test
360_50,36.0,5.0,2025-10-24,2025,297,0,matched_negative,0,,24.8,14.4,19.0,34,51,18.9,12.5,0.0,2.06,6.2999999999999785,27.400000000000013,6.0,21.87142857142857,40.142857142857146,91.06039722973733,61.25296889232277,935.1739859630535,12.92966918280064,105.26848438973946,38.20796574438864,test
368_71,36.800000000000004,7.1000000000000005,2025-06-23,2025,174,0,matched_negative,0,,31.7,18.4,24.7,46,78,14.2,5.8,0.0,2.53,0.0,0.0999999999999858,38.0,30.24285714285714,39.42857142857143,91.82680429777344,191.4130412619755,338.1997516962382,11.376479025175877,190.60756959580522,41.98094438399244,test
356_1,35.6,0.1,2025-08-02,2025,214,0,matched_negative,0,,38.9,22.0,29.1,22,59,17.8,9.1,0.0,5.4,0.0,1.6000000000000036,8.0,36.74285714285714,24.285714285714285,95.97131790478014,243.4058696560155,1009.0541220239367,24.230475778117597,303.6775890876244,69.14951444733532,test
365_18,36.5,1.8,2025-09-25,2025,268,0,matched_negative,0,,23.6,14.6,18.6,47,71,16.5,9.5,0.9,1.52,5.80000000000003,22.4,2.0,26.400000000000002,41.42857142857143,86.80095127317686,76.0324746160468,972.160152924996,6.2276129513129135,127.1951696091269,25.290746999124817,test
362_56,36.2,5.6000000000000005,2025-06-27,2025,178,0,matched_negative,0,,32.6,19.0,25.2,22,41,22.8,9.4,0.0,3.81,0.0,7.8,10.0,33.67142857142857,16.142857142857142,96.57470942438067,224.9908926373522,389.291428560673,33.816422455746604,223.92108660326716,83.21964544110568,test
363_21,36.300000000000004,2.1,2025-10-11,2025,284,0,matched_negative,0,,28.0,15.4,20.9,31,58,18.7,5.0,0.5,2.59,0.4999999999999929,5.400000000000004,10.0,28.557142857142853,26.428571428571427,92.27597867648093,161.66170979100968,1417.3901267907177,15.207465911206159,251.58619375772264,51.720766610646336,test
367_74,36.7,7.4,2025-08-01,2025,213,0,matched_negative,0,,31.2,19.3,24.8,36,58,14.9,8.7,0.0,2.89,0.3,2.5999999999999996,71.0,29.514285714285712,35.714285714285715,92.78202469957479,451.84660446098013,716.9388345664164,13.484138798280311,448.01463213505104,48.36277340645723,test
356_-1,35.6,-0.1,2025-08-29,2025,241,0,matched_negative,0,,33.1,22.9,27.2,19,38,20.7,15.3,0.0,4.11,0.7,0.7,106.0,36.41428571428572,23.0,95.72626406330633,673.178354006603,1285.3784805309976,27.126636567455023,668.7749831391837,74.14946291918429,test
350_-15,35.0,-1.5,2025-08-19,2025,231,0,matched_negative,0,,36.7,24.2,29.7,17,27,17.1,7.4,0.0,5.14,0.0,0.8000000000000036,88.0,38.271428571428565,15.714285714285714,98.23001904297445,647.1517203928219,1264.0098224429405,31.622439489356033,643.3691888040281,81.18428808643492,test
366_74,36.6,7.4,2025-08-05,2025,217,0,matched_negative,0,,31.1,15.2,23.1,25,59,15.3,6.2,0.0,3.38,0.0,1.9999999999999927,75.0,30.6,31.285714285714285,94.01295712572245,475.46335084902364,747.8781607217131,16.335885960272748,471.2264650526591,54.51632886031172,test
352_88,35.2,8.8,2025-09-04,2025,247,0,matched_negative,0,,36.1,18.1,27.3,14,48,17.6,7.1,0.0,5.18,2.6999999999999926,4.5000000000000036,2.0,33.74285714285714,25.428571428571427,97.17524656343711,160.85897596395287,1023.5424889096837,28.19979127807452,230.97027382094208,74.92876778845036,test
360_16,36.0,1.6,2025-06-07,2025,158,0,matched_negative,0,,37.3,22.5,30.1,16,33,22.7,7.6,0.0,5.36,0.0,60.0,15.0,34.41428571428572,17.714285714285715,97.40143342082797,136.3028556765554,318.3532639701737,37.57833094128444,136.19967845824732,81.13845278259555,test
367_39,36.7,3.9000000000000004,2025-07-02,2025,183,0,matched_negative,0,,33.0,20.7,26.4,40,66,12.2,5.1,0.0,2.92,0.0,0.2,39.0,32.857142857142854,29.714285714285715,93.12224748086165,288.3435941580157,469.3874625464439,12.34361004305712,286.55173114752284,45.56825137959241,test
367_77,36.7,7.7,2025-07-12,2025,193,0,matched_negative,0,,39.7,20.7,30.4,19,48,11.1,4.9,1.2,5.86,1.7000000000000035,4.399999999999993,0.0,35.77142857142857,30.428571428571427,96.18759608124118,280.3671762818004,605.6133597857448,17.800732477655217,279.77420924035573,57.239494750029166,test
362_85,36.2,8.5,2025-08-17,2025,229,0,matched_negative,0,,31.7,18.7,24.9,26,47,21.3,11.4,0.0,3.45,0.09999999999998935,1.1,40.0,31.314285714285717,24.857142857142858,93.93317035044954,326.53755891648865,782.7302011472418,21.859690559014503,326.3218511478841,65.05619044083227,test
362_78,36.2,7.800000000000001,2025-08-28,2025,240,0,matched_negative,0,,35.1,21.6,28.6,22,36,20.1,11.0,0.1,4.1,0.6999999999999929,0.7999999999999928,34.0,33.957142857142856,21.285714285714285,96.94090005792313,467.9716747983885,932.8979393723887,31.00004289570785,465.92657877356714,80.23617443662849,test
365_80,36.5,8.0,2025-07-23,2025,204,0,matched_negative,0,,40.7,21.1,29.6,12,53,11.9,4.2,0.0,6.73,0.0,1.5000000000000355,11.0,35.642857142857146,24.714285714285715,98.27798277708843,283.1538465140273,591.1369693654849,24.487179572469618,282.4122800168124,69.48254716051194,test
367_80,36.7,8.0,2025-09-01,2025,244,0,matched_negative,0,,37.7,22.6,28.1,23,53,18.9,8.9,0.0,5.03,1.1,3.1000000000000143,16.0,36.128571428571426,29.428571428571427,95.57622090023573,231.6778909283626,1012.0677989818499,24.27437186790335,294.70150810302385,69.18648874097612,test
369_70,36.9,7.0,2025-10-02,2025,275,0,matched_negative,0,,23.6,18.1,20.6,59,75,17.4,10.7,3.3,1.17,13.899999999999999,29.4,0.0,26.357142857142858,50.285714285714285,73.5167382253569,27.283828220903587,880.1302958294826,1.710446405189093,50.64286476755247,5.218144799577126,test
368_48,36.800000000000004,4.800000000000001,2025-08-29,2025,241,0,matched_negative,0,,26.9,16.9,22.1,37,59,15.1,7.0,0.0,2.18,0.3000000000000071,0.3000000000000142,34.0,32.92857142857143,29.571428571428573,92.74029610274178,215.4996060448842,805.7042695176852,13.541150557335504,258.2893056303393,48.150101120030534,test
367_59,36.7,5.9,2025-07-02,2025,183,0,matched_negative,0,,31.5,20.2,25.9,54,76,8.9,3.9,0.0,2.12,0.0,0.0,39.0,29.300000000000004,54.0,89.23604716743992,170.61781876518512,382.0135524116698,6.016785523104863,170.39649049958146,26.958098540886958,test
365_35,36.5,3.5,2025-10-30,2025,303,0,matched_negative,0,,23.0,15.0,17.4,50,81,15.6,11.3,5.4,1.4,11.999999999999986,25.299999999999986,0.0,24.800000000000004,39.285714285714285,72.70920115838143,35.703164484022025,796.0989842685283,1.5099469095547136,64.20744702177493,5.46536210181582,test
361_72,36.1,7.2,2025-10-04,2025,277,0,matched_negative,0,,23.6,9.7,16.2,37,73,14.9,6.0,0.0,1.83,13.899999999999999,50.6,3.0,23.285714285714285,39.285714285714285,89.77865468166291,22.385333891791237,702.502740323635,8.799866825180597,41.467269056013244,18.42944854547178,test
367_60,36.7,6.0,2025-06-20,2025,171,0,matched_negative,0,,27.7,17.8,23.2,52,66,9.5,4.8,0.0,1.73,0.0,5.100000000000014,27.0,30.071428571428573,45.142857142857146,89.15149487632185,129.58767060960216,280.07500524315174,6.126663226258195,129.37974683128283,25.167253409079414,test
366_53,36.6,5.300000000000001,2025-08-04,2025,216,0,matched_negative,0,,24.3,17.0,20.7,57,75,8.3,4.2,0.0,1.3,0.20000000000001422,29.399999999999984,9.0,24.528571428571432,56.857142857142854,88.18455233750684,57.2578091087206,511.70684903819324,5.019880866776862,89.48355105639132,18.366005290413533,test
360_22,36.0,2.2,2025-08-01,2025,213,0,matched_negative,0,,35.2,21.7,27.5,28,48,20.2,9.2,0.0,4.1,0.0,1.9999999999999822,7.0,32.81428571428572,26.142857142857142,94.87800794663393,214.566877541745,877.7443808844505,23.55984430642908,266.3555204022185,67.77219575958327,test
363_21,36.300000000000004,2.1,2025-10-23,2025,296,0,matched_negative,0,,30.0,15.0,21.5,30,60,21.8,10.9,0.0,2.97,2.6999999999999926,8.400000000000004,6.0,26.785714285714285,31.571428571428573,92.69938278609484,135.51782749984466,1485.0761267907178,18.87049374142129,220.68920879825802,58.609560873333,test
367_79,36.7,7.9,2025-08-05,2025,217,0,matched_negative,0,,29.5,17.0,23.5,36,68,14.6,7.4,0.0,2.55,0.0,0.8999999999999858,47.0,29.814285714285713,39.0,91.67543792361708,383.7368409565166,777.2199095475625,11.36178967418995,382.3513117545565,43.37104337826921,test
360_16,36.0,1.6,2025-08-30,2025,242,0,matched_negative,0,,32.1,18.9,25.7,16,35,13.2,6.9,0.0,4.01,0.0,0.0,99.0,35.714285714285715,18.857142857142858,96.15497818908831,745.0098090545554,1153.3612639701737,19.70068812549495,735.8656672549374,61.16528238520043,test
367_37,36.7,3.7,2025-08-19,2025,231,0,matched_negative,0,,42.7,24.2,32.1,11,32,16.8,10.0,0.0,7.62,0.0,0.7,34.0,36.385714285714286,24.285714285714285,98.87639653049752,478.43073284709226,952.472523105029,33.90205695063491,476.2988784395462,84.56207080681462,test
362_67,36.2,6.7,2025-06-29,2025,180,0,matched_negative,0,,33.1,15.4,24.6,25,49,17.0,6.8,0.0,3.77,0.0,0.6000000000000001,37.0,34.72857142857143,19.285714285714285,95.86368624288293,306.61636945165833,467.1226406495643,22.93623650929254,304.3558876871007,66.90777357881488,test
356_-9,35.6,-0.9,2025-08-23,2025,235,0,matched_negative,0,,31.8,18.8,24.8,39,66,14.2,6.8,0.0,2.83,0.0,0.8000000000000036,92.0,33.57142857142857,26.285714285714285,92.99910215704888,528.7246754986179,1125.2000774341834,13.419117620209395,526.94780669259,48.21954536545348,test
355_61,35.5,6.1000000000000005,2025-10-29,2025,302,0,matched_negative,0,,17.2,9.7,13.0,57,71,23.7,15.4,0.0,0.85,1.6000000000000143,16.399999999999995,2.0,21.685714285714287,39.285714285714285,86.9452676152082,67.53787300638983,892.2495684797825,9.136793061986157,113.58206490977328,31.38601951524573,test
344_72,34.4,7.2,2025-09-02,2025,245,0,matched_negative,0,,38.2,28.3,33.3,21,31,28.3,14.2,0.0,5.28,0.2,0.1999999999999929,101.0,39.042857142857144,21.714285714285715,96.13781086837993,878.6353853459552,1638.470485642602,42.06530991868521,871.1872946722218,95.84508988404839,test
369_68,36.9,6.800000000000001,2025-10-31,2025,304,0,matched_negative,0,,22.3,14.1,17.5,63,89,11.0,6.5,0.9,0.99,19.799999999999976,45.70000000000002,1.0,24.385714285714283,50.285714285714285,80.98200430074763,15.951576533067966,695.5504553178663,2.202304170473456,30.17319234489462,4.679483814922001,test
348_-3,34.800000000000004,-0.30000000000000004,2025-08-25,2025,237,0,matched_negative,0,,32.8,20.8,28.4,13,30,26.7,17.9,0.1,3.86,0.4000000000000036,0.4,31.0,35.357142857142854,12.571428571428571,98.28435755744731,312.67121822757986,1159.0315097685634,51.663945430006635,373.46731573181006,107.75196638576831,test
369_62,36.9,6.2,2025-10-21,2025,294,0,matched_negative,0,,25.1,15.5,20.1,46,72,16.6,7.3,0.0,1.71,28.699999999999985,52.5,3.0,22.942857142857147,63.857142857142854,88.5662648413436,13.715787582021703,629.3203046342162,8.05591632496104,26.01415459187763,13.556738502579897,test
358_5,35.800000000000004,0.5,2025-10-22,2025,295,0,matched_negative,0,,27.5,20.5,23.1,43,61,28.5,20.5,0.0,2.06,0.2999999999999929,3.599999999999993,21.0,27.714285714285715,34.0,91.56003704828623,268.37743693139805,1501.7144671396306,22.517829595762127,370.9983519379911,66.29317753614032,test
366_36,36.6,3.6,2025-07-25,2025,206,0,matched_negative,0,,25.6,19.2,22.0,47,82,18.6,11.6,2.2,1.73,2.2,2.6,0.0,31.857142857142858,36.857142857142854,83.62939160980953,139.87750525082407,609.0429268275109,4.473038653287803,177.71595911142015,22.098896007702177,test
359_31,35.9,3.1,2025-09-21,2025,264,0,matched_negative,0,,29.7,17.5,22.6,20,48,17.2,10.5,0.3,3.32,0.3000000000000142,22.1,12.0,29.885714285714283,18.571428571428573,94.8885194290822,107.53020530585843,885.5739487710935,20.283660268431824,164.97919768075445,58.81588788220158,test
367_66,36.7,6.6000000000000005,2025-08-09,2025,221,0,matched_negative,0,,37.2,21.5,28.1,22,51,15.8,5.5,0.0,4.91,0.0,1.4,85.0,33.957142857142856,27.285714285714285,96.46598982262344,476.2441610498962,793.3119999999997,23.420164326661244,472.5065496027566,67.91172787076111,test
369_43,36.9,4.3,2025-06-06,2025,157,0,matched_negative,0,,29.5,19.4,24.1,68,85,9.0,3.7,0.0,1.25,0.0,74.6,13.0,28.571428571428573,55.857142857142854,86.1561293333176,55.34580544884575,211.9690420688139,3.89573140014411,66.97387203108023,12.867639177656738,test
355_-6,35.5,-0.6000000000000001,2025-07-21,2025,202,0,matched_negative,0,,36.2,25.4,29.4,29,42,18.6,13.2,0.0,4.19,0.0,0.0,67.0,36.371428571428574,30.142857142857142,95.66632876393183,445.27652389086387,793.0681111117817,24.20491114833603,442.4640927272334,69.26552668844691,test
350_-24,35.0,-2.4000000000000004,2025-10-28,2025,301,0,matched_negative,0,,23.2,15.5,19.1,67,88,10.6,5.1,0.1,0.93,0.10000000000001422,4.9999999999999964,17.0,28.471428571428568,43.42857142857143,86.96369766677044,142.82828933305956,1423.5100335358568,4.734242569475775,228.37212202152025,23.796350932517655,test
366_52,36.6,5.2,2025-06-20,2025,171,0,matched_negative,0,,23.4,18.9,21.7,56,73,9.1,6.1,0.0,1.21,0.0,7.2,27.0,24.614285714285717,54.0,87.27281233162681,82.24450788578847,248.51331986526003,4.587205421384198,90.01430957216809,17.235471979974136,test
360_24,36.0,2.4000000000000004,2025-10-06,2025,279,0,matched_negative,0,,21.3,11.3,15.4,32,75,13.6,8.3,0.0,1.71,3.1,47.199999999999996,5.0,22.771428571428572,30.428571428571427,92.70417399581589,55.5221837944832,760.1256824310697,12.49182737047121,93.89782126544358,35.44981005779168,test
367_47,36.7,4.7,2025-10-24,2025,297,0,matched_negative,0,,23.2,13.7,17.8,43,66,11.9,5.5,0.0,1.62,12.000000000000002,76.9,6.0,20.642857142857142,49.285714285714285,89.06463816413265,16.21671661724702,388.198901021234,6.828585992701923,29.366522367331328,12.681561317126242,test
364_77,36.4,7.7,2025-08-16,2025,228,0,matched_negative,0,,30.9,19.7,24.9,37,57,19.9,7.5,0.0,2.78,0.0,1.6000000000000074,21.0,32.92857142857143,25.0,93.41007968058203,515.1899318161435,831.4445475257929,18.941346326509105,510.6232292355552,59.71390102843069,test
356_-5,35.6,-0.5,2025-09-08,2025,251,0,matched_negative,0,,35.3,23.2,27.9,35,64,14.9,6.9,1.0,3.71,1.3000000000000178,1.3999999999999964,0.0,34.357142857142854,29.142857142857142,92.22997703121455,744.6732077424433,1367.0103411909186,12.476096056899706,738.7196442450214,46.05122957449247,test
367_49,36.7,4.9,2025-10-05,2025,278,0,matched_negative,0,,26.8,14.5,20.3,40,72,12.0,8.5,4.4,2.1,6.300000000000004,60.6,0.0,25.728571428571428,45.142857142857146,79.93078086687154,23.33075184914646,619.4481062333175,2.066912452733954,42.64598237332954,5.580358790262657,test
364_31,36.4,3.1,2025-08-20,2025,232,0,matched_negative,0,,30.7,17.0,23.7,18,39,16.7,9.5,0.0,3.62,1.1999999999999718,8.4,26.0,31.942857142857143,18.571428571428573,97.13855418995405,220.35655079114497,779.5096798949452,26.817877852401008,258.2229824346594,73.14915055129238,test
349_-23,34.9,-2.3000000000000003,2025-10-29,2025,302,0,matched_negative,0,,26.7,19.7,22.5,43,62,15.3,7.4,1.4,1.99,2.4000000000000035,8.999999999999993,0.0,28.485714285714284,40.857142857142854,86.79003645139868,130.61037149794672,1333.7059141534546,5.8531229312141315,209.84517995088194,27.349182250771303,test
354_-3,35.4,-0.30000000000000004,2025-08-24,2025,236,0,matched_negative,0,,38.8,22.0,29.4,14,37,24.3,8.9,0.1,5.92,0.10000000000000356,0.20000000000001422,30.0,35.91428571428572,16.571428571428573,97.72064303579938,319.6175010701176,1145.6201991113692,42.496388147507695,376.57947521371597,96.36764860416642,test
366_34,36.6,3.4000000000000004,2025-09-18,2025,261,0,matched_negative,0,,29.9,19.2,23.5,35,60,11.3,5.2,0.0,2.63,0.0,26.999999999999986,9.0,31.25714285714286,36.857142857142854,91.62904491141747,111.78689306842604,763.4919944957339,9.558109338914441,163.66583798130452,36.45828944027643,test
366_32,36.6,3.2,2025-10-09,2025,282,0,matched_negative,0,,27.9,14.0,20.3,30,61,12.3,4.8,0.0,2.58,0.0,9.499999999999986,14.0,27.8,29.857142857142858,92.98616450573621,124.6169070326368,959.2171391829997,12.171864273324513,188.13108511550607,43.75294187949913,test
366_35,36.6,3.5,2025-09-11,2025,254,0,matched_negative,0,,28.3,14.8,21.0,26,65,11.7,6.1,0.0,2.82,18.7,19.7,2.0,31.514285714285716,32.0,92.84514578282648,89.73657521521403,780.2738848604878,11.578199071200032,139.39486002509065,39.567326756313086,test
361_25,36.1,2.5,2025-07-01,2025,182,0,matched_negative,0,,33.5,21.9,27.2,28,43,19.2,8.9,0.0,3.69,0.0,1.700000000000007,25.0,34.58571428571428,22.0,95.44720629229279,331.67214353100064,505.8034371792972,24.215028555478884,329.1256079699311,69.19679632464694,test
359_24,35.9,2.4000000000000004,2025-09-12,2025,255,0,matched_negative,0,,27.0,16.7,21.1,25,41,12.4,6.0,0.0,2.63,21.300000000000004,24.099999999999998,3.0,27.971428571428564,29.285714285714285,93.2537282270764,82.85759397144766,756.411205867602,12.699940998173803,130.08992773821433,41.061430737453044,test
365_30,36.5,3.0,2025-10-04,2025,277,0,matched_negative,0,,28.6,16.9,22.0,26,46,10.9,4.4,0.0,2.85,6.599999999999971,43.3,3.0,27.385714285714283,35.42857142857143,93.26459759613395,57.699586570912416,754.3881495524757,11.793290224072813,96.8753316976372,34.636104288213836,test
368_49,36.800000000000004,4.9,2025-10-04,2025,277,0,matched_negative,0,,25.3,13.6,18.6,41,69,11.8,5.7,0.0,1.87,2.3999999999999826,57.400000000000006,3.0,24.257142857142856,45.857142857142854,89.5665540692219,29.206447711338356,636.8678429932125,7.301726641011474,52.40475442181811,18.14752292153535,test
369_78,36.9,7.800000000000001,2025-07-24,2025,205,0,matched_negative,0,,36.4,24.1,29.4,31,64,27.5,9.1,0.0,4.18,0.0,0.0,69.0,35.84285714285714,29.714285714285715,93.67196542450984,368.642850743643,738.0833365146598,28.811825446287628,367.271617745721,76.80563744074271,test
367_68,36.7,6.800000000000001,2025-09-05,2025,248,0,matched_negative,0,,33.0,21.0,26.3,46,75,16.9,6.5,0.0,2.68,2.9000000000000212,2.900000000000007,3.0,34.65714285714285,32.142857142857146,92.10329345418653,135.67198454366218,1075.9013332056682,13.554354509433507,206.30570075350283,47.40473267759024,test
367_43,36.7,4.3,2025-06-22,2025,173,0,matched_negative,0,,35.2,19.0,26.7,18,43,12.6,5.0,0.0,4.48,0.0,1.7999999999999858,29.0,34.05714285714286,25.571428571428573,96.29083739261186,218.4947653239659,411.856931194309,19.467679513763215,217.70394692226975,59.669623299343556,test
363_32,36.300000000000004,3.2,2025-09-28,2025,271,0,matched_negative,0,,28.9,13.2,20.1,21,47,16.9,6.8,0.0,3.13,12.300000000000008,45.0,2.0,26.65714285714285,35.0,94.35372828776185,73.25539805106561,779.0400084920202,18.56194959927587,118.62432117345624,50.529538522975685,test
366_23,36.6,2.3000000000000003,2025-06-03,2025,154,0,matched_negative,0,,24.0,19.0,21.4,62,84,18.4,9.5,0.0,1.04,0.0,107.70000000000002,11.0,26.842857142857138,54.714285714285715,87.63548408723409,49.00856423320927,191.00853938627986,7.719146301963469,59.71393975293587,20.2429524953269,test
368_64,36.800000000000004,6.4,2025-08-28,2025,240,0,matched_negative,0,,33.8,21.9,26.7,30,58,20.5,11.1,0.0,3.62,0.10000000000001422,0.0999999999999859,43.0,35.285714285714285,27.0,95.23129049559196,509.4407012839612,928.7608090687114,25.103901840700093,506.1811520013919,70.80007751031171,test
370_64,37.0,6.4,2025-08-28,2025,240,0,matched_negative,0,,30.1,19.9,24.2,35,65,17.2,11.4,0.6,2.77,0.6000000000000142,0.8000000000000143,34.0,30.74285714285714,37.714285714285715,93.47805346138071,254.48540691958692,855.7960000000002,16.689357438296977,291.93861134937356,55.06652949010754,test
366_62,36.6,6.2,2025-07-26,2025,207,0,matched_negative,0,,24.4,19.0,21.6,56,70,13.0,7.9,0.0,1.35,0.2999999999999858,4.499999999999986,23.0,32.84285714285714,35.285714285714285,88.7941155326952,255.7600258618214,631.6559999999998,6.942831535007364,255.71684919156698,31.177207290807004,test
348_-16,34.800000000000004,-1.6,2025-09-22,2025,265,0,matched_negative,0,,30.6,21.2,25.0,22,43,12.6,5.8,0.0,3.26,0.9000000000000142,13.700000000000001,12.0,33.05714285714286,26.428571428571427,94.47344341562759,145.52144538078997,1186.3850667053212,15.194731985244468,222.73994371785142,51.29816781098943,test
344_88,34.4,8.8,2025-09-30,2025,273,0,matched_negative,0,,27.0,13.6,20.5,30,59,10.3,5.7,0.0,2.49,13.7,19.299999999999997,3.0,27.82857142857143,35.714285714285715,92.20163315528674,71.13517192973441,1053.8998288823252,9.85540809926773,121.72939409274998,33.95413193111412,test
369_66,36.9,6.6000000000000005,2025-10-11,2025,284,0,matched_negative,0,,26.6,17.9,21.1,44,84,11.6,5.0,4.7,1.95,7.999999999999986,25.400000000000013,0.0,25.085714285714285,49.57142857142857,77.30472750429149,46.3890814145215,868.4208335557869,1.5984123500987324,81.84784485458748,6.837690363272182,test
366_39,36.6,3.9000000000000004,2025-07-08,2025,189,0,matched_negative,0,,36.2,23.0,28.6,35,66,14.8,6.9,0.8,3.93,2.7999999999999927,3.399999999999986,5.0,35.82857142857143,31.714285714285715,92.65012684469447,181.61746107371235,576.7224472303368,13.170084816885947,203.23304505041074,46.47261972773198,test
366_72,36.6,7.2,2025-10-27,2025,300,0,matched_negative,0,,18.9,11.9,15.6,59,83,16.5,6.7,7.3,0.89,7.700000000000014,46.0,0.0,26.17142857142857,41.142857142857146,64.5891258716143,20.208406485831368,718.9206882137476,1.1911016736025308,37.76307266654107,2.7444833801263253,test
367_32,36.7,3.2,2025-06-30,2025,181,0,matched_negative,0,,29.6,21.5,26.0,54,72,14.2,7.0,0.0,1.84,0.0,0.0,37.0,30.842857142857138,46.714285714285715,89.95158979727661,166.94887714820103,488.03375533465055,8.708057950965662,179.97824649828397,34.95286853212835,test
365_33,36.5,3.3000000000000003,2025-09-02,2025,245,0,matched_negative,0,,26.3,16.3,20.6,41,70,13.5,6.7,0.0,2.01,0.0,0.29999999999998667,38.0,31.7,25.142857142857142,92.33459822598242,296.57222316238546,928.7450104518903,11.799116752394228,329.8335548896904,44.3852716005003,test
350_-13,35.0,-1.3,2025-08-03,2025,215,0,matched_negative,0,,38.4,22.8,29.7,27,55,14.8,6.3,0.0,4.96,0.0,1.0,72.0,36.114285714285714,26.285714285714285,94.8731098154718,556.6097790819088,1027.9610919898114,17.93520954625317,552.9959199517799,57.75047850902881,test
354_-7,35.4,-0.7000000000000001,2025-06-27,2025,178,0,matched_negative,0,,37.6,23.5,30.1,22,42,18.3,9.4,0.0,5.03,0.0,0.0,35.0,37.44285714285714,21.857142857142858,96.11587544044369,293.17230971277263,615.8766742391629,25.339372381520413,292.4174998151484,70.9769770365628,test
366_68,36.6,6.800000000000001,2025-08-06,2025,218,0,matched_negative,0,,33.1,17.8,25.1,24,49,14.9,5.9,0.0,3.76,0.0,3.2999999999999714,11.0,32.02857142857143,29.857142857142858,94.85791569663407,500.0972789270594,771.7709196727143,17.988274418762344,495.31707160104054,57.854065001732934,test
362_29,36.2,2.9000000000000004,2025-07-09,2025,190,0,matched_negative,0,,31.6,16.9,24.5,26,53,12.1,6.3,0.0,3.43,0.2,3.0000000000000004,28.0,31.685714285714283,23.857142857142858,95.52064122009085,327.8108626328941,503.4926514935313,17.102174444721072,325.34480758451235,56.000848265378714,test
364_37,36.4,3.7,2025-06-14,2025,165,0,matched_negative,0,,37.1,21.6,29.4,11,23,20.8,9.3,0.0,5.62,0.0,13.300000000000008,21.0,35.91428571428572,15.285714285714286,98.12030074340723,168.90745723241412,261.93281209435895,37.55699661616908,167.97804577969222,85.31420163640666,test
347_59,34.7,5.9,2025-08-26,2025,238,0,matched_negative,0,,41.2,29.4,35.7,17,28,18.5,12.7,0.0,6.49,0.0,0.20000000000000356,94.0,41.114285714285714,13.571428571428571,98.21933953336915,874.5485597794606,1579.603035666548,33.88618222956941,866.3666144660391,84.54266650137824,test
366_77,36.6,7.7,2025-08-26,2025,238,0,matched_negative,0,,38.1,22.8,30.5,21,45,15.8,7.5,0.0,5.29,0.0,0.8999999999999929,68.0,35.32857142857143,28.714285714285715,96.10375705007041,553.5758562089452,966.5819999999995,22.30356604109426,549.3435406435824,65.9453709520401,test
367_72,36.7,7.2,2025-07-24,2025,205,0,matched_negative,0,,39.7,22.9,29.4,18,53,22.9,7.0,0.0,5.93,0.0,4.1,12.0,37.55714285714286,21.857142857142858,96.98883641090146,255.10611501008444,635.444,35.92706048178642,255.09324349116264,86.85688370486918,test
353_88,35.300000000000004,8.8,2025-07-25,2025,206,0,matched_negative,0,,35.3,19.3,27.9,8,27,26.6,13.7,0.0,5.18,0.0,8.50000000000001,22.0,37.042857142857144,8.142857142857142,99.43117950870426,245.4799622734297,779.0232630802849,59.70819236455556,274.61968827704186,116.47749221655982,test
367_77,36.7,7.7,2025-10-19,2025,292,0,matched_negative,0,,24.8,15.6,18.9,51,84,15.5,5.5,0.8,1.52,22.900000000000002,54.19999999999999,1.0,27.64285714285714,41.42857142857143,83.459265313864,25.03853522796033,794.8393487483116,3.741805349058031,46.42123797775413,10.051315652786704,test
365_63,36.5,6.300000000000001,2025-08-11,2025,223,0,matched_negative,0,,34.5,20.8,27.0,22,54,17.1,5.5,0.0,4.22,0.10000000000003198,0.8,39.0,36.642857142857146,17.285714285714285,96.8917544377934,373.7761630013181,913.437698010553,26.4761066828165,373.6321145638143,73.05127734568175,test
365_18,36.5,1.8,2025-10-11,2025,284,0,matched_negative,0,,25.5,14.8,18.9,33,65,12.2,7.5,1.4,2.17,3.2000000000000304,16.1,0.0,25.02857142857143,32.857142857142854,87.52837669031038,84.60595729908736,1014.4580632779207,5.562080421965914,140.01808951258326,24.19369374271575,test
361_41,36.1,4.1000000000000005,2025-09-15,2025,258,0,matched_negative,0,,32.1,20.2,25.7,20,40,17.3,9.2,0.0,3.81,19.100000000000012,28.599999999999998,5.0,27.714285714285715,33.714285714285715,95.30293568110822,73.1817304011407,815.4901095633243,21.575496673789488,119.54391294497711,55.64074971221158,test
365_45,36.5,4.5,2025-08-08,2025,220,0,matched_negative,0,,34.8,21.4,26.9,17,31,10.6,3.5,0.0,4.62,0.0,2.8000000000000074,13.0,32.42857142857143,18.857142857142858,96.77947895171617,491.0868658881711,742.2740000000001,18.79647928875911,486.25354985852454,59.433221373440055,test
363_67,36.300000000000004,6.7,2025-07-03,2025,184,0,matched_negative,0,,33.9,19.7,26.5,26,54,12.7,4.6,1.6,3.77,2.199999999999993,2.7,0.0,34.57142857142857,23.142857142857142,92.71504216840239,189.30836163125608,508.22163350030974,11.956204209945833,196.04958998644304,43.50778604451911,test
364_23,36.4,2.3000000000000003,2025-09-26,2025,269,0,matched_negative,0,,22.5,13.8,16.9,39,77,11.0,5.3,0.2,1.66,16.499999999999993,53.0,1.0,25.3,34.857142857142854,84.52067368179513,47.922258676770944,614.9264147654078,3.435693653351269,80.21607947015777,12.932401324220606,test
354_-4,35.4,-0.4,2025-09-04,2025,247,0,matched_negative,0,,32.2,16.9,23.8,21,45,15.5,6.6,0.0,3.68,0.0,1.000000000000007,41.0,31.67142857142857,21.285714285714285,95.52600295942526,376.10639388411755,1238.0841991113693,20.313008362906395,427.5266547233939,62.306733004181076,test
364_30,36.4,3.0,2025-07-19,2025,200,0,matched_negative,0,,35.2,21.8,27.5,14,29,12.2,8.2,0.0,4.88,0.499999999999972,8.600000000000001,15.0,33.885714285714286,20.857142857142858,98.04265142965981,195.54864089691753,544.114034701638,24.101327336755073,206.00627186575053,67.56194201319921,test
361_27,36.1,2.7,2025-07-11,2025,192,0,matched_negative,0,,37.1,22.7,29.0,17,40,14.4,6.9,0.0,5.23,0.0,1.2999999999999998,38.0,36.857142857142854,18.571428571428573,97.42096200666664,383.3962765309194,630.0963480834465,24.798605538136204,380.6690707140563,70.25653011174857,test
367_45,36.7,4.5,2025-10-21,2025,294,0,matched_negative,0,,18.9,12.9,15.0,52,63,14.9,7.0,0.0,1.04,14.399999999999979,64.3,3.0,17.771428571428572,53.0,87.97915572387144,15.34147590294043,540.4407819005633,6.797389401811756,28.64975267902735,12.470744035854919,test
354_81,35.4,8.1,2025-10-30,2025,303,0,matched_negative,0,,23.2,9.7,15.8,36,65,15.3,6.4,2.1,1.82,2.8000000000000087,25.300000000000015,0.0,24.32857142857143,30.142857142857142,84.73106050611142,44.82635077542733,809.4769134699648,4.390844677726366,78.750322709874,15.484256191382368,test
364_69,36.4,6.9,2025-06-19,2025,170,0,matched_negative,0,,26.5,13.7,19.5,32,67,18.9,9.7,0.0,2.37,0.0,7.199999999999986,15.0,30.571428571428573,20.571428571428573,93.61033518905323,172.8336805748773,270.1152620672635,18.520115865598132,171.8908771346837,56.07017879701547,test
364_32,36.4,3.2,2025-08-15,2025,227,0,matched_negative,0,,33.2,20.3,25.5,21,45,19.8,8.0,0.0,4.0,0.100000000000008,5.6000000000000005,21.0,31.942857142857147,23.571428571428573,96.66077958776572,210.3465376361082,811.4808014493543,29.4100401913865,255.26981160029456,77.22956325601932,test
369_62,36.9,6.2,2025-10-14,2025,287,0,matched_negative,0,,28.6,18.6,22.7,45,68,14.6,7.0,0.0,2.08,0.6999999999999857,23.8,8.0,26.985714285714288,46.857142857142854,91.13675901412985,47.49322122768643,821.8374719015366,10.524661953554732,82.99581547579521,29.75571541287205,test
366_63,36.6,6.300000000000001,2025-09-05,2025,248,0,matched_negative,0,,33.1,21.2,26.1,37,66,13.3,4.7,0.5,3.17,1.0999999999999859,1.5999999999999859,64.0,32.542857142857144,32.57142857142857,93.19115703118476,469.547464877319,1002.5210642174553,13.173458833601662,468.11128313319034,47.65938616747455,test
366_72,36.6,7.2,2025-10-18,2025,291,0,matched_negative,0,,22.4,14.6,16.9,57,86,9.9,3.6,11.0,1.18,18.700000000000014,63.3,0.0,25.057142857142853,45.0,60.08566496918548,16.095633301252978,731.8586165388908,0.6777629905271048,30.51356822678104,0.8094705383538585,test
360_20,36.0,2.0,2025-06-19,2025,170,0,matched_negative,0,,34.1,21.6,27.0,16,31,19.8,9.7,0.0,4.5,0.2,21.200000000000006,27.0,36.84285714285714,12.857142857142858,97.54862034604308,237.67836520099505,436.4567458519153,33.1105939934589,236.7043638528339,82.50011007900136,test
357_16,35.7,1.6,2025-10-29,2025,302,0,matched_negative,0,,25.5,13.5,18.9,29,57,30.5,14.6,2.3,2.32,4.900000000000006,9.600000000000005,0.0,25.842857142857145,28.571428571428573,88.43708930042924,90.68294607847963,1400.9789628633962,15.931364761902444,156.10489263970047,50.021058611977814,test
361_68,36.1,6.800000000000001,2025-06-19,2025,170,0,matched_negative,0,,27.9,14.1,20.7,26,61,22.5,9.0,0.0,2.76,0.0,12.999999999999986,15.0,33.08571428571428,14.571428571428571,95.16103438055883,205.4347993509432,375.62588008274327,27.500434864431455,204.6328345534666,73.06211816914445,test
364_14,36.4,1.4000000000000001,2025-08-09,2025,221,0,matched_negative,0,,33.0,20.8,26.1,25,41,19.5,10.1,0.0,3.78,0.0,2.6000000000000143,15.0,35.24285714285714,16.571428571428573,96.12309897564462,213.83193210420447,838.3761713712589,26.945156727932456,261.14689231319295,73.38780407252145,test
363_55,36.300000000000004,5.5,2025-06-12,2025,163,0,matched_negative,0,,31.1,16.1,24.0,17,35,16.0,7.1,0.0,3.75,0.0,44.699999999999996,8.0,30.357142857142858,21.285714285714285,95.85340414131299,114.76416924292734,222.95586103578498,21.77873621079745,114.45069745511718,55.04948261987276,test
351_-18,35.1,-1.8,2025-09-22,2025,265,0,matched_negative,0,,25.4,22.7,23.7,53,66,10.5,6.0,0.0,1.39,0.2999999999999929,11.999999999999993,13.0,24.442857142857143,78.28571428571429,87.10028507250072,90.14884223470284,998.9497443233871,4.802921924937416,147.10864289159755,22.16209249544514,test
365_83,36.5,8.3,2025-08-23,2025,235,0,matched_negative,0,,28.1,15.0,21.1,40,72,10.5,4.0,0.0,2.23,0.29999999999998583,3.3,28.0,30.514285714285712,32.57142857142857,92.13273338486714,446.0181557886949,809.7272266674362,9.858857926939372,443.3544808936154,39.59953726923726,test
367_52,36.7,5.2,2025-08-04,2025,216,0,matched_negative,0,,26.1,21.6,23.7,46,78,10.7,6.3,0.0,1.83,0.6000000000000213,26.6,9.0,25.714285714285715,61.0,88.59389250278164,60.536749347544806,525.407529594666,6.007875163004602,93.99775983577534,21.474117259175735,test
366_57,36.6,5.7,2025-10-19,2025,292,0,matched_negative,0,,19.5,11.7,14.6,60,90,6.5,3.4,3.0,0.88,22.90000000000002,116.7,0.0,21.314285714285713,57.857142857142854,57.26592669493676,3.1115534013967423,363.6425399945833,0.4688156421063673,6.092772848459887,0.2203800502576987,test
365_88,36.5,8.8,2025-06-11,2025,162,0,matched_negative,0,,35.2,15.8,25.9,17,47,12.5,5.5,0.0,4.61,0.39999999999996805,25.3,20.0,37.65714285714286,16.857142857142858,97.0600679943731,168.3740810325296,399.38836621107106,21.476364183057566,168.27033596930033,61.148549544803714,test
368_62,36.800000000000004,6.2,2025-06-09,2025,160,0,matched_negative,0,,27.7,19.8,23.4,71,84,11.5,6.1,0.0,1.07,0.09999999999995737,69.2,15.0,27.214285714285715,67.0,86.50031444021889,69.59954068933585,183.38199999999995,4.638683998896963,71.4268988343689,15.28432707491786,test
364_17,36.4,1.7000000000000002,2025-08-18,2025,230,0,matched_negative,0,,40.9,24.6,32.3,10,22,11.6,5.0,0.0,6.95,0.0,0.20000000000000712,87.0,37.214285714285715,16.571428571428573,98.80458607825177,670.3633180546875,1129.273213640586,25.84375491464559,664.0009992220021,72.04067964781859,test
367_39,36.7,3.9000000000000004,2025-09-15,2025,258,0,matched_negative,0,,34.9,18.1,25.7,24,59,12.4,4.5,0.0,4.27,10.300000000000006,11.799999999999999,6.0,31.628571428571426,28.142857142857142,95.15401165496768,118.64533186948294,985.3788158052546,16.5155542922542,182.38894369308926,52.77218499075113,test
368_83,36.800000000000004,8.3,2025-10-17,2025,290,0,matched_negative,0,,24.0,14.4,18.8,54,81,10.7,4.6,0.2,1.38,31.399999999999988,80.0,1.0,27.328571428571426,46.857142857142854,82.05147030993292,8.46201816669035,535.6493646179377,2.459430400722987,16.28103000869175,3.41609716726297,test
365_21,36.5,2.1,2025-09-28,2025,271,0,matched_negative,0,,28.4,16.7,21.3,23,46,11.7,8.5,0.0,2.98,7.0999999999999925,24.999999999999993,3.0,25.657142857142862,44.714285714285715,93.81840837782502,75.11738131365118,863.646320845571,13.26295652161146,123.40193247261756,41.434345402260234,test
369_45,36.9,4.5,2025-06-20,2025,171,0,matched_negative,0,,30.0,19.1,24.6,51,62,15.8,7.7,0.0,2.09,0.0,12.600000000000001,27.0,30.75714285714286,40.857142857142854,90.12365304525726,118.31072581226101,336.01586224343447,9.674728675160637,125.84596817246289,33.96681223036286,test
365_36,36.5,3.6,2025-10-25,2025,298,0,matched_negative,0,,33.4,14.2,21.9,16,51,12.1,7.3,0.0,4.28,0.0,17.89999999999999,7.0,28.642857142857142,33.0,96.24350643016435,68.06306410098578,994.8074706828954,18.862506387354312,116.24321251721041,50.646346335104745,test
365_49,36.5,4.9,2025-07-15,2025,196,0,matched_negative,0,,34.4,21.6,28.6,24,45,15.5,10.1,0.0,4.12,0.10000000000000756,5.3999999999999995,9.0,32.52857142857143,34.42857142857143,96.45021905549994,173.24235301588027,511.33896896611674,23.019877646970308,187.59288280552101,64.96265317609253,test
366_89,36.6,8.9,2025-06-29,2025,180,0,matched_negative,0,,35.8,21.8,28.5,30,58,12.9,6.9,0.0,4.02,0.0,1.099999999999993,38.0,37.385714285714286,23.285714285714285,94.1562712966004,318.50220629359796,642.4873146489449,14.765147127654602,317.4468778328504,51.104920262819896,test
366_44,36.6,4.4,2025-06-08,2025,159,0,matched_negative,0,,36.1,24.4,29.7,24,47,11.0,4.0,0.0,4.52,0.0,82.09999999999998,15.0,33.4,33.57142857142857,95.12108781393077,114.04550430377506,224.7789769179747,15.321452435998195,113.75177490184096,44.03750906392942,test
361_26,36.1,2.6,2025-08-21,2025,233,0,matched_negative,0,,33.7,19.9,26.2,20,38,21.7,8.6,0.0,4.14,0.10000000000000711,1.2,49.0,37.042857142857144,16.571428571428573,97.21249960763014,474.4838305729739,1062.3643394373087,34.84399784350934,473.4620084374986,85.92655326316151,test
366_89,36.6,8.9,2025-09-16,2025,259,0,matched_negative,0,,37.8,21.0,27.8,21,52,16.8,4.2,0.0,5.19,4.899999999999986,9.099999999999994,6.0,34.0,30.285714285714285,96.40626986710845,116.59867720204498,1272.4616156006402,24.43334047756317,189.73311545840264,67.44745454473315,test
367_83,36.7,8.3,2025-09-22,2025,265,0,matched_negative,0,,28.2,20.7,23.9,52,68,13.0,5.2,2.6,1.84,2.5999999999999788,17.100000000000016,0.0,30.257142857142856,42.0,82.19313683968817,79.91504030182507,971.2125551159114,2.8098144803018252,132.56102502570738,14.36290293073133,test
365_51,36.5,5.1000000000000005,2025-09-28,2025,271,0,matched_negative,0,,22.7,7.8,14.8,21,56,10.0,5.4,0.0,2.15,29.40000000000002,74.5,1.0,21.02857142857143,47.142857142857146,89.34637971711432,12.649896726114761,547.0943064432606,6.46121668564044,23.917258285442696,10.873471455939248,test
364_29,36.4,2.9000000000000004,2025-09-06,2025,249,0,matched_negative,0,,36.9,23.3,29.9,15,30,13.9,7.7,0.0,5.24,0.0,1.2000000000000002,43.0,30.74285714285714,26.285714285714285,97.11181859768588,298.0203582847315,919.3524578589537,23.20595102577171,329.2299889846648,67.45016437096011,test
359_17,35.9,1.7000000000000002,2025-07-10,2025,191,0,matched_negative,0,,36.4,21.4,29.1,17,35,16.7,7.6,0.0,5.04,0.0,0.1,48.0,35.4,17.0,97.44389244516742,415.9251002213414,698.5557241895681,27.93087813928379,412.97753069922453,75.43253827972698,test
366_62,36.6,6.2,2025-06-30,2025,181,0,matched_negative,0,,33.2,19.2,25.9,29,55,15.3,5.5,0.0,3.52,0.0,2.599999999999986,26.0,32.05714285714286,33.0,93.46223168505229,226.45125357245996,381.596,15.132200258017939,225.29581499313937,51.212356193043114,test
365_20,36.5,2.0,2025-06-07,2025,158,0,matched_negative,0,,29.9,18.8,24.3,51,70,8.0,3.7,0.0,2.02,0.09999999999999645,102.60000000000001,14.0,27.04285714285714,46.285714285714285,88.73674199990711,76.65570873471518,211.12762118506143,5.3522836618131295,80.36478526817442,18.15244832268237,test
365_87,36.5,8.700000000000001,2025-08-30,2025,242,0,matched_negative,0,,32.4,20.8,25.7,33,67,20.7,10.2,0.0,3.27,1.5999999999999681,1.6000000000000072,2.0,37.6,22.285714285714285,93.95374698839646,678.5707318576815,1164.9380754232034,21.26927579442335,672.3829727452028,64.07964523307749,test
354_12,35.4,1.2000000000000002,2025-07-17,2025,198,0,matched_negative,0,,35.2,20.1,28.1,12,30,16.8,7.1,0.0,4.81,1.0999999999999752,1.100000000000007,5.0,34.957142857142856,17.571428571428573,97.60355762560759,475.9925289907445,713.890648811566,28.67350511597738,471.3293402635075,76.6255581402966,test
365_38,36.5,3.8000000000000003,2025-09-22,2025,265,0,matched_negative,0,,29.2,20.4,24.1,37,66,11.5,5.4,0.6,2.54,0.6000000000000213,16.1,13.0,32.44285714285714,30.428571428571427,92.76676988270296,125.45833638325313,1057.4459333405223,11.336714573899803,193.5179104695595,41.9764634512219,test
366_40,36.6,4.0,2025-07-11,2025,192,0,matched_negative,0,,34.0,21.7,27.6,26,43,13.0,5.1,0.0,3.8,0.0,2.400000000000014,8.0,34.385714285714286,28.285714285714285,95.2427323311085,202.73114632250906,517.6404541853232,17.230157731930714,204.870840048535,55.02702743651653,test
367_62,36.7,6.2,2025-08-04,2025,216,0,matched_negative,0,,26.9,17.2,22.0,30,60,13.3,5.1,0.0,2.44,0.0,4.499999999999972,10.0,28.685714285714283,34.857142857142854,93.1889278999436,167.61222150821348,696.9943533422835,13.16935432026239,209.3587180676985,46.62220926859815,test
344_72,34.4,7.2,2025-07-31,2025,212,0,matched_negative,0,,36.8,26.2,31.9,25,31,23.3,13.8,0.0,4.62,0.1,0.0999999999999929,68.0,37.95714285714286,20.428571428571427,95.79518197212474,658.8063642999551,1311.5024856426023,31.214557429149504,655.2085199029498,80.5669300345689,test
356_69,35.6,6.9,2025-08-30,2025,242,0,matched_negative,0,,31.2,17.6,24.2,21,57,19.6,6.0,0.0,3.49,0.19999999999999468,0.20000000000000712,36.0,35.74285714285715,15.857142857142858,96.3729958462457,319.363800882706,1083.5088455227572,28.00992999183092,367.74550140675285,75.53239217798172,test
350_63,35.0,6.300000000000001,2025-08-04,2025,216,0,matched_negative,0,,29.2,16.6,22.9,16,40,16.7,8.4,0.0,3.39,2.000000000000014,15.5,5.0,28.12857142857143,24.285714285714285,95.81209732714201,150.1207843454673,619.3237234022881,22.434620765921288,186.95146242784188,63.92631007286433,test
349_-20,34.9,-2.0,2025-10-15,2025,288,0,matched_negative,0,,24.1,16.0,18.8,59,85,11.2,3.9,0.0,1.23,7.0999999999999925,7.4000000000000075,4.0,25.728571428571428,45.285714285714285,88.1670905732826,80.38743584078775,882.0097987655016,5.795219556503643,130.9398356805428,24.31766159644096,test
366_36,36.6,3.6,2025-10-03,2025,276,0,matched_negative,0,,24.5,11.5,17.5,40,67,11.4,5.2,0.0,1.85,3.3,42.0,2.0,25.014285714285712,37.0,89.6724255608711,54.691223285493905,764.0989261417337,7.26551980369849,92.78031343993007,24.401177327249336,test
347_-4,34.7,-0.4,2025-10-27,2025,300,0,matched_negative,0,,20.6,14.0,16.6,54,79,16.7,11.3,1.6,1.12,1.6000000000000154,11.6,0.0,26.042857142857144,30.285714285714285,82.58045558467329,131.17388215241627,1272.699419334671,3.5521696183814537,208.59848115121974,19.19676001521328,test
369_40,36.9,4.0,2025-10-03,2025,276,0,matched_negative,0,,25.3,17.6,21.3,50,67,12.8,7.1,0.0,1.59,0.5999999999999787,44.3,7.0,26.428571428571427,47.42857142857143,88.8023168217418,40.07687753669565,736.5870232734411,6.881310194598798,70.55650361064245,20.342489554265498,test
366_55,36.6,5.5,2025-06-17,2025,168,0,matched_negative,0,,26.4,17.7,22.0,55,75,8.0,3.5,0.0,1.41,0.0,12.3,13.0,28.514285714285712,33.142857142857146,89.88108383172016,109.45962886272378,226.01278362183277,6.3074256816947045,109.23300934779346,23.92319107415565,test
364_59,36.4,5.9,2025-08-04,2025,216,0,matched_negative,0,,31.0,18.2,24.2,24,56,14.2,4.7,0.0,3.22,0.4999999999999787,1.0,72.0,31.814285714285717,31.142857142857142,95.45071180326,489.0484608725676,782.4460256739143,18.830936493424275,484.7714410885924,59.49977251275272,test
364_26,36.4,2.6,2025-07-19,2025,200,0,matched_negative,0,,37.7,24.3,29.1,13,35,18.1,12.0,0.0,5.69,0.3999999999999858,0.9,56.0,34.67142857142857,26.428571428571427,98.15983659172801,342.95630093468253,639.1208554369695,32.95081529516415,341.34110685538246,83.08631166825678,test
365_18,36.5,1.8,2025-06-08,2025,159,0,matched_negative,0,,34.1,23.2,28.7,23,44,9.4,4.5,0.0,3.96,0.20000000000002843,90.39999999999999,16.0,30.242857142857144,27.714285714285715,94.97367913178238,108.64797480857538,254.43128142767867,13.8522643256207,108.5709040729929,40.49096752407382,test
364_22,36.4,2.2,2025-09-18,2025,261,0,matched_negative,0,,30.5,18.2,24.5,20,39,12.2,6.6,0.0,3.49,0.0,37.5,9.0,30.642857142857142,23.714285714285715,95.8126983803357,100.07689007187426,651.9674717988665,17.88445440916032,144.64595841328992,52.70906182408373,test
367_81,36.7,8.1,2025-06-20,2025,171,0,matched_negative,0,,29.9,19.0,24.4,41,68,15.1,7.4,0.0,2.5,1.4,7.8,1.0,33.1,33.142857142857146,90.31614444712244,181.04812397601128,326.1016580859654,9.600286820853839,180.3417737267343,37.27881370164685,test
369_44,36.9,4.4,2025-10-19,2025,292,0,matched_negative,0,,24.1,14.8,18.8,59,80,11.6,6.1,0.2,1.22,10.299999999999999,66.2,1.0,25.142857142857142,58.285714285714285,84.91733000645752,23.72746891613171,562.3403049187048,3.738054106773627,42.926789749422426,9.588088583799706,test
369_42,36.9,4.2,2025-07-13,2025,194,0,matched_negative,0,,30.4,22.6,26.9,48,65,12.2,8.1,0.1,2.28,0.10000000000001422,0.1,50.0,31.285714285714285,51.285714285714285,91.1282505767346,207.57938341364886,526.008917190038,9.31451532544783,208.9819340711787,37.30971310181014,test
367_58,36.7,5.800000000000001,2025-09-08,2025,251,0,matched_negative,0,,34.4,23.3,27.4,33,55,17.4,8.7,2.1,3.63,4.300000000000015,4.2999999999999865,0.0,31.228571428571428,45.857142857142854,90.9902876817016,115.13670968817819,899.7332057772629,11.869253332868649,174.46026171853254,42.5105375382479,test
345_71,34.5,7.1000000000000005,2025-09-05,2025,248,0,matched_negative,0,,39.1,28.1,33.2,21,36,15.5,9.6,0.0,5.39,0.1000000000000009,0.10000000000000711,104.0,37.32857142857143,24.285714285714285,96.27822815051141,889.0216756412505,1675.4338054314853,22.492594825184078,881.6958738771002,66.28253866561727,test
365_62,36.5,6.2,2025-06-27,2025,178,0,matched_negative,0,,32.3,21.9,26.5,43,70,16.9,6.3,0.0,2.71,0.0,2.699999999999993,23.0,35.699999999999996,26.285714285714285,92.53722083205973,248.6722276054661,411.7290207942735,14.409514073300016,247.2909128594801,49.96497322774789,test
368_40,36.800000000000004,4.0,2025-06-11,2025,162,0,matched_negative,0,,31.5,15.1,23.2,23,49,10.9,5.3,0.0,3.56,0.0,60.599999999999994,18.0,28.185714285714287,48.57142857142857,94.20236306406525,81.28592513448073,195.69628995747743,13.435008217596023,81.25202683798467,34.66296484467039,test
365_38,36.5,3.8000000000000003,2025-08-22,2025,234,0,matched_negative,0,,33.5,17.8,25.2,24,59,16.4,5.7,0.0,3.9,0.0,1.9,27.0,35.44285714285714,19.142857142857142,95.88711612784417,433.9454379974368,939.4170202159793,22.323943124966892,432.79087941485614,65.97406271728273,test
367_74,36.7,7.4,2025-08-23,2025,235,0,matched_negative,0,,32.5,19.9,25.3,35,66,13.4,6.9,0.0,3.14,0.0,0.5,93.0,34.34285714285714,29.428571428571427,92.50103187766429,564.16045407098,915.6868345664163,12.018302675479637,558.9315080136691,44.9709605031681,test
364_79,36.4,7.9,2025-06-01,2025,152,0,matched_negative,0,,27.3,13.1,20.4,30,56,14.4,7.8,0.0,2.53,0.0,108.9,7.0,24.314285714285717,40.714285714285715,92.14443074094801,42.06142075786425,104.7662845891382,12.019656061835029,42.05919470200696,23.234649407480408,test
350_-5,35.0,-0.5,2025-08-11,2025,223,0,matched_negative,0,,33.4,20.0,26.2,19,38,19.7,8.8,0.0,4.18,0.0,6.700000000000004,17.0,36.74285714285714,14.428571428571429,97.17181937564187,212.65813537477754,985.7133875583417,31.333144873281658,276.29586520434145,80.39018289465977,test
367_71,36.7,7.1000000000000005,2025-09-22,2025,265,0,matched_negative,0,,29.6,20.7,24.9,43,63,7.8,4.0,2.0,2.33,1.999999999999993,10.4,0.0,32.114285714285714,36.0,85.70675166150228,114.02073930346683,1105.4037102103157,3.443186845086406,181.29158821265122,18.357848017901947,test
366_36,36.6,3.6,2025-07-09,2025,190,0,matched_negative,0,,30.6,19.2,24.5,46,71,12.5,5.7,0.0,2.31,0.0,0.0,46.0,31.4,40.57142857142857,91.5223051983509,260.9000307498062,457.690926827511,10.00126869152033,259.6206263335623,39.68886313437464,test
366_37,36.6,3.7,2025-09-08,2025,251,0,matched_negative,0,,33.9,23.5,27.3,29,47,18.7,7.9,0.0,3.74,0.20000000000002843,0.7,45.0,33.27142857142857,27.428571428571427,95.41244221281487,433.5815006398786,1026.0673931998085,23.50094908453234,433.14126149859186,68.04744690194468,test
362_62,36.2,6.2,2025-06-21,2025,172,0,matched_negative,0,,33.1,16.0,24.6,15,40,20.8,5.6,0.0,4.24,0.0,8.3,17.0,32.6,18.428571428571427,96.59140056599921,208.07152243999374,413.28913745683985,30.6431519737075,207.46896929791873,78.01518678990713,test
365_19,36.5,1.9000000000000001,2025-06-16,2025,167,0,matched_negative,0,,32.3,18.4,24.1,28,57,11.0,5.5,0.0,3.43,0.7000000000000213,25.40000000000001,24.0,33.857142857142854,21.142857142857142,95.2393399411942,160.75287581724422,253.64474468476143,15.571118770029711,159.91158136607618,49.588503508015464,test
368_75,36.800000000000004,7.5,2025-10-23,2025,296,0,matched_negative,0,,30.2,18.3,23.7,35,62,21.5,12.4,0.0,2.78,3.8,30.5,5.0,27.25714285714286,40.142857142857146,92.11824596713218,63.45296453036215,1059.8736411534783,17.12627923184077,110.38455561535311,46.69137448115781,test
351_62,35.1,6.2,2025-07-04,2025,185,0,matched_negative,0,,30.0,20.3,25.5,25,45,9.2,6.0,0.0,3.12,1.9,4.499999999999993,1.0,32.642857142857146,23.0,93.82491718134598,296.5959544754235,589.0061759012339,11.703684264435188,295.58138007905336,44.0820670805211,test
367_63,36.7,6.300000000000001,2025-09-03,2025,246,0,matched_negative,0,,32.1,16.9,23.4,31,61,12.1,6.3,0.0,3.31,0.6999999999999929,0.9999999999999999,40.0,30.185714285714287,36.285714285714285,92.62818545340414,312.37743069267606,974.8026938159802,11.45940317997322,346.8682987224009,43.58562787752216,test
364_21,36.4,2.1,2025-10-01,2025,274,0,matched_negative,0,,25.3,14.9,18.3,52,84,12.8,7.2,5.9,1.55,10.600000000000005,33.2,0.0,25.571428571428573,34.714285714285715,73.46449166248966,55.26599556547192,860.1451340280605,1.3534394097843716,95.23448890366747,6.497622042014748,test
364_79,36.4,7.9,2025-08-26,2025,238,0,matched_negative,0,,36.8,22.7,29.3,16,35,17.3,8.5,0.0,5.19,1.2999999999999983,1.900000000000002,2.0,32.971428571428575,26.142857142857142,96.96405031046318,499.0107604718644,879.926284589138,27.004210320442418,495.53253422431476,73.94821327583082,test
346_-2,34.6,-0.2,2025-08-01,2025,213,0,matched_negative,0,,36.0,20.7,26.9,14,40,22.6,10.9,0.1,5.1,0.10000000000000711,5.400000000000007,7.0,32.885714285714286,17.0,97.59258612822596,177.93347899138226,854.2471409064823,38.350976962211675,234.0103266997649,89.82323583487744,test
367_68,36.7,6.800000000000001,2025-10-13,2025,286,0,matched_negative,0,,31.5,16.1,23.1,26,55,14.3,4.2,0.0,3.42,1.700000000000023,25.20000000000001,1.0,28.74285714285714,33.285714285714285,93.80950956955056,86.06163445273079,1135.8595920801167,15.100882740434606,144.71198120303785,47.41503524746381,test
355_29,35.5,2.9000000000000004,2025-08-01,2025,213,0,matched_negative,0,,39.0,23.9,30.8,14,33,32.7,9.6,0.0,5.87,0.0,7.199999999999986,7.0,34.98571428571429,17.0,97.76221695811047,190.27832847860978,936.6947513204351,65.24833474801481,252.38445376808022,122.07112601784961,test
365_19,36.5,1.9000000000000001,2025-07-25,2025,206,0,matched_negative,0,,21.0,17.4,19.4,84,96,20.1,14.2,9.0,0.37,9.100000000000021,9.800000000000008,0.0,30.714285714285715,39.142857142857146,50.69183298494232,87.7599978301215,558.9748308494162,0.49074498437665676,126.04629116999028,2.6087615475882115,test
366_81,36.6,8.1,2025-07-09,2025,190,0,matched_negative,0,,28.8,19.4,23.8,48,68,16.6,7.7,0.0,1.98,0.20000000000000356,3.3000000000000074,20.0,32.0,39.57142857142857,90.77389633501923,213.08719624906448,470.9798383106768,11.053885887053625,212.75248373590352,41.76497882913576,test
364_26,36.4,2.6,2025-10-18,2025,291,0,matched_negative,0,,23.6,14.1,17.7,41,79,14.0,5.4,0.0,1.71,5.399999999999986,15.299999999999999,1.0,25.842857142857145,41.0,87.57936496221632,84.75511271005134,999.358609447392,6.1347104410131434,139.85717884531283,25.89291872583865,test
358_74,35.800000000000004,7.4,2025-10-31,2025,304,0,matched_negative,0,,20.2,10.6,14.7,41,73,15.5,9.7,0.0,1.38,5.7,47.2,1.0,22.085714285714285,34.857142857142854,86.67751565920395,22.511693793406117,453.00180415761145,5.818766856706673,40.047977950511324,13.213515617262408,test
347_60,34.7,6.0,2025-10-22,2025,295,0,matched_negative,0,,31.9,20.8,26.1,26,39,26.4,16.2,0.0,3.48,17.400000000000002,28.5,4.0,28.271428571428572,36.142857142857146,93.98607116025859,56.270828170901524,1010.2675603814423,28.473319175910003,98.78597245276013,61.0950784671813,test
359_73,35.9,7.300000000000001,2025-09-22,2025,265,0,matched_negative,0,,27.8,17.8,21.3,35,61,25.0,7.9,4.1,2.42,4.099999999999985,11.799999999999999,0.0,30.12857142857143,24.0,85.61322287967818,91.77281293902267,1018.061415109023,8.085362867571124,149.78893877114172,31.908729291476423,test
365_15,36.5,1.5,2025-07-10,2025,191,0,matched_negative,0,,31.1,22.6,26.6,47,64,10.4,4.6,0.0,2.37,0.0,0.0,48.0,30.228571428571428,53.142857142857146,89.67469459092588,218.52480017103935,594.5191703033177,6.910729748433047,227.75882395490353,30.85625715107971,test
366_45,36.6,4.5,2025-07-06,2025,187,0,matched_negative,0,,33.7,18.7,25.9,20,41,10.1,3.5,0.2,4.16,2.6000000000000214,3.9999999999999862,4.0,31.985714285714288,24.428571428571427,95.54327322554926,290.2550402100548,433.0962581376358,15.510327503166067,288.09228179725153,52.60508989911842,test
355_71,35.5,7.1000000000000005,2025-07-14,2025,195,0,matched_negative,0,,39.7,25.1,32.3,9,19,19.8,10.5,0.0,6.57,1.4999999999999867,5.200000000000014,2.0,35.41428571428572,16.714285714285715,98.84012831683314,207.46551305049806,675.5039867571418,39.248372918221634,234.71372243213537,91.05296992694231,test
367_76,36.7,7.6000000000000005,2025-10-11,2025,284,0,matched_negative,0,,29.1,18.8,23.0,35,67,13.1,4.6,0.5,2.58,2.100000000000001,28.300000000000004,1.0,27.914285714285715,34.57142857142857,91.5074913194049,73.01340980176971,1053.9140141369107,10.28660863936706,124.46926117797507,35.22719654291981,test
364_74,36.4,7.4,2025-10-18,2025,291,0,matched_negative,0,,20.3,13.4,15.6,52,81,10.7,3.2,3.8,1.11,10.500000000000007,65.60000000000001,0.0,23.714285714285715,36.714285714285715,71.24918002890341,20.467935084584113,700.2355897155801,1.1177737025813563,38.14818491075008,2.544416687557275,test
366_37,36.6,3.7,2025-10-08,2025,281,0,matched_negative,0,,25.1,10.3,16.9,34,64,12.6,5.4,0.0,2.07,0.40000000000002844,32.3,7.0,25.400000000000002,32.57142857142857,92.85815197648657,62.646468999515804,926.1187298231185,12.137495008707102,107.16948012540485,36.95095364008779,test
365_79,36.5,7.9,2025-09-18,2025,261,0,matched_negative,0,,27.6,16.5,21.0,44,74,13.0,5.3,0.0,2.07,0.0,8.800000000000015,7.0,30.114285714285717,32.142857142857146,91.66500653713265,121.3681166876655,1017.7861536921449,10.46621948646498,186.99089622733868,39.668792540350964,test
367_46,36.7,4.6000000000000005,2025-07-10,2025,191,0,matched_negative,0,,28.6,17.3,22.3,39,56,9.2,4.3,0.0,2.4,0.7999999999999858,6.699999999999972,7.0,27.9,38.857142857142854,90.5909771851197,166.1987219505992,427.94303385361667,7.417040548031027,168.65123516389022,31.012094009916282,test
365_34,36.5,3.4000000000000004,2025-08-13,2025,225,0,matched_negative,0,,33.0,18.2,25.6,19,43,17.3,7.4,0.0,3.97,0.0,5.3999999999999995,18.0,32.84285714285714,26.428571428571427,95.67564942805137,204.11091226758526,766.5469365776878,22.698868089445277,245.07773647681427,66.03346377256908,test
344_59,34.4,5.9,2025-10-20,2025,293,0,matched_negative,0,,26.6,16.0,21.4,48,73,15.9,8.3,0.0,1.8,4.1000000000000005,22.700000000000003,3.0,27.1,38.857142857142854,88.77835467472393,89.32471400351298,1156.8462356741175,8.017110596989587,149.7436635502088,31.725366992936678,test
359_20,35.9,2.0,2025-10-17,2025,290,0,matched_negative,0,,19.2,11.0,13.9,49,80,10.0,6.4,4.2,1.14,8.199999999999994,20.8,0.0,22.099999999999998,40.142857142857146,70.25227955390129,70.00628681090885,1029.3501401156202,1.0438716001971804,119.66626371945318,5.862500063993077,test
369_68,36.9,6.800000000000001,2025-09-04,2025,247,0,matched_negative,0,,32.8,17.7,24.5,40,71,11.1,4.5,0.0,2.9,3.699999999999979,4.000000000000014,2.0,30.785714285714285,41.142857142857146,91.2472250739292,118.34063605156061,936.945153959155,8.962740309083628,179.88153521118304,35.6199570537861,test
366_54,36.6,5.4,2025-07-25,2025,206,0,matched_negative,0,,23.0,18.8,21.0,61,89,17.8,8.4,9.6,1.07,9.600000000000056,12.999999999999986,0.0,28.885714285714283,36.714285714285715,66.38963816963812,69.90901752022535,502.48829146235,1.362819135783106,103.73687933073116,6.913074079385685,test
362_12,36.2,1.2000000000000002,2025-10-19,2025,292,0,matched_negative,0,,27.8,14.4,19.8,21,62,13.1,3.8,0.0,2.95,1.7999999999999938,4.5,2.0,28.071428571428573,34.0,94.08168155877287,268.8059647515391,1585.3638412378493,14.761535785265764,377.5664639686767,51.167112319240324,test
365_74,36.5,7.4,2025-06-29,2025,180,0,matched_negative,0,,33.6,17.9,26.0,33,65,15.5,6.3,0.0,3.47,0.0,0.9999999999999787,38.0,35.5,27.0,94.32140781969747,265.0523565679041,413.0181594348064,17.22059383295281,263.31832210701555,55.97363832049676,test
368_84,36.800000000000004,8.4,2025-07-14,2025,195,0,matched_negative,0,,32.6,22.6,26.9,48,76,10.8,5.0,0.0,2.49,0.0,1.699999999999986,25.0,31.514285714285712,43.857142857142854,91.59788193196293,250.4651086419575,509.16799999999995,9.279190771238875,249.75703227526157,37.73357406998059,test
347_-2,34.7,-0.2,2025-10-04,2025,277,0,matched_negative,0,,25.3,13.4,19.6,22,43,9.9,4.3,0.0,2.51,5.500000000000005,37.7,5.0,24.97142857142857,28.857142857142858,93.59132805295039,45.07431649791966,870.5012244348992,11.736479823122876,79.81644809432251,31.41550732976057,test
363_53,36.300000000000004,5.300000000000001,2025-08-25,2025,237,0,matched_negative,0,,34.0,20.8,26.7,17,34,23.2,6.8,0.2,4.41,0.30000000000001426,0.29999999999998583,30.0,32.699999999999996,16.857142857142858,96.67565945370961,385.68365057924757,890.0200440565525,34.97590121178881,385.1508107163142,86.08926105051144,test
359_60,35.9,6.0,2025-06-09,2025,160,0,matched_negative,0,,34.1,18.4,26.3,15,36,18.2,6.8,0.0,4.55,2.0,23.2,5.0,32.44285714285714,17.0,96.90828894556445,144.2145889811423,385.2196110938316,28.04708013465032,148.9878235177534,69.90820391626146,test
368_82,36.800000000000004,8.200000000000001,2025-06-07,2025,158,0,matched_negative,0,,33.5,21.5,27.9,33,51,19.2,9.4,0.0,3.42,0.0,43.300000000000004,16.0,33.971428571428575,31.714285714285715,94.51191599826778,104.56111770332416,209.08460006466336,21.30249876859878,104.3089238113025,52.29405599414295,test
362_79,36.2,7.9,2025-10-05,2025,278,0,matched_negative,0,,25.2,14.1,19.0,36,68,16.4,12.1,0.0,2.03,11.39999999999998,59.70000000000001,2.0,23.271428571428572,45.857142857142854,90.30094883029008,24.109573017249854,675.2375430534703,10.227969930870982,44.26766784306419,21.2514172982988,test
366_89,36.6,8.9,2025-09-03,2025,246,0,matched_negative,0,,33.3,19.7,26.1,27,57,17.6,5.3,0.0,3.74,3.199999999999986,3.499999999999993,1.0,36.0,27.571428571428573,93.80644591343994,138.44841580040472,1302.291314648945,17.82522773402312,218.7561491757309,56.551286125729796,test
364_60,36.4,6.0,2025-07-07,2025,188,0,matched_negative,0,,36.7,20.1,28.6,22,51,14.2,4.5,0.0,4.82,1.699999999999986,2.0,4.0,35.2,25.285714285714285,95.65545701873782,209.7632349433801,479.61691161705863,19.362962671710154,209.52579920794622,59.26136205711508,test
367_33,36.7,3.3000000000000003,2025-09-25,2025,268,0,matched_negative,0,,25.3,18.9,22.0,54,76,14.4,7.3,4.4,1.49,19.7,33.2,0.0,27.37142857142857,56.285714285714285,73.88952288906677,38.152530343475796,768.564745197619,1.4956738515448311,67.8808336409849,5.635158238497344,test
366_51,36.6,5.1000000000000005,2025-07-19,2025,200,0,matched_negative,0,,31.9,23.7,28.2,23,42,19.1,10.0,0.0,3.1,1.0000000000000284,2.0,3.0,30.728571428571428,39.857142857142854,94.61163518419659,239.84102160049045,531.2164365608695,21.48845589175534,239.45104884644945,63.79984359678227,test
366_44,36.6,4.4,2025-07-10,2025,191,0,matched_negative,0,,36.1,22.0,28.6,27,48,14.4,7.6,0.0,4.38,0.0,1.5999999999999788,47.0,34.971428571428575,32.714285714285715,94.43170037378826,326.08080626177497,538.1989769179746,16.5418884009282,323.9850756329078,54.857980894035094,test
368_82,36.800000000000004,8.200000000000001,2025-09-29,2025,272,0,matched_negative,0,,28.9,13.1,20.4,35,74,13.0,5.3,0.0,2.55,22.799999999999976,41.300000000000004,2.0,27.371428571428574,49.0,90.96316929246528,23.55519763164269,779.2421645005782,9.472288909983591,43.8003644179212,19.999974804718065,test
367_51,36.7,5.1000000000000005,2025-10-20,2025,293,0,matched_negative,0,,28.2,16.2,20.8,32,62,12.8,9.0,0.0,2.6,9.9,68.7,2.0,24.985714285714284,56.142857142857146,90.58538296051049,20.29257704894231,567.7069277378788,8.885182424856845,37.25589201597823,17.567946281043508,test
368_78,36.800000000000004,7.800000000000001,2025-06-20,2025,171,0,matched_negative,0,,31.1,20.4,25.4,36,66,15.2,7.7,0.0,2.83,0.7,1.5000000000000018,35.0,32.41428571428572,32.142857142857146,91.67762206238955,188.70687228312946,411.98067138352957,11.714174629668861,188.39583223620087,42.70257825443264,test
364_68,36.4,6.800000000000001,2025-10-08,2025,281,0,matched_negative,0,,21.5,7.7,13.7,30,67,9.4,5.6,0.0,1.8,7.200000000000007,68.7,2.0,18.728571428571428,46.0,90.50308388141573,17.990589345323585,550.5756012835527,7.398665911462145,33.263857076210776,14.421376458245783,test
363_85,36.300000000000004,8.5,2025-08-02,2025,214,0,matched_negative,0,,30.0,17.4,23.2,28,53,13.6,6.8,0.0,3.07,0.0,2.0,31.0,27.857142857142858,31.285714285714285,93.23931078876006,314.8611559444107,666.8673487253055,13.464425196998604,314.0586347582473,48.226524199008566,test
367_57,36.7,5.7,2025-09-19,2025,262,0,matched_negative,0,,27.6,18.9,23.0,59,75,11.2,4.3,0.0,1.5,0.0,35.29999999999998,9.0,28.82857142857143,50.57142857142857,88.67528147857418,54.32352095124602,679.4990383688247,6.233566543463991,90.54930764154786,21.623982696430392,test
367_35,36.7,3.5,2025-08-04,2025,216,0,matched_negative,0,,30.3,19.3,25.1,31,58,20.6,9.3,0.0,2.96,0.0,2.1999999999999997,19.0,29.985714285714288,40.42857142857143,92.59187739407653,316.40341840619527,688.9986201488276,17.49684071879218,315.72973035953845,56.772503222427126,test
370_73,37.0,7.300000000000001,2025-10-03,2025,276,0,matched_negative,0,,23.5,17.5,20.3,53,72,15.8,7.9,0.4,1.37,7.8,37.800000000000004,1.0,25.814285714285717,47.0,85.78717931953639,23.700526949581967,815.3764603950958,5.210930716451346,44.18988800685343,12.789029283399188,test
358_8,35.800000000000004,0.8,2025-08-15,2025,227,0,matched_negative,0,,38.4,24.5,30.7,17,33,18.8,8.6,0.0,5.58,0.0,0.2,84.0,38.6,15.0,98.37592272247288,721.102160760358,1155.273700830215,35.118044177583045,713.0383330509865,86.32428190139571,test
367_70,36.7,7.0,2025-07-22,2025,203,0,matched_negative,0,,33.4,22.3,27.7,47,64,16.9,7.3,0.0,2.55,0.0,2.499999999999993,20.0,36.27142857142857,25.428571428571427,92.20056016438727,258.2018775010921,626.4101192187002,13.741808480387519,258.09398086329077,48.596335054074295,test
369_45,36.9,4.5,2025-07-04,2025,185,0,matched_negative,0,,30.4,23.1,26.9,62,76,12.2,6.9,0.0,1.58,0.0,0.0,41.0,30.62857142857143,55.857142857142854,87.13020757621952,176.366786198261,462.73986224343435,5.2548423080651325,180.62596296403876,24.831749974179136,test
366_76,36.6,7.6000000000000005,2025-09-24,2025,267,0,matched_negative,0,,24.1,17.5,20.5,62,83,16.6,8.0,3.5,1.14,11.699999999999992,19.2,0.0,31.12857142857143,38.714285714285715,74.11424041959756,50.3621282437292,994.5035248089001,1.6889786749038636,89.40542420757282,7.630833279405218,test
360_5,36.0,0.5,2025-08-21,2025,233,0,matched_negative,0,,30.5,21.5,25.5,35,51,22.5,11.1,0.0,2.58,0.0,0.5,90.0,35.785714285714285,22.428571428571427,93.70743673558574,607.2215501469681,1115.8237911559258,22.505693330457536,602.9855488353156,66.30564886598556,test
351_-14,35.1,-1.4000000000000001,2025-07-13,2025,194,0,matched_negative,0,,30.4,18.2,24.8,49,61,18.5,7.6,0.0,2.21,0.09999999999999823,0.29999999999999294,59.0,33.1,42.142857142857146,90.88038914020305,398.2234754840906,819.3163153605601,12.35071706229567,396.8629237126466,45.74359298873755,test
368_42,36.800000000000004,4.2,2025-09-06,2025,249,0,matched_negative,0,,38.9,21.1,29.7,14,45,14.4,5.5,0.0,5.98,8.599999999999977,8.599999999999987,1.0,32.54285714285714,31.571428571428573,97.17907990855352,98.63069507717942,915.9462794622716,24.0125790825453,155.42129809660022,64.32836125981979,test
360_17,36.0,1.7000000000000002,2025-07-15,2025,196,0,matched_negative,0,,34.1,22.3,28.3,27,43,18.1,8.3,0.0,3.77,0.0,0.4999999999999929,53.0,34.82857142857143,19.571428571428573,95.8660517775021,436.7496227287449,693.4188391595493,24.251239078233688,433.1260418657528,69.34333976647358,test
366_42,36.6,4.2,2025-10-11,2025,284,0,matched_negative,0,,26.7,15.3,20.3,33,67,10.0,5.7,1.2,2.36,1.3000000000000143,20.3,0.0,26.657142857142855,30.142857142857142,89.50747373494796,80.80731118463592,787.8994213820712,6.612311489221638,128.63298386932374,26.475796281784916,test
364_81,36.4,8.1,2025-06-02,2025,153,0,matched_negative,0,,29.8,12.1,21.4,28,49,9.6,6.5,0.0,3.03,0.0,93.10000000000001,10.0,25.38571428571429,37.42857142857143,93.20268496292144,53.12947783482667,116.47524379560882,10.950362397786886,53.04118456904636,24.42732312510125,test
367_82,36.7,8.200000000000001,2025-07-13,2025,194,0,matched_negative,0,,34.9,24.2,29.3,28,52,14.9,8.4,0.0,3.99,0.5,2.0,24.0,34.07142857142857,33.285714285714285,95.57819460067941,311.01644310549926,549.0597220693396,19.848523747740657,309.37690409542256,61.312782663573294,test
368_63,36.800000000000004,6.300000000000001,2025-06-27,2025,178,0,matched_negative,0,,29.0,20.1,24.5,64,79,18.2,7.6,0.0,1.46,0.0,0.0,34.0,34.05714285714286,36.857142857142854,88.25968011268003,198.7481549543387,362.4460000000001,8.35651408231601,197.9759211724008,34.516458552938175,test
368_57,36.800000000000004,5.7,2025-08-08,2025,220,0,matched_negative,0,,24.8,21.1,23.1,66,79,15.6,7.8,0.0,1.0,0.0,4.7,14.0,24.7,60.714285714285715,87.08705063218899,137.81662933768126,650.8159999999999,6.198631668523747,180.22320790242415,27.82214312832598,test
367_65,36.7,6.5,2025-06-11,2025,162,0,matched_negative,0,,30.4,16.5,22.7,32,53,13.0,5.7,0.0,2.95,3.2000000000000073,62.69999999999998,6.0,30.714285714285715,38.142857142857146,92.49236821003664,82.54527801637109,200.11590239690736,11.76413137400888,82.51727810130994,31.977969871816423,test
363_19,36.300000000000004,1.9000000000000001,2025-06-12,2025,163,0,matched_negative,0,,38.3,20.8,29.9,17,41,19.0,7.8,0.0,5.53,0.0,14.6,20.0,40.51428571428571,12.428571428571429,98.48486925725922,228.2477412919287,513.780823367331,35.98476409323673,227.93315145383178,86.4081398650532,test
367_35,36.7,3.5,2025-06-06,2025,157,0,matched_negative,0,,26.2,18.0,21.7,68,87,9.1,4.1,0.0,1.0,0.0,102.10000000000001,14.0,27.41428571428571,52.0,86.88005426516852,68.36410072019525,156.8586201488277,4.337699946660757,68.29659868976216,14.153958793633734,test
364_70,36.4,7.0,2025-07-31,2025,212,0,matched_negative,0,,28.6,14.7,21.3,33,57,16.8,6.7,0.0,2.6,3.4999999999999862,6.7999999999999865,5.0,27.74285714285714,32.0,92.96003675737829,148.6944868473411,675.7253141692036,15.214081301460423,191.8478642678946,50.5184067482106,test
352_5,35.2,0.5,2025-10-09,2025,282,0,matched_negative,0,,26.7,14.7,19.7,30,47,18.1,6.0,0.0,2.43,0.0,9.100000000000007,10.0,28.12857142857143,22.857142857142858,94.10587922515552,125.37927256393809,1234.822282678483,19.054905552797898,199.9923438946869,58.385168757943724,test
364_18,36.4,1.8,2025-09-13,2025,256,0,matched_negative,0,,33.6,18.7,25.1,16,37,11.6,7.6,0.0,4.37,11.799999999999994,11.800000000000008,3.0,30.0,29.571428571428573,96.35331354066142,83.84880934446966,978.0761512059873,18.667560805089604,138.0999356283948,53.40661556863815,test
360_17,36.0,1.7000000000000002,2025-09-05,2025,248,0,matched_negative,0,,35.8,18.7,27.3,17,40,12.9,4.7,0.1,4.89,0.0999999999999929,0.0999999999999929,105.0,31.971428571428568,16.428571428571427,97.2191727163144,764.9709796427449,1176.2208391595495,22.383821437134,755.2857018445038,66.08900544946363,test
367_31,36.7,3.1,2025-08-23,2025,235,0,matched_negative,0,,30.5,20.9,26.0,50,72,17.8,8.7,0.0,2.2,0.0,2.799999999999986,29.0,34.74285714285714,28.428571428571427,90.74299314470663,249.0783562111314,989.6637476465428,11.69124024388735,305.767787321516,44.08050308743231,test
364_71,36.4,7.1000000000000005,2025-08-23,2025,235,0,matched_negative,0,,30.0,16.4,22.8,33,68,16.4,7.0,0.0,2.82,0.0,3.6999999999999926,28.0,33.114285714285714,24.142857142857142,93.7837211354747,260.3676308004613,899.7786704172973,16.72643552856133,302.1520358191673,55.17955561852284,test
365_29,36.5,2.9000000000000004,2025-09-10,2025,253,0,matched_negative,0,,28.6,19.4,23.2,42,72,14.7,8.4,0.5,2.24,26.799999999999972,26.799999999999994,1.0,32.84285714285714,36.142857142857146,87.52125647268164,81.92706190092532,705.7720532250784,6.302394201472545,126.99864754884705,25.48623632236571,test
369_82,36.9,8.200000000000001,2025-07-14,2025,195,0,matched_negative,0,,31.6,24.0,27.2,46,75,15.2,8.7,0.0,2.5,0.0,0.5,53.0,31.3,41.42857142857143,91.73768581847666,251.16499120558393,570.5913649119066,11.814333017233423,250.83500472713146,44.1036938220237,test
366_53,36.6,5.300000000000001,2025-10-16,2025,289,0,matched_negative,0,,19.0,13.9,16.5,78,89,6.7,3.5,4.1,0.48,12.800000000000013,77.79999999999998,0.0,24.12857142857143,48.42857142857143,52.50317479013855,12.215133337946517,500.15435210530075,0.30585912439672286,23.024466038964082,0.30333446012632526,test
366_59,36.6,5.9,2025-07-26,2025,207,0,matched_negative,0,,19.7,12.2,16.0,60,85,11.8,7.3,1.5,0.91,4.399999999999997,9.8,0.0,28.314285714285717,37.285714285714285,76.17096581821798,119.61701572914662,553.517445134596,1.4895947918048447,155.32069566496406,9.100316003637865,test
365_19,36.5,1.9000000000000001,2025-09-04,2025,247,0,matched_negative,0,,28.6,18.1,22.2,28,50,11.1,4.5,0.0,2.77,0.0,2.2000000000000073,10.0,29.0,25.857142857142858,94.69309518349587,292.86003620012156,910.9988308494161,14.521065263118903,324.73642177445095,50.58958432047988,test
367_72,36.7,7.2,2025-09-24,2025,267,0,matched_negative,0,,22.5,16.6,19.2,67,82,16.3,8.3,1.9,0.91,6.700000000000014,14.3,0.0,29.685714285714283,39.857142857142854,76.93971608174824,88.30102048621897,1100.7500678054578,1.9709308114088835,147.10126622299447,11.281256942033869,test
369_68,36.9,6.800000000000001,2025-09-05,2025,248,0,matched_negative,0,,28.8,19.0,23.7,56,83,14.4,6.2,0.0,1.75,3.699999999999979,4.000000000000014,3.0,30.54285714285714,43.285714285714285,89.58214854736858,120.6828776675606,943.8331539591551,8.342490572878463,182.89973701619473,34.070261186631356,test
363_17,36.300000000000004,1.7000000000000002,2025-07-15,2025,196,0,matched_negative,0,,36.7,23.0,29.1,33,59,16.2,10.5,0.0,4.03,0.30000000000000715,0.29999999999999294,52.0,38.285714285714285,21.285714285714285,95.11041340247368,510.12667777420495,867.4454738131044,19.88213831746426,506.1554367010981,61.506458504883774,test
363_50,36.300000000000004,5.0,2025-08-20,2025,232,0,matched_negative,0,,35.4,19.3,25.5,13,34,17.3,8.0,0.0,5.01,0.0,0.6000000000000001,39.0,32.285714285714285,16.714285714285715,97.6568029004229,351.98568677434946,894.0651388688777,29.613473091274383,354.7834548465066,78.04767250312338,test
364_36,36.4,3.6,2025-08-29,2025,241,0,matched_negative,0,,30.1,16.9,22.3,22,45,19.3,8.3,0.0,3.33,0.29999999999997873,0.29999999999998583,57.0,36.05714285714286,15.285714285714286,96.28706419386988,653.3930700390963,1027.4391329358452,27.271979974909744,646.2651179150915,74.38529790478441,test
366_41,36.6,4.1000000000000005,2025-08-30,2025,242,0,matched_negative,0,,31.2,17.8,24.0,19,46,12.1,4.9,0.0,3.69,1.2999999999999858,1.3000000000000003,6.0,35.68571428571428,18.428571428571427,95.42502634298867,312.3662802295593,958.2441830639194,16.880886437966915,344.215818029556,55.582090140605004,test
347_-5,34.7,-0.5,2025-07-18,2025,199,0,matched_negative,0,,36.4,20.9,28.4,10,24,24.6,11.4,0.0,5.42,0.10000000000000711,5.800000000000008,7.0,34.95714285714286,12.714285714285714,98.24749967784115,170.2516467768965,708.8631550526173,46.25143060892286,212.75617730734365,99.36834890555474,test
364_83,36.4,8.3,2025-07-25,2025,206,0,matched_negative,0,,34.9,20.2,27.0,18,49,19.9,10.9,1.2,4.59,1.1999999999999946,2.0,0.0,39.385714285714286,16.714285714285715,95.66928445368421,321.8909718073301,692.6911183037829,25.853970633890157,321.1400208671221,71.94217047259045,test
366_33,36.6,3.3000000000000003,2025-10-12,2025,285,0,matched_negative,0,,30.5,18.3,23.4,27,45,17.5,12.1,0.1,3.18,10.399999999999986,25.799999999999986,1.0,27.071428571428573,32.57142857142857,93.0364960252246,49.04452808018133,841.4172052688161,15.93000034197676,85.61346196859945,39.751081770335034,test
367_48,36.7,4.800000000000001,2025-07-28,2025,209,0,matched_negative,0,,31.5,16.9,23.0,31,63,14.1,5.7,0.0,3.16,15.400000000000007,17.200000000000006,2.0,28.857142857142858,51.714285714285715,92.29808711466714,62.072134231904286,606.0481879466579,12.098852486747889,98.83682313678239,35.5562376450954,test
364_33,36.4,3.3000000000000003,2025-10-17,2025,290,0,matched_negative,0,,23.1,12.5,16.1,38,81,13.5,3.7,4.7,1.76,8.700000000000008,26.9,0.0,24.542857142857144,38.714285714285715,76.52041254616272,63.994316719118245,766.5155691513429,1.6613913479386844,105.88789648868963,8.359859578169031,test
344_51,34.4,5.1000000000000005,2025-08-19,2025,231,0,matched_negative,0,,41.5,26.3,33.7,9,18,14.2,9.1,0.0,7.26,0.0,0.0,87.0,39.357142857142854,13.714285714285714,99.15976435317924,783.9619990672359,1378.0109761509275,30.85774859823436,776.583759994842,80.0236983559689,test
368_39,36.800000000000004,3.9000000000000004,2025-06-11,2025,162,0,matched_negative,0,,35.3,18.6,26.6,25,56,12.8,6.7,0.0,4.27,0.0,68.2,18.0,31.257142857142856,48.42857142857143,94.60867666511731,97.12026113298847,224.17144808923962,15.637184849407966,97.03612734431381,41.66048291048518,test
368_44,36.800000000000004,4.4,2025-07-15,2025,196,0,matched_negative,0,,32.1,21.3,27.0,37,52,9.9,5.6,0.0,3.04,0.19999999999999646,0.1999999999999858,52.0,30.97142857142857,37.285714285714285,93.73649171233924,252.99448379073235,500.3159598672147,11.975861503066985,252.1808139302323,44.49856475348265,test
347_-3,34.7,-0.30000000000000004,2025-06-05,2025,156,0,matched_negative,0,,32.7,14.8,23.2,16,53,17.5,7.6,1.0,4.15,1.6000000000000143,45.69999999999999,0.0,32.34285714285714,14.714285714285714,95.62817485117715,146.2108833966486,346.90371608336665,22.78131399920491,146.1245290033687,61.34506919444149,test
367_32,36.7,3.2,2025-08-27,2025,239,0,matched_negative,0,,35.7,27.1,32.4,21,45,17.7,10.2,0.0,4.51,0.0,0.0,33.0,34.0,34.857142857142854,96.06085629009394,272.70386661696875,1012.8617553346504,24.40254604360466,325.9858673594009,69.51058417043481,test
368_74,36.800000000000004,7.4,2025-06-26,2025,177,0,matched_negative,0,,35.0,21.8,27.7,31,64,17.8,8.5,0.0,3.85,0.0,0.8,41.0,36.44285714285714,23.285714285714285,95.28606018087643,275.4606355149117,505.34190518427386,22.075087458255975,274.2453450055446,65.22569832361063,test
366_37,36.6,3.7,2025-10-28,2025,301,0,matched_negative,0,,22.9,9.5,14.7,30,78,9.0,5.0,0.0,1.96,4.300000000000028,20.1,1.0,25.842857142857145,38.57142857142857,88.21496198265153,61.69183638862426,987.5522543427257,5.222833015246067,106.71725487693071,20.692291897253135,test
358_86,35.800000000000004,8.6,2025-08-21,2025,233,0,matched_negative,0,,35.1,20.0,27.2,21,42,19.4,7.9,0.0,4.43,0.30000000000001065,0.3,50.0,34.614285714285714,19.0,97.26571783569982,449.650061173243,1000.3308281908481,31.2517689609778,448.65872102818656,80.61667507988936,test
360_50,36.0,5.0,2025-08-28,2025,240,0,matched_negative,0,,34.3,21.0,28.4,19,32,29.2,14.5,0.0,4.24,1.1999999999999789,2.200000000000011,4.0,33.34285714285714,18.714285714285715,96.76041764800212,428.40148907704497,998.8514412540378,47.86422831131781,427.8527708462737,103.19870626263571,test
359_16,35.9,1.6,2025-08-17,2025,229,0,matched_negative,0,,33.0,17.8,25.8,15,28,17.1,6.7,0.0,4.26,0.0,4.1,23.0,31.842857142857145,15.571428571428571,97.05596971253799,275.27636636993225,927.4865782285161,27.063869079873943,316.04715178064544,73.91446478729681,test
353_-14,35.300000000000004,-1.4000000000000001,2025-08-16,2025,228,0,matched_negative,0,,32.5,22.0,27.7,38,50,12.0,4.9,0.0,2.95,0.0,0.9,93.0,32.08571428571428,39.142857142857146,92.9803394765648,398.95601005005733,1002.8565764986366,11.979466242682916,400.04633237478083,44.86629719721616,test
353_14,35.300000000000004,1.4000000000000001,2025-06-02,2025,153,0,matched_negative,0,,33.9,19.9,26.5,12,25,26.6,15.0,0.0,4.64,0.0,58.099999999999994,9.0,31.857142857142858,12.428571428571429,97.5757149252702,104.9641742026298,229.6631133197118,46.81021283108215,104.8126555676405,84.23502740570281,test
368_49,36.800000000000004,4.9,2025-10-02,2025,275,0,matched_negative,0,,22.3,15.9,18.8,48,68,17.0,9.4,0.2,1.4,23.69999999999998,56.900000000000006,1.0,23.77142857142857,50.857142857142854,87.20986037657606,25.050860191338355,626.8378429932125,6.769141993707605,45.55075983886291,15.918598625062643,test
360_20,36.0,2.0,2025-06-03,2025,154,0,matched_negative,0,,33.5,21.4,27.0,14,32,16.9,8.7,0.6,4.44,0.6,71.3,11.0,33.58571428571429,12.0,96.86445605339657,100.53547108699505,277.0707458519154,26.115011533701768,105.43126869496022,59.56229534389537,test
366_69,36.6,6.9,2025-06-25,2025,176,0,matched_negative,0,,41.2,21.0,30.9,14,37,17.1,6.5,0.0,6.71,0.0,2.499999999999986,20.0,35.6,22.285714285714285,98.07930072405229,238.96237931104142,385.40440773981044,31.000759654402188,237.57879177068583,79.38452888819357,test
364_21,36.4,2.1,2025-06-13,2025,164,0,matched_negative,0,,34.7,20.8,28.5,18,36,12.2,6.0,0.5,4.54,4.300000000000003,46.4,2.0,35.22857142857143,18.428571428571427,96.17835957055671,154.83544612769754,265.37645298733884,18.791814903812735,154.17371625946916,55.265434582256475,test
358_74,35.800000000000004,7.4,2025-10-03,2025,276,0,matched_negative,0,,18.6,10.0,13.6,50,78,19.6,13.3,0.5,1.07,17.9,68.7,2.0,21.471428571428568,40.857142857142854,86.18306870919429,15.088238896990415,526.0670983381409,6.671257468509191,28.157500129186246,12.173029636675775,test
364_32,36.4,3.2,2025-07-17,2025,198,0,matched_negative,0,,33.5,20.4,26.6,21,41,13.0,4.7,0.0,4.07,1.5000000000000082,8.6,5.0,33.24285714285714,25.714285714285715,95.2283755355338,172.1532615467676,564.806136449973,17.196400301265665,195.40648091285254,54.651921774198826,test
367_47,36.7,4.7,2025-06-15,2025,166,0,matched_negative,0,,31.9,20.1,25.4,18,33,13.7,5.4,0.0,3.9,1.0,16.700000000000003,2.0,31.057142857142857,22.142857142857142,96.01395870710328,114.82793095348134,218.20490064289766,19.821822894723805,114.48712050696992,51.93145547068669,test
362_44,36.2,4.4,2025-07-15,2025,196,0,matched_negative,0,,42.3,26.8,33.5,11,30,19.6,7.0,0.0,7.37,0.9,2.6999999999999926,13.0,39.4,15.0,98.83253828318864,491.7982736936318,690.2678272077737,38.816315121389486,486.276045429896,91.4938762152185,test
368_62,36.800000000000004,6.2,2025-07-16,2025,197,0,matched_negative,0,,28.3,22.9,26.0,67,85,13.4,9.0,2.4,1.25,2.3999999999999573,3.3,0.0,30.32857142857143,54.857142857142854,78.33562400407087,121.30636308306063,514.1999999999998,1.9046386434889468,152.6075431628081,11.109669963070019,test
364_15,36.4,1.5,2025-06-07,2025,158,0,matched_negative,0,,35.1,20.3,27.9,23,41,11.6,4.4,0.0,4.29,0.0,74.19999999999999,15.0,31.942857142857143,22.714285714285715,96.26383185310239,112.68131037079455,254.2018765529742,18.443708586540403,112.55554683249933,49.31057806300946,test
367_83,36.7,8.3,2025-06-11,2025,162,0,matched_negative,0,,27.9,16.9,22.1,38,58,10.1,5.4,0.0,2.23,0.0,50.70000000000002,17.0,30.357142857142858,41.57142857142857,90.86335589497007,100.76958739975919,198.0517311422283,8.068834310177403,100.50788624333863,27.295905556078402,test
360_26,36.0,2.6,2025-08-23,2025,235,0,matched_negative,0,,34.2,19.5,25.9,16,37,14.7,5.7,0.0,4.52,0.8999999999999787,3.4000000000000004,29.0,34.4,14.428571428571429,97.48409141243442,345.3893099420531,944.312426117991,25.38846135976754,360.83415976908185,71.23429841770083,test
364_66,36.4,6.6000000000000005,2025-07-18,2025,199,0,matched_negative,0,,38.0,18.4,28.7,14,32,12.3,6.6,0.0,5.7,0.10000000000001422,0.6999999999999929,56.0,37.07142857142857,18.428571428571427,97.54768824659692,427.7049592202851,691.6449291477992,22.687283228017602,424.33810901330713,66.61774800503154,test
361_64,36.1,6.4,2025-07-17,2025,198,0,matched_negative,0,,33.0,17.0,25.3,16,51,14.1,6.2,0.0,4.11,0.30000000000000665,0.7,55.0,35.614285714285714,17.285714285714285,96.3456740125059,411.854862644524,656.2116874986576,21.15196600456339,408.58072154850555,63.851368490877924,test
356_42,35.6,4.2,2025-07-22,2025,203,0,matched_negative,0,,43.9,23.6,34.8,5,17,20.7,8.0,0.0,8.55,0.0,0.9999999999999929,10.0,41.55714285714286,9.285714285714286,100.06198266494957,557.3223227809013,820.8644452508147,48.116253616776525,551.0915404712035,103.52140193167976,test
365_16,36.5,1.6,2025-08-02,2025,214,0,matched_negative,0,,28.1,19.4,24.0,59,73,18.6,10.2,0.0,1.56,0.0,7.1,8.0,28.085714285714285,47.57142857142857,88.26012459549597,117.56540052078776,752.5282690735611,8.527200521456528,169.08974748800247,34.057271656324346,test
368_70,36.800000000000004,7.0,2025-08-28,2025,240,0,matched_negative,0,,32.4,24.2,28.9,23,44,13.6,8.3,0.0,3.64,0.0,0.0,104.0,34.24285714285714,29.571428571428573,96.55954558555086,505.223106518879,916.4300000000002,21.22799243545492,501.956688178287,64.00267171313024,test
356_60,35.6,6.0,2025-06-11,2025,162,0,matched_negative,0,,29.1,16.7,22.7,12,30,16.1,7.8,0.0,3.53,2.0000000000000053,58.1,3.0,28.514285714285712,17.571428571428573,96.75147172696562,90.39774489765622,236.701294257087,24.706343240567364,92.48957890375374,54.39817891667075,test
367_77,36.7,7.7,2025-10-04,2025,277,1,positive,4,9.73,27.4,16.5,21.3,44,69,13.9,6.5,0.9,2.05,8.400000000000004,33.19999999999999,1.0,28.571428571428573,35.0,88.19984619172007,51.22900871136689,1003.0277314723423,6.671090256229374,90.85687364256577,22.733034167264275,test
366_57,36.6,5.7,2025-10-25,2025,298,1,positive,2,12.82,28.7,15.7,21.1,25,56,7.0,4.3,0.0,2.94,3.300000000000021,58.8,6.0,23.82857142857143,43.42857142857143,93.18202338192373,17.077303321396744,394.3805399945833,9.57801358394305,30.818393286301,16.869647971562497,test
349_57,34.9,5.7,2025-10-09,2025,282,1,positive,2,3.82,28.6,18.3,23.7,27,38,13.8,7.2,0.0,2.86,0.0,15.700000000000003,13.0,28.02857142857143,27.428571428571427,93.86474879443986,108.33344713370312,1231.8922214985319,14.83852702345746,177.61740346647045,49.13852996251198,test
365_89,36.5,8.9,2025-08-09,2025,221,1,positive,1,0.42,38.0,21.0,29.5,14,47,20.6,7.4,0.0,5.66,0.0,0.3,79.0,35.8,19.285714285714285,97.83562522201112,605.9106491571822,998.657679188175,35.80886891815034,600.2349834269748,87.30987366978403,test
368_79,36.800000000000004,7.9,2025-07-16,2025,197,1,positive,3,10.84,32.3,25.0,27.9,45,69,22.6,11.4,0.0,2.64,0.0,0.6000000000000142,55.0,32.81428571428572,37.142857142857146,91.97310977133407,292.54104299553006,595.6403313036018,17.734806138325705,291.6544412060261,57.16726573917082,test
366_58,36.6,5.800000000000001,2025-10-23,2025,296,1,positive,2,19.62,24.3,12.4,17.2,44,77,14.3,6.8,0.0,1.71,9.500000000000014,53.8,4.0,20.942857142857143,51.42857142857143,88.99049170837907,19.62327143033634,614.5244912393977,7.624822798083268,36.34507482100951,15.46048563916446,test
362_37,36.2,3.7,2025-06-18,2025,169,1,positive,1,1.75,31.5,19.9,25.2,24,44,20.2,10.2,0.0,3.51,0.0,11.3,13.0,35.75714285714286,13.857142857142858,96.16314176246884,181.96325964968273,302.0115953333298,28.063960851448513,181.07909482587854,72.77896369876032,test
369_44,36.9,4.4,2025-10-25,2025,298,1,positive,2,2.32,30.6,18.5,23.4,33,63,8.2,4.9,0.0,2.92,0.8,32.9,7.0,28.057142857142857,43.857142857142854,92.19737540668892,39.695707156131704,597.5783049187048,8.860474949341949,68.08465894246731,23.905076530681374,test
354_17,35.4,1.7000000000000002,2025-08-11,2025,223,1,positive,1,0.74,33.6,17.6,25.9,12,39,18.0,8.9,0.0,4.55,0.6999999999999964,4.899999999999993,17.0,36.07142857142857,12.428571428571429,98.1179638770731,231.4753785350214,1004.0470407549727,32.604805902495386,293.68415723421344,82.41109002036914,test
365_37,36.5,3.7,2025-08-08,2025,220,1,positive,2,69.36,39.6,24.2,31.4,17,34,14.7,7.1,0.0,5.99,0.0,2.500000000000007,14.0,37.4,18.571428571428573,97.83187976232065,497.74853020611096,816.4209467164004,26.58638335438304,493.58543281808016,73.26518651036864,test
364_39,36.4,3.9000000000000004,2025-10-21,2025,294,1,positive,1,9.13,25.6,14.1,18.6,40,64,13.7,6.2,0.0,1.95,8.299999999999983,39.80000000000001,3.0,23.400000000000002,41.714285714285715,91.88718857590068,62.77436293585537,841.5482899055994,11.18867032200547,105.81571130385656,34.83040089986663,test
368_43,36.800000000000004,4.3,2025-09-20,2025,263,1,positive,1,3.04,31.5,18.2,24.3,33,64,10.0,3.3,0.0,3.04,0.0,33.59999999999999,10.0,29.97142857142857,44.285714285714285,92.172639614447,81.44765529338781,752.0620645903631,9.667893613401803,128.18854575144508,34.181603730985834,test
361_11,36.1,1.1,2025-09-15,2025,258,1,positive,1,3.78,36.7,21.5,27.7,24,51,13.9,3.6,0.0,4.68,4.900000000000007,5.00000000000001,6.0,33.77142857142857,25.714285714285715,96.83295241579945,137.86867627933785,1333.449249831187,22.35659632763551,219.10325831687766,64.94237292069687,test
367_38,36.7,3.8000000000000003,2025-07-30,2025,211,1,positive,1,10.25,29.6,15.1,22.3,27,57,16.4,7.7,0.0,2.98,1.1,2.999999999999993,14.0,29.67142857142857,35.0,93.79208510764973,267.6282683952486,751.416486417853,16.74587938656584,283.14271206913486,55.14165681987613,test
365_53,36.5,5.300000000000001,2025-08-24,2025,236,1,positive,2,3.61,33.0,16.6,24.7,18,48,16.9,6.8,0.0,4.05,0.4999999999999645,3.4000000000000004,29.0,30.799999999999994,24.142857142857142,95.7906010382459,223.4350087906168,831.4875650212824,22.5958674056406,267.2998504002533,66.09621559451101,test
359_6,35.9,0.6000000000000001,2025-07-19,2025,200,1,positive,1,10.65,37.3,25.0,30.7,19,35,19.5,9.9,0.0,5.02,0.0,0.0,57.0,39.42857142857143,20.142857142857142,97.91642452532588,512.0449843637878,953.3508228593334,34.24184191912718,508.9739921502408,85.05847113537371,test
368_42,36.800000000000004,4.2,2025-07-30,2025,211,1,positive,1,1.58,27.4,16.8,22.1,41,60,21.6,11.7,0.0,2.11,3.1999999999999753,3.999999999999986,5.0,28.357142857142858,43.857142857142854,91.83482750853938,137.66629209177282,669.4790595332188,16.536500516416353,181.84812014987264,52.78853912293925,test
363_70,36.300000000000004,7.0,2025-09-14,2025,257,1,positive,1,8.41,31.7,16.2,23.0,23,51,22.2,9.1,0.0,3.59,4.2,12.299999999999994,4.0,28.057142857142853,32.857142857142854,94.59380911171445,111.88739803583567,1005.1603018305703,25.059964339829033,175.05895661180583,67.63024765982931,test
356_63,35.6,6.300000000000001,2025-08-06,2025,218,1,positive,3,16.1,31.3,17.0,24.1,13,33,15.0,6.9,0.0,3.97,2.200000000000011,8.4,3.0,32.114285714285714,18.142857142857142,97.29590501448462,155.40749860247985,819.2480135772513,25.138002570631738,210.83091327384113,69.45298810804528,test
360_50,36.0,5.0,2025-08-19,2025,231,1,positive,2,1.69,34.8,21.6,28.5,12,21,21.3,10.0,0.0,4.87,0.0,1.2000000000000106,47.0,32.57142857142857,16.857142857142858,97.56945409228085,375.05295243304505,917.6534412540377,35.80915352779364,374.9157368081188,87.27076399228619,test
366_51,36.6,5.1000000000000005,2025-10-26,2025,299,1,positive,2,2.64,25.6,17.3,21.1,31,62,19.5,9.8,0.4,1.96,0.9000000000000284,44.0,8.0,26.942857142857143,37.142857142857146,93.32677842279625,27.91850878075812,502.4327255094627,18.348865952244573,49.02643005197726,33.42089203994622,test
365_38,36.5,3.8000000000000003,2025-07-28,2025,209,1,positive,1,2.98,33.7,17.3,25.0,21,43,16.1,7.3,0.0,4.08,1.9000000000000221,6.1,2.0,32.199999999999996,35.42857142857143,95.24942374401851,284.36833539543665,705.2750202159793,20.161687230611992,284.3352275722009,61.79702453339031,test
366_54,36.6,5.4,2025-08-15,2025,227,1,positive,1,5.26,27.7,17.4,22.7,42,66,11.4,5.5,0.0,2.13,0.0,14.399999999999984,20.0,26.771428571428572,45.42857142857143,90.26190352869821,108.35886456146805,648.5995346319012,7.905744482608111,152.86951966402825,31.608643573574042,test
354_3,35.4,0.30000000000000004,2025-09-04,2025,247,1,positive,1,1.57,32.7,17.2,24.7,24,47,14.1,6.8,0.0,3.77,0.0,1.9000000000000001,10.0,32.4,17.714285714285715,96.27885859701111,378.1871162934061,1231.7411474312826,20.96229117014007,427.9135772422668,63.508623520427406,test
363_75,36.300000000000004,7.5,2025-08-28,2025,240,1,positive,1,1.1,33.0,22.6,28.5,25,39,19.5,11.5,0.1,3.18,0.49999999999998623,0.5000000000000071,33.0,33.75714285714286,23.571428571428573,96.09446185052512,279.711835130709,890.5966758727476,26.84106910866131,313.3708405583899,73.5435006202537,test
367_70,36.7,7.0,2025-10-22,2025,295,1,positive,1,1.91,26.9,15.8,20.7,45,73,16.6,9.4,0.0,1.96,10.099999999999996,32.099999999999994,3.0,24.785714285714285,49.142857142857146,90.55395572482769,52.34360954036281,1095.3294835830827,10.712134268234498,93.51498315165313,31.948087556778646,test
365_67,36.5,6.7,2025-10-05,2025,278,1,positive,1,0.48,26.2,14.3,19.3,39,70,15.1,10.0,1.5,1.99,17.50000000000002,57.80000000000002,0.0,24.542857142857144,45.285714285714285,86.91600691800744,19.197706218240224,675.5069065517602,5.899070234217201,35.84840948572183,12.572251188718663,test
365_27,36.5,2.7,2025-07-20,2025,201,1,positive,4,1.43,35.2,22.9,28.3,23,43,12.1,4.5,0.0,4.33,0.30000000000001426,0.5,57.0,34.58571428571428,33.42857142857143,96.6127139147189,316.46442786823525,665.7780106646331,19.82372072540048,315.6230198494164,61.283666377916404,test
361_59,36.1,5.9,2025-07-16,2025,197,1,positive,1,0.82,30.9,19.5,24.5,32,63,18.9,10.6,0.0,2.85,0.8000000000000034,1.5,42.0,35.128571428571426,19.0,94.5990967838681,400.96091303973833,663.2079288988807,21.23630676663774,398.0765217035292,64.00169624697357,test
368_38,36.800000000000004,3.8000000000000003,2025-07-27,2025,208,1,positive,1,6.89,28.6,16.1,22.6,36,62,15.5,6.8,0.0,2.45,1.0999999999999859,2.4999999999999716,2.0,29.87142857142857,45.0,91.23942962805256,325.07173184716527,675.7190013622755,11.17504424258658,324.1340168358636,42.862832109096644,test
362_89,36.2,8.9,2025-09-22,2025,265,1,positive,1,3.99,30.7,18.8,23.5,34,63,14.2,8.4,11.6,2.91,11.600000000000007,28.9,0.0,31.32857142857143,26.714285714285715,81.87755452183572,60.22553771115651,807.205760817822,2.8727458231040317,101.51585669486413,12.857578589271325,test
355_-6,35.5,-0.6000000000000001,2025-09-28,2025,271,1,positive,1,0.47,29.7,19.3,23.3,33,58,18.0,11.2,0.0,2.77,0.0,9.299999999999999,19.0,30.514285714285712,30.285714285714285,93.8651434571334,171.47093476318028,1185.8169127313115,18.336979327040662,251.88461901237338,58.07079296648703,test
366_28,36.6,2.8000000000000003,2025-10-03,2025,276,1,positive,1,0.5,28.8,14.5,21.7,32,55,10.4,5.1,0.0,2.67,0.0,23.699999999999992,8.0,28.485714285714288,35.714285714285715,92.17576935902397,82.35340127597586,997.1300103321037,9.869096630262032,136.51891178642694,35.41082614573347,test
366_52,36.6,5.2,2025-10-07,2025,280,1,positive,2,0.8,20.2,15.0,18.2,48,74,15.0,9.0,0.0,1.2,17.50000000000002,91.69999999999999,1.0,21.614285714285717,54.714285714285715,81.7719910706159,8.835636417825821,437.2632370017977,2.953315981436844,16.82150604291504,4.290203087802172,test
346_73,34.6,7.300000000000001,2025-10-06,2025,279,1,positive,1,0.21,29.1,20.6,24.2,28,44,32.0,22.1,0.0,2.85,0.0,17.699999999999992,9.0,28.685714285714287,26.0,93.73580990103608,91.7457121878985,1206.4774073774736,36.467349371599134,154.18012990612303,82.36044026026181,test
362_50,36.2,5.0,2025-10-01,2025,274,1,positive,1,6.93,23.6,12.5,16.9,41,71,15.5,7.3,0.6,1.71,16.59999999999999,45.6,5.0,22.88571428571429,38.57142857142857,90.0886476760651,33.46708660862901,769.1845757651676,9.481929349149873,60.36770270296584,23.57366661142452,test
370_65,37.0,6.5,2025-07-20,2025,201,1,positive,9,2.37,31.6,23.6,27.2,35,46,13.1,6.2,0.0,2.95,0.0,1.0,57.0,31.214285714285715,40.857142857142854,93.78037711529231,245.4022609811798,544.4879999999999,14.157420542203543,245.00482923036378,49.39087075581904,test
366_32,36.6,3.2,2025-07-01,2025,182,1,positive,1,1.43,32.4,20.5,26.4,42,59,14.4,5.7,0.0,2.79,0.0,0.0,38.0,32.18571428571429,38.714285714285715,92.48226073176335,226.70702912155366,427.80259904464964,12.606068237152297,225.87654554417998,45.6604551091197,test
366_68,36.6,6.800000000000001,2025-08-11,2025,223,1,positive,3,19.66,32.9,19.2,25.6,30,58,17.2,6.4,0.0,3.46,0.0,2.899999999999972,16.0,34.75714285714286,21.428571428571427,95.11645171345228,530.1929768070594,818.8669196727143,20.92694979718411,524.9445676102931,63.4516003443697,test
363_80,36.300000000000004,8.0,2025-07-23,2025,204,1,positive,1,70.03,41.0,23.0,32.1,9,35,20.2,8.1,0.0,7.06,0.0,3.6999999999999997,21.0,37.199999999999996,18.857142857142858,98.98072832875155,277.6737468242008,604.678248225948,40.7890104693777,277.1216546275484,93.75688945771313,test
348_57,34.800000000000004,5.7,2025-10-16,2025,289,1,positive,1,0.31,28.5,19.3,24.3,28,43,20.0,10.7,0.0,2.77,0.1,17.9,20.0,28.814285714285713,29.285714285714285,94.50207597587351,147.4909863016779,1182.8903577904061,22.148740460377713,224.88226534894105,64.70997770131886,test
346_51,34.6,5.1000000000000005,2025-09-15,2025,258,1,positive,1,5.61,36.8,23.7,30.4,19,28,10.2,5.6,0.0,4.99,0.7,1.0,115.0,35.0,21.285714285714285,96.5386898252731,980.1416838310432,1610.4109024504487,17.835508034383256,967.4323365872417,57.553516318027555,test
366_32,36.6,3.2,2025-07-13,2025,194,1,positive,1,4.82,30.2,21.8,26.0,42,60,12.6,6.5,0.0,2.3,0.2,0.29999999999998583,50.0,32.84285714285714,40.42857142857143,92.22465493580778,280.95782569755363,542.5225990446496,11.102457422332563,279.91058470955875,42.563669867345695,test
349_-14,34.9,-1.4000000000000001,2025-06-25,2025,176,1,positive,1,0.84,30.0,20.8,24.6,42,61,13.6,6.4,0.0,2.47,0.0,0.7999999999999823,33.0,34.94285714285714,21.142857142857142,92.78575993872047,287.24341986586035,542.1900246629272,12.635766642041856,286.06642195053246,46.247150284496094,test
361_68,36.1,6.800000000000001,2025-07-09,2025,190,1,positive,1,1.18,31.4,17.3,23.4,35,67,15.0,7.6,0.0,2.99,1.7999999999999838,1.8999999999999857,6.0,32.7,25.0,93.86826300225168,343.1389046049433,566.4478800827432,15.771155795077993,340.8713385124562,53.28651228563095,test
364_62,36.4,6.2,2025-09-19,2025,262,1,positive,1,3.52,31.5,17.6,23.8,28,65,16.2,5.4,0.0,3.32,0.0,10.699999999999985,9.0,33.32857142857143,22.857142857142858,94.9743648035507,137.0746458046113,1090.442749641228,19.515219797500425,208.59534026175413,59.519348652514616,test
364_66,36.4,6.6000000000000005,2025-09-16,2025,259,1,positive,1,4.52,35.5,19.7,25.9,17,49,17.9,8.1,0.0,4.81,4.700000000000014,13.099999999999994,6.0,31.785714285714285,26.285714285714285,96.78900468703434,109.12121111774036,1072.533861471416,27.18847773012272,173.9879354567041,70.9420859258064,test
368_39,36.800000000000004,3.9000000000000004,2025-10-05,2025,278,1,positive,1,2.47,27.7,15.4,21.3,29,62,14.1,8.4,0.0,2.63,1.0999999999999965,41.0,4.0,26.342857142857145,41.142857142857146,92.55415484244,59.34834124813022,805.4642452624626,12.543207176716816,100.233189095376,36.644244676626045,test
368_77,36.800000000000004,7.7,2025-07-14,2025,195,1,positive,1,1.04,33.8,24.0,28.4,32,66,15.0,7.8,0.0,3.52,0.3000000000000107,2.699999999999986,25.0,34.285714285714285,31.285714285714285,94.7244759399837,316.213009388928,697.3337821306748,17.750875355204567,315.6013300918833,57.27787504317244,test
364_33,36.4,3.3000000000000003,2025-08-09,2025,221,1,positive,2,2.44,33.8,21.5,26.7,23,48,15.7,6.1,0.0,3.96,0.0,3.2,15.0,34.97142857142857,16.571428571428573,96.56880290349397,208.15406192355132,826.5052902739408,23.626851306925825,255.46314327182867,67.77895816574583,test
360_4,36.0,0.4,2025-09-29,2025,272,1,positive,1,0.38,29.6,18.5,22.8,38,72,17.1,6.7,0.2,2.56,0.19999999999999823,6.900000000000003,20.0,29.54285714285714,37.0,92.74486321417207,172.04852718085786,1290.4822600857503,14.986571928875119,258.0787056760243,51.30928344432973,test
367_36,36.7,3.6,2025-06-24,2025,175,1,positive,2,6.91,34.1,18.5,27.1,34,56,20.8,10.1,0.0,3.5,0.0,0.0,32.0,30.314285714285713,41.142857142857146,92.69623619286405,148.31219306819526,315.51062014882757,17.935239353379856,148.0414403548034,53.137536076057046,test
364_50,36.4,5.0,2025-09-01,2025,244,1,positive,1,1.25,34.2,18.7,25.1,21,50,21.7,12.3,2.4,4.16,2.6,3.7,0.0,32.81428571428571,20.714285714285715,93.60224019331483,135.82098642869997,976.2969605237876,21.30246572308953,201.54527341134929,62.55348542699714,test
363_71,36.300000000000004,7.1000000000000005,2025-09-15,2025,258,1,positive,1,6.98,32.4,13.9,22.5,21,55,21.7,6.4,0.0,3.84,2.399999999999997,11.199999999999992,5.0,28.614285714285717,33.142857142857146,95.13881471691622,128.1305028273755,1025.5931139113488,26.333753322036447,195.271372439038,70.81342178676356,test
347_58,34.7,5.800000000000001,2025-09-05,2025,248,1,positive,1,6.72,40.3,28.4,32.9,22,39,15.3,8.7,0.9,5.86,1.0000000000000022,1.200000000000001,65.0,37.98571428571428,23.142857142857142,96.02657728931649,658.1511187850876,1637.5212502325235,21.52284244665181,658.0753190714263,64.54107587385109,test
346_72,34.6,7.2,2025-07-15,2025,196,1,positive,2,5.06,41.8,30.4,36.7,14,20,20.0,12.2,0.0,6.96,0.0,1.4999999999999991,12.0,39.51428571428572,18.0,98.94382737429103,496.8335421030227,985.0064316969394,40.18616101045557,494.5263301767195,93.34861765400828,test
365_29,36.5,2.9000000000000004,2025-10-22,2025,295,1,positive,2,0.99,26.7,18.9,21.6,49,70,20.8,10.6,1.0,1.77,1.7999999999999716,35.099999999999994,0.0,25.87142857142857,42.57142857142857,87.65495956434137,51.08806545630082,736.3104019455964,8.73576377660057,87.07255393268261,26.848641492717068,test
366_64,36.6,6.4,2025-10-09,2025,282,1,positive,2,8.73,23.6,10.0,16.1,33,70,9.7,4.0,0.1,1.95,2.3000000000000145,40.40000000000001,3.0,21.071428571428573,39.714285714285715,91.06813132140549,44.2412399009708,788.5746738269108,8.142018913410357,77.59871818390293,24.101440250355104,test
361_59,36.1,5.9,2025-06-24,2025,175,1,positive,4,4.76,35.7,18.2,26.9,13,36,20.4,7.5,0.0,5.07,0.0,1.4000000000000001,20.0,32.44285714285714,18.571428571428573,97.47386936834862,251.06737985773836,448.8439288988808,33.789822891771124,249.9219188890331,83.72503733779457,test
358_5,35.800000000000004,0.5,2025-08-08,2025,220,1,positive,1,1.38,40.7,23.4,31.0,20,45,11.3,6.3,0.2,6.02,0.1999999999999929,0.599999999999993,77.0,41.25714285714286,14.428571428571429,98.2399733087971,633.2144669609539,1126.3882977812527,23.639404517544413,628.2056413309814,68.29636492983244,test
369_39,36.9,3.9000000000000004,2025-07-12,2025,193,1,positive,1,3.82,29.6,22.2,25.9,36,64,13.1,7.8,0.1,2.62,0.09999999999997158,0.10000000000001422,49.0,30.642857142857142,46.857142857142854,91.5325480654561,208.0711863703128,519.7983184757181,10.323263396226519,208.06926542456048,39.87099864290554,test
361_68,36.1,6.800000000000001,2025-07-05,2025,186,1,positive,1,1.62,31.3,17.6,24.6,28,57,14.5,6.2,0.0,3.31,1.499999999999984,2.2999999999999856,2.0,33.2,22.142857142857142,94.81685748684468,318.93581952494327,527.7638800827432,17.530267680372134,316.9228084522549,56.84211865018447,test
366_45,36.6,4.5,2025-08-19,2025,231,1,positive,2,2.41,36.7,23.0,28.9,12,23,13.2,5.3,0.0,5.42,0.0,6.699999999999986,24.0,32.885714285714286,17.857142857142858,97.82707568211023,238.61483994917816,838.318258137636,24.635258871429606,278.82277593378257,69.71060251157412,test
367_63,36.7,6.300000000000001,2025-09-13,2025,256,1,positive,1,1.19,32.5,17.5,24.8,25,55,10.4,6.3,0.0,3.63,16.099999999999994,17.1,3.0,30.82857142857143,33.714285714285715,94.10009299727041,55.451286728269,872.1568943640766,12.916695069359069,95.69239096672742,36.56267513684543,test
361_59,36.1,5.9,2025-07-25,2025,206,1,positive,3,3.81,31.3,19.8,26.0,14,43,25.7,13.2,1.4,3.76,1.4000000000000035,2.8,0.0,38.32857142857143,9.428571428571429,95.6557119684867,474.2622889117384,757.3299288988807,34.56638749423336,470.17551977815083,85.52590820611177,test
364_50,36.4,5.0,2025-10-31,2025,304,1,positive,1,0.77,20.4,9.4,14.2,39,76,7.9,3.9,0.0,1.43,6.2,28.4,1.0,22.114285714285717,38.57142857142857,86.67766716969963,40.769897042465054,766.6554115496906,3.967538359328438,71.97139388087164,13.606125448748193,test
366_80,36.6,8.0,2025-07-12,2025,193,1,positive,1,0.6,37.1,18.8,28.1,25,53,18.4,6.9,0.6,4.72,0.6999999999999929,7.799999999999985,10.0,33.44285714285714,36.857142857142854,94.96625979855565,216.15696262524187,508.65280262391536,21.7789088075102,215.98895796854438,63.84276036681223,test
368_40,36.800000000000004,4.0,2025-08-05,2025,217,1,positive,1,3.37,30.3,15.0,22.3,18,38,13.6,6.0,0.0,3.45,0.0,1.9999999999999967,11.0,27.571428571428573,34.0,95.384846025939,230.06304606767432,675.9482899574775,18.106836640169895,248.5972161662985,57.58587175948512,test
364_10,36.4,1.0,2025-08-29,2025,241,1,positive,4,14.72,25.2,18.8,21.6,41,55,21.5,15.8,0.0,1.74,0.0,0.0,35.0,31.67142857142857,25.0,91.87281077815777,368.9394676886634,1016.656666919384,16.542099104113873,386.8836898219705,54.923784306657396,test
367_42,36.7,4.2,2025-08-05,2025,217,1,positive,2,6.56,35.5,21.4,27.7,18,35,14.0,5.4,0.0,4.68,0.0,1.3999999999999857,33.0,33.371428571428574,31.714285714285715,96.29529720053324,481.2430562095625,864.4619485373398,20.903215936559455,478.13406285161835,63.406096811165,test
367_33,36.7,3.3000000000000003,2025-08-20,2025,232,1,positive,1,5.82,32.8,26.0,28.9,24,46,20.1,11.2,0.0,3.77,0.0,2.4000000000000004,26.0,33.57142857142857,34.285714285714285,96.23549518604229,241.07852599587468,896.9444642089985,28.19698781321466,288.3811274420092,75.61632802049307,test
352_82,35.2,8.200000000000001,2025-06-08,2025,159,1,positive,1,1.22,33.2,18.1,25.8,15,30,20.4,10.7,0.0,4.27,2.4,33.1,1.0,30.414285714285718,15.571428571428571,96.59881399169717,126.63433772377249,382.437680894612,30.061616055990353,138.56398445694117,71.44647113980551,test
367_75,36.7,7.5,2025-10-12,2025,285,1,positive,1,2.99,32.1,18.6,24.0,21,59,12.4,5.2,0.2,3.8,1.4000000000000001,19.999999999999993,1.0,28.357142857142858,32.42857142857143,94.77735812800354,101.98527500320596,1197.1030789294937,15.684707446215594,168.15608148701958,50.355771960463194,test
355_81,35.5,8.1,2025-09-18,2025,261,1,positive,1,12.27,28.3,15.8,21.7,25,54,11.8,5.8,0.0,2.89,0.0,5.700000000000014,16.0,30.457142857142856,20.0,95.40908119304271,192.61696196670295,1218.7683007314859,16.59151900759195,276.13241115095997,54.788843467240376,test
360_50,36.0,5.0,2025-06-16,2025,167,1,positive,1,0.45,35.4,18.0,27.0,9,24,20.2,7.0,0.0,5.24,0.0,5.40000000000001,23.0,34.1,11.142857142857142,98.33742305863436,193.4047557420522,343.1665060226166,37.49479504139066,192.59754770821547,87.08222019722189,test
345_70,34.5,7.0,2025-09-04,2025,247,1,positive,1,0.97,36.5,24.9,31.3,28,41,18.8,9.4,0.0,4.37,0.0,0.0,103.0,37.24285714285715,24.857142857142858,95.89337885732739,897.6725165752982,1659.7075548479095,25.21513719840968,889.7309753146186,70.98908580781614,test
366_80,36.6,8.0,2025-08-20,2025,232,1,positive,3,21.86,36.4,23.3,29.2,20,45,13.4,8.4,0.0,4.86,2.699999999999993,3.9999999999999862,4.0,34.8,30.428571428571427,96.0444770896438,150.89989710765812,876.9968026239154,19.605207621300824,211.02506164483182,59.75578483939714,test
358_-3,35.800000000000004,-0.30000000000000004,2025-06-07,2025,158,1,positive,1,6.07,33.2,18.6,25.0,33,65,10.3,4.5,0.0,3.33,0.09999999999999468,17.199999999999996,15.0,28.485714285714284,41.714285714285715,92.73232377255567,132.65316011634212,443.2306481415194,10.620027655338637,151.7581934402181,38.33746950873841,test
365_16,36.5,1.6,2025-09-01,2025,244,1,positive,1,3.23,30.3,20.1,25.3,36,49,23.8,14.2,0.0,2.75,0.0,0.0,38.0,31.685714285714287,27.428571428571427,93.28791988871544,248.14177201278773,1008.7302690735611,22.66493848210428,307.29908222486466,66.44008363739334,test
349_85,34.9,8.5,2025-09-04,2025,247,1,positive,1,0.35,35.7,17.7,26.7,15,46,22.5,10.7,0.0,4.96,0.3999999999999858,9.899999999999988,11.0,32.65714285714286,26.285714285714285,96.96321251231309,160.38027774343402,1139.3395192469525,35.089739189479474,237.2638440819084,85.36350906193769,test
360_9,36.0,0.9,2025-06-23,2025,174,1,positive,1,8.51,41.3,25.6,32.8,8,22,21.9,12.9,0.0,7.25,0.0,0.0,31.0,39.871428571428574,13.142857142857142,99.23823140451103,324.3689079396148,646.82690131521,45.95179032748144,323.225620833502,100.68621402156606,test
365_45,36.5,4.5,2025-10-10,2025,283,1,positive,2,16.28,22.3,12.7,16.6,37,62,12.1,3.9,1.1,1.69,4.100000000000021,54.1,0.0,22.62857142857143,33.57142857142857,87.62328266737595,30.096789370826556,621.8798699026516,5.609725347390631,53.69674652287358,15.084882573361204,test
366_31,36.6,3.1,2025-07-19,2025,200,1,positive,1,1.92,38.9,22.8,29.3,14,41,20.8,8.1,0.0,5.9,0.3999999999999716,1.0,57.0,35.528571428571425,31.142857142857142,97.7793417047291,329.7984419996816,588.0381076648764,35.90320027854525,328.05399924576164,87.32720177183893,test
350_57,35.0,5.7,2025-10-24,2025,297,1,positive,1,1.92,31.2,19.9,25.4,23,37,17.0,10.6,0.0,3.49,4.3999999999999995,25.7,6.0,27.12857142857143,37.285714285714285,94.42111551209835,89.25308386865728,1114.9811196432954,18.829977074333126,148.7399669644554,54.8336757639564,test
368_77,36.800000000000004,7.7,2025-10-05,2025,278,1,positive,1,3.57,29.4,15.8,22.1,37,71,12.3,6.3,0.0,2.57,5.000000000000011,19.699999999999985,1.0,28.371428571428567,36.142857142857146,90.37620309258519,87.74097930386287,1409.4377821306753,8.408905152782607,151.8494511627493,32.87986889979414,test
350_-22,35.0,-2.2,2025-09-14,2025,257,1,positive,1,4.04,29.9,20.5,25.0,35,60,14.9,6.0,0.0,2.66,4.5999999999999925,4.8999999999999995,5.0,28.357142857142858,41.57142857142857,91.72200110411605,116.37477657502434,1131.772158797483,11.611240079209907,185.15342608285906,42.34832708786688,test
366_57,36.6,5.7,2025-10-05,2025,278,1,positive,1,12.05,23.4,14.8,18.6,47,71,10.7,6.1,1.8,1.51,11.600000000000021,108.10000000000001,0.0,22.571428571428573,52.142857142857146,81.81514612790757,12.375760069208715,401.26211256586515,2.390286998991352,22.979667972514076,4.2191873342307415,test
366_55,36.6,5.5,2025-08-14,2025,226,1,positive,2,6.12,28.2,18.3,22.9,33,59,10.5,4.7,0.0,2.51,0.10000000000002843,14.500000000000002,19.0,27.67142857142857,33.42857142857143,92.90045198328325,117.46764159992777,652.7359515433171,10.983702079569529,162.03496032948524,39.82384567152201,test
363_60,36.300000000000004,6.0,2025-07-21,2025,202,1,positive,2,5.13,38.8,22.8,31.2,7,20,27.8,15.6,0.0,6.45,0.0,2.2,9.0,34.6,17.428571428571427,99.13761328485323,357.78204904267346,567.02,61.05713626228945,355.1312393501243,118.38821740417681,test
367_34,36.7,3.4000000000000004,2025-09-02,2025,245,1,positive,1,0.43,27.8,21.3,24.2,48,64,15.0,8.7,0.0,1.94,0.0,0.0,39.0,32.042857142857144,31.142857142857142,91.0287857144112,301.73381097749905,977.3711622115873,10.57508312454976,340.5958960293136,41.39212485724364,test
366_29,36.6,2.9000000000000004,2025-07-09,2025,190,1,positive,1,0.84,32.8,22.5,27.3,47,68,16.2,9.0,0.0,2.62,0.1,0.1,46.0,34.457142857142856,39.714285714285715,91.63567471767725,291.40220353113676,511.5904343792231,12.246513247872855,289.89476612319976,45.35299592577796,test
364_39,36.4,3.9000000000000004,2025-06-20,2025,171,1,positive,1,3.89,33.8,16.3,24.9,15,45,19.2,6.0,0.0,4.46,0.9999999999999823,7.500000000000014,3.0,35.714285714285715,14.714285714285714,96.73843086868716,234.35805260111954,365.0927715157323,28.832994064577115,232.91030981136726,75.96344976167306,test
366_29,36.6,2.9000000000000004,2025-10-05,2025,278,1,positive,1,0.29,31.3,16.9,23.6,23,52,14.5,6.3,0.0,3.53,2.0,27.2,4.0,28.800000000000004,35.142857142857146,94.48512980526831,95.87480103594937,968.9876241616768,16.74836167246926,153.72457337419473,51.41624676283914,test
365_35,36.5,3.5,2025-07-12,2025,193,1,positive,1,4.24,30.4,20.6,25.1,38,62,14.5,6.4,0.0,2.67,0.6999999999999857,1.3999999999999857,49.0,32.77142857142857,35.0,92.87635478837132,291.8806332128789,490.5992987290997,13.391142476726658,290.1878409399415,47.99121766522325,test
344_51,34.4,5.1000000000000005,2025-09-16,2025,259,1,positive,4,4.2,37.8,24.9,31.4,14,25,12.5,7.2,0.0,5.61,0.1,1.3,115.0,34.57142857142857,20.857142857142858,97.55082370058925,953.6736758792358,1630.2149761509274,22.926622181290053,942.6503548228733,67.05036135436308,test
367_68,36.7,6.800000000000001,2025-10-06,2025,279,1,positive,1,27.92,23.9,15.9,19.9,32,66,19.6,8.8,2.1,2.03,7.200000000000022,28.800000000000008,0.0,26.428571428571427,43.857142857142854,86.5157423699763,64.84110693273077,1094.7155920801167,6.992041308700039,112.95597368613673,26.09410801454535,test
360_50,36.0,5.0,2025-07-23,2025,204,1,positive,1,6.1,38.5,22.8,31.4,9,19,23.1,12.4,0.0,6.1,0.0,9.800000000000011,20.0,37.285714285714285,9.714285714285714,99.26232827664397,217.45154192504498,674.5254412540374,48.96921094991135,240.8177646164728,103.55958315365784,test
366_31,36.6,3.1,2025-09-21,2025,264,1,positive,1,0.92,33.2,20.6,25.0,42,74,15.7,4.3,0.0,2.93,0.0,12.1,12.0,32.01428571428571,46.142857142857146,91.29624768131767,126.78833425385866,941.4905399245899,11.379826235653367,189.7078759683967,41.95990612952425,test
358_48,35.800000000000004,4.800000000000001,2025-06-02,2025,153,1,positive,1,2.35,26.4,17.7,22.1,25,33,20.3,15.9,0.0,2.57,0.0,62.0,10.0,28.385714285714283,18.285714285714285,94.86361626132934,94.02189163638349,279.88500185149957,23.632155353766827,102.20736809943793,55.29120597480154,test
361_75,36.1,7.5,2025-06-14,2025,165,1,positive,1,2.51,33.5,17.4,25.6,17,32,19.0,7.5,0.0,4.32,0.0,7.500000000000014,22.0,32.0,19.714285714285715,96.74026419773162,166.24199827616658,373.59557449937137,28.550892855222383,166.03520824842607,72.40674272377153,test
357_83,35.7,8.3,2025-08-21,2025,233,1,positive,2,0.49,34.2,20.1,26.6,23,43,15.2,7.1,0.0,4.11,0.3000000000000142,2.2,49.0,33.25714285714286,20.428571428571427,96.71908125115385,581.7303936124738,908.6826368260635,23.508574390489475,575.7607895211213,68.06878049815757,test
355_-6,35.5,-0.6000000000000001,2025-08-17,2025,229,1,positive,1,0.6,41.3,22.1,31.1,12,26,14.9,5.1,0.0,6.95,0.0,0.8,94.0,36.94285714285714,25.142857142857142,98.46504263131426,595.7504676908636,1054.9661111117816,29.192015862106416,591.1606529688868,77.44593457255618,test
364_74,36.4,7.4,2025-07-24,2025,205,1,positive,2,3.8,40.8,23.3,30.6,8,31,19.4,9.4,0.0,7.03,0.0,3.1000000000000068,10.0,37.75714285714286,15.0,99.18331204192667,410.3034604083204,614.906,40.2245903234868,406.6241538365291,93.38253738053022,test
366_26,36.6,2.6,2025-10-13,2025,286,1,positive,1,0.16,32.8,20.4,25.3,23,51,21.1,12.8,0.0,3.81,4.600000000000042,11.0,2.0,27.857142857142858,36.142857142857146,94.72720936459558,90.96937719044858,1144.117373557117,24.147708265259812,151.77039377995123,64.17845336273957,test
367_41,36.7,4.1000000000000005,2025-10-19,2025,292,1,positive,1,1.69,25.0,13.8,18.1,40,79,8.0,2.3,0.0,1.89,11.600000000000005,30.000000000000014,3.0,26.285714285714285,44.57142857142857,89.61647617846684,47.176424773073876,880.8098191953602,6.072616885668245,83.21085660064084,20.288107353095103,test
364_79,36.4,7.9,2025-07-21,2025,202,1,positive,2,4.59,37.7,24.4,30.5,16,35,13.3,8.0,0.0,5.3,0.09999999999999823,1.2000000000000017,57.0,34.48571428571429,23.285714285714285,97.48207704666504,319.10915153186426,562.0302845891382,23.65279221882893,317.3922668879446,68.19948582564568,test
357_-6,35.7,-0.6000000000000001,2025-09-14,2025,257,1,positive,1,0.98,29.5,20.1,24.2,49,80,13.3,5.6,0.0,2.11,11.900000000000007,12.099999999999982,5.0,29.32857142857143,41.42857142857143,91.04952198615909,107.84866643649158,1060.8185144293172,9.735622195954653,171.98497728410294,37.29041826196984,test
365_88,36.5,8.8,2025-07-01,2025,182,1,positive,2,9.0,39.4,22.9,30.9,15,45,19.0,6.0,0.0,6.06,0.0,0.7,40.0,37.214285714285715,24.428571428571427,97.59652684169316,326.14177905852966,600.176366211071,32.00521370995502,324.58480362605496,81.64101028709668,test
367_29,36.7,2.9000000000000004,2025-07-22,2025,203,1,positive,1,0.94,30.7,24.2,27.1,56,77,21.2,12.3,0.0,1.93,0.3000000000000142,0.2999999999999858,59.0,34.47142857142857,30.0,90.1884052573043,297.2750731881274,679.4216134026296,12.818545744877978,296.8768821941266,46.708449731770095,test
362_33,36.2,3.3000000000000003,2025-08-14,2025,226,1,positive,1,1.64,36.2,20.3,27.2,16,37,20.2,7.4,0.0,5.04,0.0,3.3,20.0,34.57142857142857,16.285714285714285,97.19533935235792,418.07592524303385,904.8601229941315,32.2335564444296,416.9864840144613,82.08786351704086,test
346_72,34.6,7.2,2025-07-09,2025,190,1,positive,1,8.47,40.1,28.3,34.8,18,34,27.4,13.8,0.0,6.07,1.5,1.4999999999999991,6.0,39.07142857142857,16.428571428571427,98.4397530887199,449.83650794302275,920.2124316969395,54.62278703204867,448.13496260938365,111.25049547738564,test
350_-22,35.0,-2.2,2025-08-11,2025,223,1,positive,1,0.92,28.7,21.1,24.9,59,76,14.1,7.0,0.0,1.59,0.0,2.7,17.0,28.785714285714285,59.857142857142854,87.66944286446582,166.3382716704931,951.6434625630479,6.245643357758911,231.5114964758393,28.850509380416195,test
347_-14,34.7,-1.4000000000000001,2025-08-14,2025,226,1,positive,2,13.83,36.0,22.7,29.5,12,21,15.5,6.8,0.0,5.19,0.30000000000002125,4.7,20.0,35.82857142857143,13.428571428571429,98.05001122228282,249.55320774363918,978.0486490215944,28.48919239711215,304.72607853416645,76.16029352975205,test
364_66,36.4,6.6000000000000005,2025-09-17,2025,260,1,positive,1,0.99,32.0,16.8,23.7,24,62,14.1,5.9,0.0,3.61,0.0,13.099999999999994,7.0,32.75714285714285,22.571428571428573,96.03230611274243,113.59988473374035,1079.997861471416,20.27567398333692,179.89420945741827,59.75210410295267,test
366_51,36.6,5.1000000000000005,2025-10-24,2025,297,1,positive,1,0.44,26.6,16.5,20.7,43,67,12.6,6.5,0.0,1.97,5.500000000000028,76.0,6.0,24.785714285714285,47.714285714285715,90.92592810785214,21.67603630075812,490.9987255094627,9.234127308614903,39.04300998231403,18.513474909869892,test
366_46,36.6,4.6000000000000005,2025-07-11,2025,192,1,positive,2,7.37,30.2,15.4,22.2,22,49,9.6,3.6,0.0,3.36,0.9000000000000142,4.599999999999986,8.0,28.857142857142858,30.142857142857142,94.36809993290699,277.74959982203956,449.3393601124487,12.874520628273352,276.0324393087655,46.752195096554736,test
363_8,36.300000000000004,0.8,2025-08-12,2025,224,1,positive,1,0.68,31.6,20.2,25.7,24,36,16.8,8.5,0.0,3.53,0.0,1.3000000000000036,18.0,30.91428571428571,25.571428571428573,94.291225851915,446.4603946298122,892.7902485539911,18.309955477417063,444.5904048272362,58.48278710154104,test
365_41,36.5,4.1000000000000005,2025-08-21,2025,233,1,positive,1,0.57,28.5,17.3,21.8,23,46,12.4,5.1,0.0,2.94,0.0,5.5,26.0,31.82857142857143,18.857142857142858,95.8677825081815,240.88901482057946,799.7826997083687,18.201050715461356,274.8333052571863,57.997228401231716,test
365_26,36.5,2.6,2025-09-19,2025,262,1,positive,1,1.84,29.2,18.7,23.9,56,80,13.3,6.0,0.0,1.76,0.0,9.400000000000006,10.0,31.95714285714286,46.0,89.53589626823715,123.24558754714201,1056.1036264270292,7.840462933279177,190.82016299831062,32.9156425471367,test
368_63,36.800000000000004,6.300000000000001,2025-10-23,2025,296,1,positive,1,0.89,28.2,15.9,22.0,42,74,19.4,10.3,0.0,2.2,10.099999999999993,39.7,1.0,25.285714285714285,50.714285714285715,89.56949602854742,29.325342352947843,845.8756574395638,10.71341680846814,53.97278009838924,24.267402249470436,test
364_75,36.4,7.5,2025-10-06,2025,279,1,positive,1,4.85,22.0,15.1,18.0,37,68,19.7,11.3,3.2,1.61,15.400000000000029,51.3,0.0,24.514285714285712,45.57142857142857,80.77007006674975,19.59008060307509,795.8137098426721,3.3339000319269565,36.90875794269152,7.929639834248254,test
344_72,34.4,7.2,2025-07-04,2025,185,1,positive,1,5.78,38.0,27.6,33.2,19,31,15.7,9.4,0.0,5.33,0.0,0.0,41.0,38.65714285714286,18.0,97.42639498733284,436.2185371719553,1014.6464856426021,26.496609169692764,435.63432630594576,73.11158005991335,test
367_33,36.7,3.3000000000000003,2025-07-30,2025,211,1,positive,1,0.47,27.6,21.1,24.9,44,56,26.4,17.0,0.0,2.05,2.4000000000000004,3.4000000000000004,5.0,28.571428571428573,48.142857142857146,91.30791166400257,159.9268932418747,716.0164642089985,19.544104483397962,205.24615613716452,59.472465522937114,test
366_86,36.6,8.6,2025-08-19,2025,231,1,positive,1,0.25,35.1,18.5,26.1,20,53,11.4,3.2,0.0,4.52,0.20000000000000712,1.5999999999999859,89.0,30.67142857142857,31.428571428571427,95.65434592087144,483.7695537056286,844.8077347927382,16.812440080182164,480.3717351728092,55.49467540126141,test
366_46,36.6,4.6000000000000005,2025-08-15,2025,227,1,positive,9,142.75,29.1,17.6,22.4,18,35,14.9,6.0,0.0,3.3,0.0,3.8999999999999875,20.0,28.457142857142852,20.0,95.8824023487821,235.29326260670845,714.9669478922343,20.685561424303494,258.1750956838886,62.57285945929532,test
358_45,35.800000000000004,4.5,2025-07-29,2025,210,1,positive,1,0.97,32.3,20.0,25.6,26,41,32.7,23.1,0.0,3.58,0.20000000000000356,1.0,67.0,36.32857142857143,16.142857142857142,95.65506969421808,567.2675197414848,899.2562243316569,49.18184052488926,561.7125940908909,104.82289382101206,test
364_87,36.4,8.700000000000001,2025-09-20,2025,263,1,positive,2,5.04,34.1,20.5,26.9,19,50,15.7,7.3,0.0,4.29,0.0,13.500000000000004,10.0,33.8,24.428571428571427,95.82644599119958,111.31027099088043,1120.0047574542812,21.373707112145308,178.3162088932758,61.61593503233269,test
364_60,36.4,6.0,2025-07-24,2025,205,1,positive,2,85.99,43.1,24.7,32.0,8,47,25.7,7.2,0.0,8.01,0.0,2.1,21.0,41.68571428571429,11.857142857142858,99.53055771635233,334.82029724738004,659.6209116170586,57.800255846555444,333.55560276123555,114.73977006533674,test
366_28,36.6,2.8000000000000003,2025-06-27,2025,178,1,positive,1,4.66,31.9,20.9,26.1,47,74,15.2,7.1,0.0,2.42,0.0,0.0,34.0,33.82857142857143,34.857142857142854,91.22393371982592,206.425241241531,474.9297928218957,10.983142418048944,206.20924384823948,41.45642942185084,test
366_54,36.6,5.4,2025-09-14,2025,257,1,positive,1,4.45,27.8,19.2,22.9,39,56,12.9,6.8,0.0,2.2,22.400000000000055,23.999999999999986,4.0,27.08571428571429,41.142857142857146,91.69676793483167,59.155712017649606,687.0644461666599,10.460611642840371,97.35578209693585,32.05622815737304,test
348_3,34.800000000000004,0.30000000000000004,2025-07-16,2025,197,1,positive,1,0.89,34.4,21.9,27.9,17,32,22.3,11.0,0.0,4.5,0.1999999999999858,1.999999999999993,10.0,34.47142857142857,17.0,97.73918310817966,261.0290511053132,648.1662647864212,38.516804145169246,261.0043073708384,90.52512672227188,test
363_25,36.300000000000004,2.5,2025-10-12,2025,285,1,positive,1,7.77,27.8,13.9,20.4,25,48,13.9,8.6,0.0,2.82,4.100000000000003,17.2,1.0,24.857142857142858,32.0,93.04171138282074,69.3960206547665,841.1318372542322,13.296892531635542,115.06001002061689,40.39422910962787,test
362_80,36.2,8.0,2025-09-05,2025,248,1,positive,1,7.89,31.8,18.5,24.7,32,57,10.7,5.4,0.1,3.12,2.299999999999979,3.2,3.0,31.742857142857144,28.142857142857142,94.39275057523749,158.06961125391558,978.110118185982,13.654655365704226,225.16751039382638,48.014504600848625,test
369_81,36.9,8.1,2025-09-15,2025,258,1,positive,1,0.5,29.4,21.0,24.9,56,82,16.0,7.4,0.0,1.78,9.400000000000018,13.300000000000013,5.0,29.54285714285714,52.42857142857143,89.7070529263485,72.84908475293453,980.994017718302,9.206405056122254,122.88451282687684,32.568771147664854,test
360_4,36.0,0.4,2025-09-30,2025,273,1,positive,1,5.85,29.0,18.2,22.9,47,78,17.8,7.2,0.2,2.09,0.39999999999999825,7.100000000000003,21.0,29.557142857142857,37.142857142857146,91.17613390703463,174.88873548885786,1297.4062600857503,12.435731082295273,261.614279623005,45.65078018142035,test
362_88,36.2,8.8,2025-09-06,2025,249,1,positive,1,6.57,33.7,22.1,27.9,22,42,25.0,8.2,1.2,4.05,4.10000000000001,4.8,0.0,33.07142857142857,25.142857142857142,94.4907227683725,139.97378982608967,1002.9595059743106,28.450513387633798,207.53739038345054,74.66144748015711,test
364_50,36.4,5.0,2025-10-19,2025,292,1,positive,2,1.35,19.8,10.1,13.7,45,79,10.0,3.8,0.1,1.28,19.000000000000004,45.5,1.0,20.942857142857143,46.57142857142857,76.66732503490341,29.40537167202466,709.4634115496907,1.4070835693443904,53.28902266094448,4.430225400932423,test
367_28,36.7,2.8000000000000003,2025-08-26,2025,238,1,positive,1,3.84,31.7,25.1,28.5,49,69,18.4,9.5,0.0,2.25,0.0,0.0,32.0,29.571428571428573,52.857142857142854,91.15885255788238,217.7014802900953,940.9072611125636,12.785966943174905,275.84471828081234,46.54756908135267,test
347_65,34.7,6.5,2025-08-09,2025,221,1,positive,2,1.58,37.4,26.8,32.7,20,27,17.8,8.2,0.0,5.12,0.0,0.0,77.0,37.75714285714285,20.285714285714285,97.09074790556963,739.94601193411,1351.6950777897932,28.166038041864415,733.9631089635461,75.82311436394095,test
367_37,36.7,3.7,2025-07-27,2025,208,1,positive,1,7.34,30.4,17.7,24.3,38,65,14.6,6.4,0.0,2.65,0.7,2.5,11.0,31.97142857142857,44.857142857142854,91.24054026005679,356.4670460430923,738.4165231050289,10.681252405717323,355.36437573880494,41.67221558585061,test
353_14,35.300000000000004,1.4000000000000001,2025-06-09,2025,160,1,positive,1,1.08,36.8,20.3,29.2,9,22,17.6,9.2,0.0,5.57,2.100000000000007,47.8,5.0,33.885714285714286,13.714285714285714,98.49016801781842,160.76919475462984,296.18711331971184,33.55697539315391,160.20564080980074,79.10093202349013,test
362_56,36.2,5.6000000000000005,2025-10-05,2025,278,1,positive,1,0.68,24.2,12.3,17.1,32,62,18.8,9.2,0.0,2.07,2.9,39.199999999999996,4.0,21.971428571428568,38.0,91.26039048518084,44.43563102972524,820.665841456653,13.236149499820206,78.27552886459166,33.71456913167548,test
367_34,36.7,3.4000000000000004,2025-07-09,2025,190,1,positive,2,5.37,29.7,23.3,26.3,57,70,25.7,12.9,0.0,1.81,0.2,0.2,46.0,30.114285714285717,59.42857142857143,88.82911052278124,188.11551996003686,486.6011622115872,13.232641260320355,191.32237617078815,46.2534212230671,test
363_46,36.300000000000004,4.6000000000000005,2025-07-23,2025,204,1,positive,20,142.0,43.2,26.2,33.4,6,26,27.1,10.5,0.0,8.18,0.0,0.9999999999999858,49.0,40.34285714285714,9.142857142857142,99.75675391233445,462.8652070736808,712.2140836285098,63.86581416647858,458.6225415707184,121.48982160746877,test
367_30,36.7,3.0,2025-10-23,2025,296,1,positive,1,1.28,29.4,19.6,23.2,37,60,20.2,14.9,0.0,2.59,0.6000000000000142,10.099999999999985,8.0,25.900000000000002,44.0,91.20303201483495,106.05404289161466,1041.3426567168872,14.088201079040664,169.06311278772264,47.120400065546,test
353_14,35.300000000000004,1.4000000000000001,2025-06-26,2025,177,1,positive,1,1.42,35.3,20.7,28.1,17,37,17.4,7.6,0.0,4.7,0.0,2.8999999999999932,22.0,35.25714285714286,10.142857142857142,98.02431573964378,303.1281781266299,461.3891133197119,31.245511181702653,300.9030265029872,80.41123108314147,test
363_55,36.300000000000004,5.5,2025-07-16,2025,197,1,positive,1,0.98,27.9,17.5,22.1,31,63,17.3,9.4,0.0,2.6,0.7999999999999681,4.5,7.0,32.48571428571428,20.571428571428573,94.40473575397513,326.1379159409274,531.501861035785,19.073651615974246,323.9794011659426,59.87749481499019,test
360_4,36.0,0.4,2025-08-19,2025,231,1,positive,3,2.8,34.6,27.2,30.6,25,36,22.7,13.3,0.0,3.51,0.0,0.8000000000000035,88.0,37.228571428571435,23.285714285714285,96.47233252484898,576.2838075642754,1140.2233794962501,33.18645466401135,573.319974808507,83.51618694494343,test
360_50,36.0,5.0,2025-06-02,2025,153,1,positive,2,0.63,27.6,17.7,22.5,25,34,22.9,16.2,0.0,2.76,0.0,89.4,9.0,27.514285714285712,22.714285714285715,94.78937046272857,84.94311273205219,212.11650602261653,26.66710830047755,84.94205162521868,54.86132452983657,test
353_14,35.300000000000004,1.4000000000000001,2025-06-24,2025,175,1,positive,1,0.96,36.7,20.8,29.2,7,19,17.1,9.9,0.0,5.69,0.0,2.8999999999999932,20.0,34.371428571428574,11.285714285714286,99.28983210827084,286.6769490526299,441.7471133197119,36.3220213514527,284.6816303863742,87.71874367822204,test
366_53,36.6,5.300000000000001,2025-10-26,2025,299,1,positive,2,3.52,25.0,16.9,19.9,33,63,24.5,10.6,0.5,1.87,1.2000000000000142,37.69999999999999,8.0,25.02857142857143,44.57142857142857,91.33178765767104,25.523014041356795,533.4908407985135,17.820103044363236,45.592939040142014,31.668037301459698,test
364_69,36.4,6.9,2025-10-26,2025,299,1,positive,1,14.79,28.4,14.9,20.1,21,49,21.7,14.0,0.0,3.04,0.2999999999999822,47.499999999999986,8.0,24.442857142857143,36.714285714285715,94.49853786356026,33.2416477694507,578.4363955201391,24.117943705822867,58.131523262927054,43.24944961578654,test
368_36,36.800000000000004,3.6,2025-09-01,2025,244,1,positive,1,1.22,31.1,23.4,26.7,34,58,26.3,14.7,0.0,2.94,0.0,0.0,101.0,33.17142857142857,29.857142857142858,93.76100070615281,467.68737627651944,979.6671607542559,27.459026276137134,466.088557657215,74.68375548203281,test
367_63,36.7,6.300000000000001,2025-09-18,2025,261,1,positive,2,1.04,28.5,18.0,22.5,43,66,13.4,5.6,0.0,2.18,0.0,17.1,8.0,30.714285714285715,34.42857142857143,91.71079126577587,73.601700856269,908.3788943640767,10.748860574879673,122.4080248053195,36.03265671631709,test
361_55,36.1,5.5,2025-07-31,2025,212,1,positive,1,2.53,31.7,15.4,23.3,27,47,22.2,11.7,0.0,3.37,1.2999999999999823,2.6000000000000005,6.0,29.228571428571428,28.0,93.74822855996474,475.44679244094846,755.873816270119,22.294080417534463,471.3044095160322,65.92561880112203,test
366_32,36.6,3.2,2025-08-08,2025,220,1,positive,3,11.81,35.4,22.4,28.5,30,46,9.5,4.3,0.0,4.03,0.0,5.899999999999986,14.0,33.91428571428572,28.714285714285715,95.52768564589856,168.85560154278147,759.3948537463609,15.016514078698322,217.05357660751073,50.809707322753454,test
368_77,36.800000000000004,7.7,2025-06-09,2025,160,1,positive,1,0.78,31.8,20.3,25.1,37,67,13.8,6.0,0.0,2.92,0.30000000000001065,25.599999999999984,24.0,35.51428571428572,28.142857142857142,93.38196700434155,152.55259023509802,355.8517821306747,13.874416816447491,152.43201748848722,45.575260408047505,test
369_70,36.9,7.0,2025-07-05,2025,186,1,positive,1,3.66,30.6,22.4,26.7,46,77,12.1,6.6,0.0,2.38,0.0,0.1,50.0,30.599999999999998,50.57142857142857,89.85852761573572,221.73962607258426,454.00395737081794,7.7298842023084395,221.16661856635037,33.17637063778794,test
364_66,36.4,6.6000000000000005,2025-09-28,2025,271,1,positive,1,1.02,25.1,10.6,17.2,27,64,8.3,4.3,0.0,2.29,28.300000000000015,35.89999999999999,1.0,25.37142857142857,44.42857142857143,89.52899920830845,27.11052381779498,822.4165551684752,6.088236273030439,50.09283828450615,15.459553467051226,test
356_-6,35.6,-0.6000000000000001,2025-06-22,2025,173,1,positive,3,4.29,36.6,23.5,29.6,23,41,17.0,7.3,0.0,4.58,0.0,0.09999999999999645,38.0,35.1,27.428571428571427,96.60197238193821,257.668440780511,667.114934028165,25.339068644598807,262.17691663899575,70.7562293235712,test
363_27,36.300000000000004,2.7,2025-06-06,2025,157,1,positive,1,1.43,32.4,18.5,24.8,22,52,10.6,6.2,0.0,3.72,0.0,88.70000000000002,14.0,29.74285714285714,29.857142857142858,94.64646519824163,86.43839310139894,194.89456015629554,14.069268743877041,86.34062169769437,36.81303884636916,test
366_69,36.6,6.9,2025-09-14,2025,257,1,positive,4,35.26,36.5,21.5,27.7,23,54,16.9,7.2,0.0,4.71,2.9999999999999787,6.199999999999986,4.0,33.885714285714286,29.142857142857142,95.41869457532765,141.73935394619576,1114.5432195302035,21.4814769289999,215.09366029267406,63.28920491982842,test
366_90,36.6,9.0,2025-10-01,2025,274,1,positive,1,3.76,27.2,17.3,21.4,46,68,17.8,9.0,0.7,1.95,2.199999999999986,21.299999999999994,9.0,27.942857142857143,39.57142857142857,89.28660176134038,96.64563010632371,1110.020611736948,9.49039578606624,158.73910677775527,36.0293005605022,test
366_39,36.6,3.9000000000000004,2025-10-14,2025,287,1,positive,1,2.68,30.9,19.9,24.3,29,55,18.5,10.7,6.0,3.19,6.699999999999995,20.499999999999986,0.0,30.057142857142857,27.571428571428573,86.71342800805229,62.68927487028029,999.7647523644856,6.80291695185859,108.38768866282172,25.132074794173118,test
369_-22,36.9,-2.2,2025-07-27,2025,208,1,positive,1,1.82,30.5,21.0,25.5,29,52,17.3,7.6,0.0,3.11,1.8,1.8000000000000071,2.0,30.97142857142857,40.142857142857146,92.99959546988174,185.28856627470807,812.7675710510526,15.688978767028972,236.04676767569862,52.549807708434145,test
365_89,36.5,8.9,2025-09-21,2025,264,1,positive,1,5.51,36.0,20.5,28.1,19,44,15.3,6.3,0.0,4.75,0.0,19.800000000000004,11.0,35.05714285714286,22.714285714285715,96.35438427047575,120.45066852904408,1031.7792323750384,22.496833743814246,186.47752698700353,64.00998874635883,test
363_76,36.300000000000004,7.6000000000000005,2025-06-07,2025,158,1,positive,2,2.2,33.0,20.5,26.3,23,39,25.2,10.9,0.0,3.88,0.6000000000000106,72.20000000000005,13.0,29.82857142857143,26.714285714285715,94.9974578747923,84.5293259630897,158.89872025684798,30.81090161327309,84.26609028347768,59.73745736722881,test
348_1,34.800000000000004,0.1,2025-10-24,2025,297,1,positive,1,0.52,31.6,14.1,22.1,16,30,17.1,9.1,0.0,3.89,0.0,13.700000000000008,11.0,26.157142857142855,26.0,96.08636913571137,107.77793863469678,1154.1937051670036,23.757615529235267,174.75870989135754,65.46964980564914,test
367_34,36.7,3.4000000000000004,2025-06-26,2025,177,1,positive,1,0.52,29.6,21.9,25.7,42,68,9.7,5.5,0.0,2.41,0.0,0.0,33.0,30.185714285714283,40.714285714285715,92.0896298128501,147.63469241803688,370.2051622115872,9.411849367894602,147.85804024960697,35.16853463631316,test
365_28,36.5,2.8000000000000003,2025-06-10,2025,161,1,positive,1,0.62,34.2,20.1,26.0,41,68,13.1,5.2,0.0,3.19,0.0,91.39999999999999,17.0,31.08571428571429,47.285714285714285,91.35948583852209,116.55153993300134,263.28437934338945,10.072595234666837,116.42282793942405,33.84221028945405,test
367_89,36.7,8.9,2025-09-18,2025,261,1,positive,1,4.88,27.4,18.9,22.1,45,79,12.0,7.6,0.0,1.99,0.0,31.799999999999997,8.0,29.485714285714288,41.285714285714285,90.2849483241905,56.54352818338829,760.9002283337509,8.175328855474543,95.36946969526905,26.85007253942807,test
362_87,36.2,8.700000000000001,2025-10-26,2025,299,1,positive,1,4.54,32.0,17.6,22.8,11,42,30.8,14.6,0.0,4.24,0.30000000000001065,29.5,7.0,27.228571428571428,28.857142857142858,97.4031567839124,41.66926368707913,792.1777941442818,56.53250440955662,73.6529933223964,80.98854805361924,test
356_-9,35.6,-0.9,2025-06-01,2025,152,1,positive,1,0.54,31.6,18.5,24.7,25,44,15.6,8.4,0.0,3.38,0.0,29.300000000000004,9.0,31.0,25.428571428571427,95.47554849134721,91.7088164386179,358.9440774341835,20.275848640685705,111.92599275030217,52.20107142297177,test
366_27,36.6,2.7,2025-08-04,2025,216,1,positive,1,0.38,31.4,18.8,24.8,30,62,20.6,9.7,0.0,3.18,0.0,3.5000000000000004,10.0,30.3,39.42857142857143,92.98973940824294,165.09735901868655,816.2741602578254,18.501741722870154,219.30477272350822,57.87393962666172,test
346_-23,34.6,-2.3000000000000003,2025-07-31,2025,212,1,positive,1,1.01,33.7,19.2,25.9,27,52,17.5,8.1,0.0,3.8,0.0999999999999858,1.3,25.0,34.51428571428571,26.142857142857142,95.58150919479675,606.7465755019039,1016.7249231732495,22.637198989417747,601.2779911659642,66.53895776327231,test
345_69,34.5,6.9,2025-07-31,2025,212,1,positive,1,5.36,37.3,27.0,32.6,25,30,23.6,13.4,0.0,4.75,0.0,0.0,68.0,38.614285714285714,19.857142857142858,96.12892817159054,664.6491117329681,1299.7118210661615,33.15489076244709,660.714949873105,83.46999993923951,test
366_64,36.6,6.4,2025-10-05,2025,278,1,positive,1,2.34,23.2,10.8,16.3,42,76,14.4,6.4,0.0,1.67,4.100000000000014,40.70000000000001,2.0,21.74285714285714,45.0,88.96235052789372,35.5686896609708,770.6926738269108,7.632443444436304,63.77866309305835,20.783502558727992,test
353_-13,35.300000000000004,-1.3,2025-09-05,2025,248,1,positive,1,0.86,31.0,19.7,24.9,49,64,21.8,8.5,0.0,2.29,0.0,0.10000000000001422,113.0,28.042857142857144,40.57142857142857,90.3579169295689,438.3783063125188,1029.0688364116288,13.536382289048502,437.8642920837663,48.47942398213757,test
346_72,34.6,7.2,2025-08-25,2025,237,1,positive,1,1.27,39.6,26.3,34.0,17,30,14.0,8.1,0.0,5.95,0.0,0.0,53.0,39.32857142857143,15.428571428571429,97.33325471121326,794.1338432870227,1405.6604316969394,24.021839923084126,786.7419767383237,68.95765526994757,test
369_45,36.9,4.5,2025-10-22,2025,295,1,positive,1,3.23,27.5,18.6,22.5,51,70,21.4,13.8,0.5,1.8,5.899999999999972,62.6,4.0,25.014285714285716,56.57142857142857,90.07011584961695,25.54330311501031,673.7985054310532,12.7309363508656,46.664086390451544,25.459900197396774,test
367_43,36.7,4.3,2025-08-18,2025,230,1,positive,1,41.01,39.8,22.8,30.5,14,28,10.4,4.1,0.0,6.29,0.0,0.4999999999999858,46.0,35.971428571428575,20.428571428571427,97.85752846639117,547.7414599719659,961.6489311943091,21.479828861642677,543.643960793747,64.46239731711954,test
369_69,36.9,6.9,2025-06-03,2025,154,1,positive,1,1.78,33.3,21.9,26.8,30,50,15.3,8.3,0.0,3.58,0.0,89.70000000000003,18.0,28.885714285714283,40.42857142857143,93.81333825300486,73.50745195696962,139.9618722990798,15.889760096738145,73.28276084480245,36.83065124088072,test
370_-19,37.0,-1.9000000000000001,2025-07-20,2025,201,1,positive,1,1.77,33.8,23.7,28.4,26,43,22.5,11.5,0.0,3.83,0.0,0.6,58.0,32.128571428571426,42.142857142857146,94.32105928241802,323.70460446677,778.9924744111167,24.50281134003063,323.5116547376769,69.67572325497414,test
364_49,36.4,4.9,2025-06-23,2025,174,1,positive,2,7.55,31.9,16.4,24.4,22,41,15.7,6.2,0.0,3.65,0.40000000000002134,3.6,18.0,30.685714285714283,21.142857142857142,96.28737900288107,212.64954991975657,315.6447832983137,22.748478284562378,211.266458231107,65.41444260752812,test
366_66,36.6,6.6000000000000005,2025-10-22,2025,295,1,positive,1,2.15,24.0,12.9,17.8,53,82,13.5,7.3,0.2,1.38,26.100000000000005,87.9,3.0,22.542857142857144,50.142857142857146,88.43854616352213,15.036314722274499,537.1675891776954,6.765721051006176,28.10579633802437,12.298519971062941,test
344_-7,34.4,-0.7000000000000001,2025-06-03,2025,154,1,positive,1,4.75,32.0,17.0,24.4,10,31,30.3,20.8,0.0,4.3,0.0,33.60000000000001,11.0,31.814285714285713,11.142857142857142,98.2597737519066,143.03605299618502,375.27246399292,61.73989610156288,146.48719229298902,110.19985501836594,test
361_62,36.1,6.2,2025-08-13,2025,225,1,positive,1,0.69,34.1,17.3,25.3,11,39,24.9,5.7,0.0,4.73,0.0,0.8000000000000071,41.0,34.028571428571425,15.428571428571429,97.69402983620098,600.903416304197,948.3361332824298,43.64668414466912,594.7404375646673,97.90117973175406,test
366_30,36.6,3.0,2025-08-28,2025,240,1,positive,1,5.68,34.9,23.4,28.1,25,55,24.9,10.4,0.0,4.22,0.1,0.30000000000000004,34.0,37.74285714285714,23.857142857142858,96.244302842391,292.2402801541622,966.4480167254729,35.95526840619788,332.8543680739054,87.41314030263737,test
369_65,36.9,6.5,2025-06-06,2025,157,1,positive,1,0.87,36.0,19.6,26.7,29,67,8.1,2.8,0.0,4.23,0.0,89.1,12.0,32.3,42.0,93.76757904334457,89.955037903034,168.56199999999998,10.984782801274992,89.67391582205464,31.832387274783773,test
365_87,36.5,8.700000000000001,2025-09-13,2025,256,1,positive,1,3.98,33.6,17.1,24.6,23,63,12.6,4.6,0.0,3.95,10.099999999999968,13.700000000000006,3.0,33.81428571428571,31.571428571428573,94.69702295236878,93.00891963618835,1078.4152810233586,15.669644230846856,153.02367058304904,49.26172888814792,test
372_-20,37.2,-2.0,2025-08-30,2025,242,1,positive,4,2.07,30.7,19.9,25.7,20,31,20.4,11.4,0.0,3.49,0.0,2.000000000000014,32.0,31.1,24.857142857142858,96.53265364954788,220.78850197311883,924.5600823113642,29.795512436895137,276.5024085959023,78.04211605940367,test
367_60,36.7,6.0,2025-10-26,2025,299,1,positive,1,16.56,27.0,17.9,22.4,31,62,16.0,11.9,1.4,2.24,3.0999999999999996,55.600000000000016,0.0,26.12857142857143,45.0,89.6223032508162,20.483809225775886,545.7483670012109,9.095187252895641,37.45324627069462,17.923052631195098,test
359_70,35.9,7.0,2025-07-01,2025,182,1,positive,1,37.86,35.1,19.5,27.3,16,38,20.4,8.3,0.0,4.7,0.0,1.000000000000007,39.0,34.07142857142857,18.285714285714285,96.70931284877629,308.4567628383627,565.8154375649302,30.510865421983816,307.0132168867789,79.3185108698356,test
361_75,36.1,7.5,2025-07-20,2025,201,1,positive,10,41.59,40.3,22.0,30.1,10,31,23.7,9.1,0.0,6.72,0.10000000000000756,0.40000000000001423,58.0,35.728571428571435,17.428571428571427,98.75337081905744,405.3943743921667,716.8975744993716,47.23305174380092,402.9238646201018,102.40870921304884,test
346_88,34.6,8.8,2025-08-19,2025,231,1,positive,1,4.2,36.0,21.6,29.4,21,45,20.9,11.7,0.0,4.69,0.0,0.8000000000000045,47.0,36.0,15.428571428571429,97.30243800442534,497.74708652440347,1260.7065571695252,33.87074646056978,500.9935413383812,84.5180171815569,test
366_69,36.6,6.9,2025-10-05,2025,278,1,positive,1,4.03,28.7,15.3,21.2,32,67,15.3,8.3,0.3,2.67,6.499999999999979,30.399999999999984,3.0,26.97142857142857,41.285714285714285,91.89590746290705,49.30581304464792,1000.3162871689268,12.143082623474395,87.79325344891649,33.68057720080626,test
361_64,36.1,6.4,2025-08-07,2025,219,1,positive,1,0.56,35.0,16.9,26.4,12,36,16.2,8.2,0.0,4.91,0.0,1.1,76.0,33.24285714285714,17.571428571428573,97.60204379178539,552.320010794524,859.1096874986576,27.813978269052942,546.7890034774159,75.25895771632261,test
347_53,34.7,5.300000000000001,2025-10-05,2025,278,1,positive,1,9.03,31.0,18.3,24.6,21,36,6.6,4.2,0.0,3.54,0.0,11.099999999999996,8.0,30.171428571428574,22.571428571428573,94.88777436588366,108.8225307153401,1410.7283516339044,11.88859398582101,182.4583160819102,42.892086409551446,test
365_81,36.5,8.1,2025-09-01,2025,244,1,positive,1,3.69,38.2,21.5,28.0,21,53,20.3,9.5,0.0,5.26,0.2,0.4,37.0,36.4,26.285714285714285,96.1028603656954,286.67082633821155,963.4739531023724,27.9769338364859,328.7798194047519,75.41986286302496,test
365_73,36.5,7.300000000000001,2025-09-01,2025,244,1,positive,3,16.13,36.5,21.5,26.7,20,47,18.3,9.6,0.0,4.86,0.6000000000000035,1.0,37.0,35.142857142857146,21.857142857142858,96.64166887056436,613.3350531840638,977.3610948521887,27.199145152611322,607.0906384888298,74.2670796371676,test
363_88,36.300000000000004,8.8,2025-10-22,2025,295,1,positive,1,2.98,23.4,13.6,17.6,44,72,16.3,9.5,0.6,1.6,36.999999999999986,59.0,3.0,21.67142857142857,44.57142857142857,88.74040944798674,23.94575520046488,578.2283278849895,8.135903521694523,43.39843927000263,17.807207759167678,test
349_85,34.9,8.5,2025-08-19,2025,231,1,positive,1,0.96,36.0,19.8,27.9,16,37,28.4,13.0,0.0,4.98,0.0,5.799999999999989,7.0,33.68571428571429,16.142857142857142,97.21895537339033,145.4266125652101,1044.8545127888572,48.879323233964705,215.77305031601915,102.68601435584823,test
355_-3,35.5,-0.30000000000000004,2025-10-03,2025,276,1,positive,1,1.72,29.9,14.1,21.6,23,52,15.0,6.3,0.0,3.23,0.5000000000000107,8.499999999999996,24.0,28.5,32.57142857142857,94.08284231513744,190.03912435441532,1295.9934705608066,16.247297220942407,278.1217059723945,54.093593001336956,test
364_66,36.4,6.6000000000000005,2025-10-27,2025,300,1,positive,1,0.57,18.8,11.5,15.7,55,77,14.7,6.8,2.0,0.98,2.000000000000014,27.59999999999999,0.0,26.642857142857142,35.0,79.69932120855768,41.7161299531348,811.9531954760761,2.312741842862988,73.93568252482662,8.890826861901576,test
363_41,36.300000000000004,4.1000000000000005,2025-07-28,2025,209,1,positive,1,0.43,35.4,19.4,27.1,16,35,19.9,7.7,0.0,4.81,1.2000000000000037,4.0,2.0,36.97142857142857,19.0,96.7105840384316,258.9487835730059,875.8794742769052,29.75682130353759,297.794467119187,78.11562932076914,test
359_44,35.9,4.4,2025-06-07,2025,158,1,positive,1,0.65,35.6,23.7,29.5,15,24,21.5,11.9,0.0,4.93,0.0,84.0,15.0,32.7,16.428571428571427,97.21740199163956,139.58170828912603,289.9684617066236,34.5171535450514,139.29342241042778,77.67723296293649,test
364_54,36.4,5.4,2025-07-18,2025,199,1,positive,2,1.24,35.4,22.2,29.0,16,26,13.9,6.3,0.0,4.82,0.10000000000000756,4.1000000000000005,15.0,34.371428571428574,23.0,96.67197263841258,321.9302108183163,544.2407688229766,21.879223316271002,319.9911410468292,65.0766213810671,test
367_90,36.7,9.0,2025-10-01,2025,274,1,positive,2,4.91,23.4,16.9,19.2,53,75,20.0,11.0,1.0,1.36,4.300000000000008,39.800000000000004,0.0,24.414285714285715,48.57142857142857,86.01215775802604,82.85598584858415,854.0773815096121,6.645426487163455,133.36650346688901,26.920258110826772,test
357_-6,35.7,-0.6000000000000001,2025-09-19,2025,262,1,positive,1,2.72,28.7,20.2,24.0,57,77,16.5,7.0,0.0,1.69,0.0,12.099999999999982,10.0,29.485714285714288,53.285714285714285,89.20058548973003,119.00778488049158,1095.6365144293172,8.77956632900957,187.18546494954884,35.372996568932024,test
365_24,36.5,2.4000000000000004,2025-10-14,2025,287,1,positive,3,1.46,30.6,18.0,22.9,31,64,17.9,9.0,0.0,3.04,2.300000000000014,11.800000000000006,4.0,29.37142857142857,32.142857142857146,94.3714682345373,112.44400516215126,1043.1373341275842,19.569104649095788,177.1489896449914,58.31743270153237,test
357_62,35.7,6.2,2025-07-15,2025,196,1,positive,2,9.26,38.8,23.1,31.5,11,26,19.8,8.9,0.0,6.11,0.30000000000000004,2.300000000000007,12.0,35.9,17.285714285714285,98.70466263417134,429.46654040421856,722.9053291848156,38.55949941459503,426.3809921587321,91.13325085726882,test
366_29,36.6,2.9000000000000004,2025-07-02,2025,183,1,positive,1,0.67,33.5,22.9,27.5,47,74,11.7,5.7,0.0,2.73,0.0,0.0,39.0,34.114285714285714,35.285714285714285,91.99504138916726,256.0732851631368,442.2464343792231,10.27156803284445,254.7750355068807,40.345614661638315,test
366_23,36.6,2.3000000000000003,2025-08-17,2025,229,1,positive,2,5.23,33.8,21.9,28.1,27,44,11.3,5.1,0.0,3.86,0.0,9.000000000000021,23.0,30.357142857142858,49.142857142857146,93.9134340128248,159.61626592809372,796.3381961659765,13.1708621838572,212.66651676115467,46.6992426756686,test
367_44,36.7,4.4,2025-10-06,2025,279,1,positive,1,3.04,21.9,12.3,17.6,41,68,15.3,8.9,0.2,1.55,1.2999999999999858,25.1,5.0,24.957142857142856,38.857142857142854,91.39163168955075,108.9278082368841,961.6644873964362,11.304996369129208,169.77854525373112,40.98238478322527,test
347_57,34.7,5.7,2025-08-15,2025,227,1,positive,1,8.06,39.5,28.3,34.5,18,25,15.1,6.7,0.0,5.89,0.0,0.0,83.0,37.94285714285714,19.571428571428573,97.21958240863619,787.9284530517231,1385.219155878781,25.0093824258765,780.4915498962852,70.64214718493508,test
361_12,36.1,1.2000000000000002,2025-10-10,2025,283,1,positive,1,1.62,28.0,15.7,21.2,31,71,12.4,4.6,0.6,2.59,0.599999999999984,4.0000000000000036,15.0,30.099999999999998,26.571428571428573,92.10572032646901,217.99561419472374,1447.8564175511226,10.808098401627628,316.759484312928,41.94238723038146,test
347_58,34.7,5.800000000000001,2025-08-10,2025,222,1,positive,1,0.52,38.1,27.9,33.3,20,28,16.7,10.2,0.0,5.32,0.0,0.0,39.0,37.971428571428575,19.428571428571427,97.23826121890136,478.0314687770876,1378.8972502325237,27.176824981267522,512.1697309928943,74.22954888133093,test
365_53,36.5,5.300000000000001,2025-08-30,2025,242,1,positive,1,5.98,26.5,13.8,19.8,25,63,13.0,5.6,0.0,2.52,0.09999999999996448,0.6000000000000001,35.0,31.814285714285713,20.428571428571427,94.47741264780586,255.7795229486168,883.6575650212823,15.512588635792378,296.79018422855984,52.64386108552773,test
362_81,36.2,8.1,2025-08-05,2025,217,1,positive,1,5.53,29.4,13.1,21.2,22,60,13.5,5.7,0.0,3.17,0.0,1.5000000000000004,34.0,29.785714285714285,30.428571428571427,94.37480257524258,455.29495491653137,766.4397508703254,15.684863531147561,451.9067261976517,53.15726850736829,test
344_59,34.4,5.9,2025-07-19,2025,200,1,positive,1,1.76,42.9,27.6,36.2,10,16,17.6,12.2,0.0,7.73,0.0,0.7999999999999999,56.0,42.08571428571429,12.571428571428571,99.22598843684445,553.0767141415465,1079.9118470752783,36.94109806586941,550.1503644012163,88.90516926420749,test
362_13,36.2,1.3,2025-08-03,2025,215,1,positive,1,0.75,41.5,24.9,32.5,11,29,20.6,10.0,0.0,7.05,0.0,0.4999999999999858,72.0,38.728571428571435,17.714285714285715,98.71518459872038,635.3931226342132,1111.3818175334916,40.20096327624596,630.1116208443091,93.37105676220393,test
364_69,36.4,6.9,2025-10-29,2025,302,1,positive,2,3.87,21.7,10.3,15.4,43,61,21.3,13.1,0.0,1.49,2.399999999999982,48.59999999999999,2.0,22.88571428571429,41.142857142857146,87.9957135527334,32.432021659734346,590.7003955201391,9.406558304200589,57.03532465509706,22.77142700103376,test
368_42,36.800000000000004,4.2,2025-10-04,2025,277,1,positive,1,2.61,27.3,11.6,19.2,28,71,7.4,2.6,0.0,2.59,6.899999999999975,82.69999999999999,3.0,25.699999999999996,41.0,92.1473088925881,22.89409863076266,533.455607461234,8.450450563343804,41.3515300223772,17.86093813013419,test
362_67,36.2,6.7,2025-07-22,2025,203,1,positive,2,13.15,40.3,20.9,29.9,12,39,17.7,5.6,0.0,6.54,0.0,5.8,19.0,37.88571428571429,15.428571428571429,99.52516977740737,258.0736946893309,690.8745736981547,38.59703958048481,266.8992598386483,90.70529869177555,test
366_35,36.6,3.5,2025-08-31,2025,243,1,positive,3,34.97,35.7,17.9,25.8,14,40,14.2,7.4,0.0,5.03,0.9,1.0,37.0,35.5,18.714285714285715,97.18286095141498,339.4723627375297,945.5717983116177,23.783785500527728,357.80410595285787,68.49902313332542,test
369_70,36.9,7.0,2025-09-28,2025,271,1,positive,2,7.15,27.7,16.5,21.5,34,67,12.7,7.4,0.0,2.46,16.4,22.8,1.0,26.842857142857145,53.42857142857143,90.50818464867505,47.49795477495366,965.601926067857,8.743544677449915,84.59307679960422,26.4706025503583,test
366_73,36.6,7.300000000000001,2025-10-07,2025,280,1,positive,1,2.26,22.9,13.0,17.5,44,64,11.3,7.1,0.0,1.57,18.999999999999975,43.400000000000006,1.0,23.685714285714283,47.142857142857146,87.47771340582497,29.10302834344712,855.2030553991615,5.277125325271084,53.64235950625437,14.384745590287585,test
355_61,35.5,6.1000000000000005,2025-09-17,2025,260,1,positive,2,4.92,29.5,16.4,22.8,18,50,17.5,9.3,0.0,3.33,0.0,11.099999999999993,7.0,29.014285714285712,24.571428571428573,95.75541083569664,132.14117501851982,1199.969945980144,23.178503616210843,207.23135013616363,66.03186967923142,test
368_73,36.800000000000004,7.300000000000001,2025-09-20,2025,263,1,positive,1,4.95,37.2,19.9,27.7,23,62,17.3,3.6,0.0,4.85,0.0,4.999999999999986,11.0,34.771428571428565,30.428571428571427,95.48343077691628,223.990136063394,1239.2393241788993,22.113029568947276,308.55393782616426,65.46314589578368,test
370_73,37.0,7.300000000000001,2025-10-07,2025,280,1,positive,1,10.39,23.7,18.0,20.8,45,59,15.3,9.7,0.0,1.6,7.7,41.0,3.0,24.114285714285717,53.42857142857143,88.61765531219675,27.33010349668241,835.5084603950959,7.600970288394825,50.52817174548358,18.33708253275699,test
365_32,36.5,3.2,2025-10-23,2025,296,1,positive,4,16.96,27.4,12.6,19.2,34,69,18.5,8.2,0.0,2.42,7.6000000000000005,26.3,5.0,24.0,39.0,91.41958669314613,63.30738771508911,865.3587640115633,13.335967408740261,107.03818930130558,39.268033387256835,test
362_56,36.2,5.6000000000000005,2025-07-23,2025,204,1,positive,1,2.02,38.2,23.3,30.9,9,27,26.1,13.1,0.0,6.09,0.0,5.5,13.0,36.48571428571429,10.857142857142858,99.186341810778,400.0185425853523,641.6554285606729,56.400921381335316,396.9380690767985,113.26283081777856,test
366_63,36.6,6.300000000000001,2025-10-25,2025,298,1,positive,1,2.24,29.6,14.8,20.8,31,72,8.0,4.3,0.0,2.84,1.5999999999999859,33.999999999999986,6.0,25.614285714285717,44.0,92.287778230477,50.95911317988621,865.5098856467492,8.884229581695942,88.84132455806093,27.43994135472177,test
366_55,36.6,5.5,2025-08-15,2025,227,1,positive,5,4.1,28.3,17.7,22.6,26,64,10.9,5.3,0.0,2.82,0.10000000000002843,12.8,20.0,27.385714285714283,33.42857142857143,93.34162191185972,121.95908077592777,660.8339515433171,11.920811042169909,166.90910147775182,42.25524627317217,test
361_59,36.1,5.9,2025-08-15,2025,227,1,positive,2,3.62,33.8,18.4,25.8,16,37,18.3,7.3,0.0,4.39,0.0,2.1,21.0,33.07142857142857,17.0,96.93637821177988,592.7197498837382,945.8619288988807,28.29490390745333,586.8345564492828,76.02826359607951,test
368_73,36.800000000000004,7.300000000000001,2025-08-06,2025,218,1,positive,1,0.47,33.0,17.4,25.1,29,66,15.7,5.3,0.0,3.58,0.0,1.3999999999999857,82.0,32.75714285714286,29.571428571428573,94.33138145479462,517.8308183662419,840.3313241788992,17.418990198817554,513.2822638145708,56.72197366090233,test
359_72,35.9,7.2,2025-08-01,2025,213,1,positive,1,16.06,35.4,17.6,25.7,20,45,19.6,7.6,0.0,4.6,0.19999999999999646,14.9,7.0,29.45714285714286,29.285714285714285,95.84123127586663,154.43129490955894,756.0904122818919,26.06745449838371,204.4602108152882,70.75933199496973,test
365_90,36.5,9.0,2025-10-17,2025,290,1,positive,1,3.72,25.9,15.4,20.2,36,69,12.2,4.8,0.3,2.13,10.400000000000011,31.2,5.0,28.8,32.57142857142857,90.86015143527315,77.44570970802133,915.2880266526577,8.965384630971291,127.84738701035486,32.477601934661166,test
366_53,36.6,5.300000000000001,2025-09-12,2025,255,1,positive,1,2.28,25.8,16.8,21.1,42,60,8.8,4.7,0.0,1.75,14.600000000000016,20.199999999999985,2.0,29.085714285714285,39.57142857142857,89.15921532438207,41.70197455279843,695.8610545691052,5.920882605646455,72.53643301249248,18.50423877863536,test
366_31,36.6,3.1,2025-09-08,2025,251,1,positive,1,1.98,35.1,25.7,30.1,31,47,15.7,5.3,0.1,3.88,0.09999999999997158,0.2,45.0,34.42857142857143,33.0,95.19140847199664,327.23156650612464,1017.3243929253664,19.603377023206086,362.7547722888792,60.94252252436123,test
365_53,36.5,5.300000000000001,2025-08-20,2025,232,1,positive,1,2.21,32.9,18.8,24.3,17,42,18.7,9.5,0.0,4.11,0.4999999999999645,6.4,25.0,31.04285714285714,19.714285714285715,97.49437808407272,206.24775995261678,798.7355650212825,31.10042045103779,250.67417171023797,79.75586607885158,test
359_60,35.9,6.0,2025-08-11,2025,223,1,positive,1,1.0,32.6,17.2,24.5,20,41,18.5,6.3,0.0,3.87,0.0,11.600000000000001,17.0,33.72857142857143,14.857142857142858,96.9249187401381,178.2026649935737,838.852467229197,28.537718324711445,232.77873258091887,75.49855483335617,test
363_46,36.300000000000004,4.6000000000000005,2025-07-25,2025,206,1,positive,2,1.23,27.7,19.9,23.5,40,72,27.3,16.1,0.3,2.22,0.7999999999999929,1.7999999999999858,51.0,39.65714285714285,12.714285714285714,92.82697298759895,476.18436054568076,732.0420836285099,25.346947289994482,471.7348802651491,71.20703933470601,test
358_-3,35.800000000000004,-0.30000000000000004,2025-10-04,2025,277,1,positive,2,6.44,29.6,18.5,23.4,31,51,7.3,4.0,0.0,2.87,0.6999999999999946,11.099999999999996,25.0,27.514285714285716,41.857142857142854,92.75310153894905,157.12465310502958,1194.081313276271,9.156732727577113,236.46158689666208,37.28825266008794,test
361_59,36.1,5.9,2025-07-04,2025,185,1,positive,2,0.88,31.5,18.0,24.6,22,55,16.9,7.5,0.0,3.6,0.4000000000000036,0.6000000000000001,30.0,32.98571428571429,20.285714285714285,96.11562830963574,322.56926822373833,544.8519288988808,23.612589160970227,320.62007857508024,68.13838391821483,test
363_52,36.300000000000004,5.2,2025-08-11,2025,223,1,positive,2,3.21,28.7,17.2,22.0,23,45,17.5,6.4,0.0,3.04,0.0,1.199999999999986,16.0,30.557142857142857,18.428571428571427,95.63042002496013,302.53438390186284,750.6404413857888,22.788268663745683,302.4998982256263,66.64047294405198,test
343_77,34.300000000000004,7.7,2025-10-10,2025,283,1,positive,1,12.48,30.0,18.8,24.6,22,33,9.7,5.5,0.0,3.32,0.0,7.600000000000004,13.0,28.657142857142855,27.142857142857142,94.48383950330171,143.11527060017113,1630.8253212634847,13.147749720911902,234.732397639537,47.02225910525571,test
344_21,34.4,2.1,2025-07-24,2025,205,1,positive,1,1.5,38.5,27.1,32.6,6,11,31.3,19.7,0.0,6.42,0.0999999999999858,2.3,12.0,38.199999999999996,8.285714285714286,99.6253268470722,536.9535985505414,817.9376832887613,77.59011755350956,531.4480746965436,135.4054736027648,test
365_27,36.5,2.7,2025-10-05,2025,278,1,positive,1,5.25,30.6,17.9,23.1,25,57,13.3,5.4,0.1,3.3,4.300000000000014,26.9,4.0,28.071428571428573,37.142857142857146,93.91936258247424,70.13714542866612,977.1304666871324,14.57939616460501,118.93228215428829,43.417786979324774,test
358_74,35.800000000000004,7.4,2025-07-23,2025,204,1,positive,1,1.35,39.3,24.0,31.2,9,23,19.3,12.8,0.4,6.46,0.4,15.100000000000007,20.0,37.07142857142857,11.142857142857142,99.23783665848791,197.455046887599,621.5890185408023,40.30709518833136,220.10932103889584,92.05778440756609,test
367_28,36.7,2.8000000000000003,2025-09-28,2025,271,1,positive,1,1.47,27.0,20.3,22.8,43,71,19.7,8.9,0.0,2.0,6.8999999999999995,15.299999999999986,4.0,25.042857142857144,60.714285714285715,89.55924265574879,74.20453547684599,971.3212067465367,10.860615932486184,124.60997787386083,36.52297426654066,test
361_67,36.1,6.7,2025-07-18,2025,199,1,positive,2,7.44,35.8,18.7,28.0,12,30,15.0,8.1,0.0,5.17,0.3000000000000035,0.9,41.0,35.58571428571429,18.0,97.64753440734248,411.8745516794961,634.6619985314546,26.34039433875359,408.3660244648178,72.8472057990778,test
363_11,36.300000000000004,1.1,2025-08-31,2025,243,1,positive,2,1.19,36.8,21.1,27.4,11,30,15.9,4.9,0.0,5.52,0.0,0.0,100.0,34.24285714285714,21.857142857142858,98.0132067669755,670.3605287243718,1103.3064949260356,28.928427021527117,663.633824865969,77.03181114439089,test
365_29,36.5,2.9000000000000004,2025-06-15,2025,166,1,positive,1,0.98,35.0,22.5,28.4,31,47,9.0,5.4,0.0,3.81,0.0,3.699999999999993,22.0,34.58571428571428,38.714285714285715,95.13687991839689,149.0019996384888,267.497736845633,13.8825674265251,148.44721886851218,45.27450315831129,test
367_38,36.7,3.8000000000000003,2025-10-21,2025,294,1,positive,1,2.79,24.6,12.7,17.7,45,71,12.3,6.3,0.0,1.7,7.8999999999999995,27.89999999999999,4.0,23.285714285714285,46.142857142857146,90.95896172537712,68.00822136388533,999.9086161754232,9.13851486191953,116.24978379952407,31.696556060191444,test
357_53,35.7,5.300000000000001,2025-06-07,2025,158,1,positive,2,0.63,30.7,19.1,25.7,19,29,17.0,8.5,0.0,3.55,0.5999999999999787,69.9,15.0,28.2,20.428571428571427,95.87917381102669,113.59622330284051,243.66188840863884,22.984437719076602,113.40729695583275,56.70804973448412,test
364_34,36.4,3.4000000000000004,2025-10-23,2025,296,1,positive,2,12.02,29.9,13.2,20.4,29,69,16.7,7.6,0.0,3.0,13.699999999999994,26.899999999999995,6.0,26.12857142857143,34.42857142857143,92.88184819436556,73.69027612254128,796.0601337428702,14.972600120884671,119.68323855454149,44.26793646453367,test
363_23,36.300000000000004,2.3000000000000003,2025-07-19,2025,200,1,positive,1,12.12,37.0,22.0,28.5,12,29,19.5,9.8,0.0,5.48,0.8000000000000071,0.8,38.0,35.6,20.0,98.78976655854092,369.89605059061773,669.8784673374578,38.40599021049222,367.9034793079597,90.88703815030247,test
363_62,36.300000000000004,6.2,2025-09-01,2025,244,1,positive,1,2.79,34.6,21.2,26.5,20,43,21.6,14.1,0.2,4.4,3.1,3.7,4.0,32.98571428571429,22.714285714285715,95.71700327205691,144.81134304773934,939.3985198323679,28.349504447732,209.05601946741817,74.55775399977684,test
359_67,35.9,6.7,2025-07-22,2025,203,1,positive,1,10.42,41.4,23.8,32.0,6,22,21.3,8.1,0.0,7.36,0.0,3.2000000000000073,19.0,37.48571428571428,13.428571428571429,99.58220007179816,494.4657089018915,836.8669675167723,46.61681867807036,490.64549360147356,101.66340692526656,test
367_63,36.7,6.300000000000001,2025-10-25,2025,298,1,positive,5,10.56,28.6,14.2,19.8,40,76,11.7,6.9,0.0,2.36,1.6999999999999929,43.5,3.0,24.714285714285715,48.714285714285715,90.38824358480072,31.753151830637584,757.6726454557984,8.17253505596711,57.48362881458263,20.679186406474642,test
365_56,36.5,5.6000000000000005,2025-10-12,2025,285,1,positive,1,2.48,22.4,11.8,16.6,40,65,11.5,4.1,0.2,1.62,4.400000000000032,37.400000000000006,1.0,20.842857142857145,42.42857142857143,88.92945412873233,34.31428067136882,714.4014109440251,6.563698830678558,61.271095573671694,18.230037121055975,test
362_55,36.2,5.5,2025-06-15,2025,166,1,positive,2,0.85,32.5,18.5,25.4,14,28,19.4,8.2,0.0,4.19,0.0,11.900000000000007,11.0,32.0,13.428571428571429,97.71365828917968,133.0623244109104,283.2847692776723,33.167910189014215,132.8258146855018,74.80309982518695,test
365_42,36.5,4.2,2025-08-21,2025,233,1,positive,5,2.38,31.8,19.8,24.6,23,44,14.1,5.9,0.0,3.62,0.0,4.300000000000001,27.0,35.15714285714286,18.285714285714285,96.31224005973269,258.65160550773123,877.5702764805368,21.0568601397856,297.84157807912953,63.514034875545704,test
368_73,36.800000000000004,7.300000000000001,2025-10-20,2025,293,1,positive,1,1.36,29.1,12.8,19.7,24,71,12.5,3.2,0.0,3.04,16.4,34.499999999999986,1.0,26.814285714285717,43.714285714285715,92.76716264718618,70.45388451973375,993.430365901753,11.92326673063376,119.68727459806865,38.22859585277533,test
367_45,36.7,4.5,2025-08-20,2025,232,1,positive,1,7.43,29.3,17.2,23.6,20,36,17.1,8.6,0.0,3.15,0.0,5.7,25.0,30.41428571428571,19.285714285714285,96.52169754257095,237.3959554149232,790.7189013916252,25.19379375770643,271.22132213904047,70.59538892851843,test
361_61,36.1,6.1000000000000005,2025-06-07,2025,158,1,positive,1,2.16,35.4,19.9,27.1,15,31,17.1,10.5,0.0,4.88,1.3999999999999928,44.800000000000004,15.0,32.4,17.142857142857142,96.99338998575556,116.73685683620218,286.9374136468191,26.838502139163868,116.71528545300485,63.03179420208268,test
358_73,35.800000000000004,7.300000000000001,2025-08-19,2025,231,1,positive,2,11.85,36.9,18.6,27.0,12,36,16.5,8.6,0.5,5.49,0.5000000000000062,1.6000000000000107,38.0,32.55714285714286,17.285714285714285,97.83396485321505,352.0570034124335,992.2978619623563,29.11859523132003,373.14449878365906,77.29374503657681,test
344_82,34.4,8.200000000000001,2025-07-08,2025,189,1,positive,1,1.97,39.7,26.8,34.0,13,22,19.8,9.1,0.0,6.29,0.2,0.2999999999999965,45.0,36.22857142857143,18.0,98.06784141153702,387.88012435924384,793.5276500943039,35.465257073685464,386.5374999841958,86.79066827200441,test
360_50,36.0,5.0,2025-07-18,2025,199,1,positive,2,0.72,35.3,21.3,28.5,10,19,14.9,5.1,0.0,5.12,0.2999999999999787,9.800000000000011,15.0,34.114285714285714,16.857142857142858,98.07137224974255,175.16548426904498,621.3914412540373,27.718725241352153,205.50515123981987,73.43966234173391,test
346_72,34.6,7.2,2025-07-01,2025,182,1,positive,1,1.3,37.2,26.9,32.7,22,33,16.8,10.5,0.0,4.95,0.0,0.0,38.0,39.34285714285714,15.857142857142858,96.91028861816856,387.0954321110227,834.4564316969394,26.143644476709095,386.1048235191314,72.51197380445933,test
350_-22,35.0,-2.2,2025-08-07,2025,219,1,positive,1,1.1,30.0,20.9,25.1,54,76,11.7,6.1,0.0,1.94,0.0,3.2,13.0,28.17142857142857,60.857142857142854,88.26874681434141,157.15431491449309,919.2154625630479,6.030360528961652,220.1944038914656,28.050854690685995,test
346_72,34.6,7.2,2025-10-21,2025,294,1,positive,1,2.0,28.5,17.3,22.4,29,56,18.2,11.7,0.0,2.7,2.0999999999999996,20.599999999999998,2.0,26.242857142857144,40.857142857142854,92.19913525038824,110.10622774281555,1256.2693836854435,14.669181167764155,180.63326937672457,48.92592705778473,test
364_66,36.4,6.6000000000000005,2025-10-09,2025,282,1,positive,1,0.91,26.6,11.2,18.5,29,66,11.4,5.9,0.0,2.47,2.700000000000014,41.39999999999999,3.0,24.11428571428571,34.0,92.44897594356443,38.25116232836546,838.4654807140967,10.786783844486655,68.6703913588276,27.52002925061753,test
357_28,35.7,2.8000000000000003,2025-07-21,2025,202,1,positive,1,7.92,42.8,25.7,33.6,6,21,28.1,8.5,0.0,7.98,0.0,0.9,58.0,39.87142857142857,10.571428571428571,99.71597564358552,540.8687754365835,844.3014012023991,66.81369813442011,535.5624904373113,124.60243594812586,test
351_56,35.1,5.6000000000000005,2025-09-28,2025,271,1,positive,1,1.0,23.5,13.9,18.7,41,60,20.7,11.0,0.0,1.68,21.7,24.499999999999996,2.0,26.857142857142858,38.857142857142854,89.17396433489745,64.89900735855838,989.5393418153277,10.807536386219647,111.51389765681283,34.826416139697756,test
363_63,36.300000000000004,6.300000000000001,2025-09-14,2025,257,1,positive,1,1.12,31.8,18.0,24.2,23,47,18.5,8.1,0.0,3.62,12.600000000000007,24.500000000000014,4.0,28.857142857142858,31.571428571428573,94.73463664968442,72.7698659030344,863.985604852469,21.204133442409603,120.2246854899068,55.16248711813822,test
360_75,36.0,7.5,2025-10-08,2025,281,1,positive,1,3.41,24.1,8.5,15.5,31,67,9.7,3.1,0.0,2.06,0.799999999999992,37.2,7.0,21.642857142857142,41.0,91.47049761250373,47.25048956898191,858.593767816213,8.621543196886043,83.07186545444956,25.97043326391762,test
347_58,34.7,5.800000000000001,2025-10-10,2025,283,1,positive,2,3.88,29.9,19.3,25.0,24,35,13.5,5.7,0.0,3.21,0.0,9.5,13.0,29.457142857142856,25.571428571428573,94.33031839176206,153.04373753636014,1465.2702795530502,15.588855011862549,242.7110913987691,52.427663239644666,test
369_38,36.9,3.8000000000000003,2025-10-05,2025,278,1,positive,6,16.61,27.0,18.3,22.4,36,61,25.2,12.6,0.0,2.27,0.3,30.4,9.0,25.885714285714283,48.285714285714285,91.03654666370346,65.11933496950597,873.8054470739914,17.700346430176914,109.78472287511376,47.56735646536746,test
368_44,36.800000000000004,4.4,2025-10-25,2025,298,1,positive,2,7.45,28.1,13.5,19.3,26,63,6.5,4.1,0.0,2.82,1.7,29.099999999999987,3.0,24.257142857142856,43.0,92.8817968515765,47.36622831398382,666.8818956701407,8.955220622678702,80.44768123692975,26.221595956285583,test
368_60,36.800000000000004,6.0,2025-09-01,2025,244,1,positive,10,14.72,29.9,23.8,27.1,42,54,16.3,8.4,0.0,2.33,0.10000000000000711,0.10000000000000045,37.0,32.114285714285714,37.0,90.90745893089343,275.2475231067215,906.3394578573367,11.097457038847962,312.9184328590353,42.65182659875564,test
362_78,36.2,7.800000000000001,2025-08-17,2025,229,1,positive,3,13.96,30.5,18.6,24.4,25,43,25.0,15.9,0.0,3.24,0.0999999999999929,1.299999999999993,23.0,30.271428571428572,24.285714285714285,93.94779285446656,404.06466393038846,832.4979393723887,26.393427464907777,402.68218643551324,72.93234911471491,test
365_45,36.5,4.5,2025-10-26,2025,299,1,positive,1,22.22,23.5,14.5,18.5,31,54,10.2,6.4,0.4,1.91,0.7000000000000223,26.500000000000007,8.0,23.557142857142853,37.42857142857143,93.18029439283885,38.12038777506592,650.124632577831,11.251219160521401,66.49356563278863,27.872603033692986,test
363_63,36.300000000000004,6.300000000000001,2025-08-11,2025,223,1,positive,1,1.08,30.1,18.0,23.4,24,49,17.5,7.8,0.0,3.18,0.0,3.7000000000000144,16.0,32.1,17.0,95.84220346172252,210.25184442421076,764.570654055656,23.453046684773437,249.18982665586583,67.40278202911679,test
361_29,36.1,2.9000000000000004,2025-08-05,2025,217,1,positive,1,0.66,34.5,20.5,26.9,14,24,21.0,8.9,0.0,4.71,0.10000000000000711,2.5,24.0,34.75714285714285,16.714285714285715,97.90525929279382,357.11575036018684,858.257885749154,36.875889520269915,356.88310568691486,88.75358307345522,test
361_8,36.1,0.8,2025-08-28,2025,240,1,positive,1,1.51,30.0,21.9,25.6,24,40,29.3,18.8,0.0,3.18,0.0,0.0,97.0,35.885714285714286,19.0,95.202192167514,729.1018201330708,1221.5584619129784,38.9578221748218,721.6923557326224,91.69007853453317,test
366_53,36.6,5.300000000000001,2025-10-05,2025,278,1,positive,1,0.54,24.0,15.0,19.2,45,71,10.8,7.4,1.9,1.62,8.100000000000014,70.89999999999999,0.0,23.142857142857142,49.714285714285715,82.4349662872286,15.998276322399256,528.1921645274122,2.5911644701907357,29.74426193772547,5.464048202275132,test
364_52,36.4,5.2,2025-06-19,2025,170,1,positive,1,3.98,27.7,16.6,21.7,27,54,15.7,6.7,0.0,2.69,0.0,7.000000000000007,26.0,32.714285714285715,19.714285714285715,94.60987423358539,185.25900003035926,336.03608670838054,18.10064414808159,184.54577960012585,55.95678362582451,test
366_79,36.6,7.9,2025-08-27,2025,239,1,positive,27,42.11,40.9,25.9,32.9,14,25,17.8,11.0,0.0,6.67,0.0,0.8,32.0,33.714285714285715,30.285714285714285,98.01572736362357,454.9371778595057,899.6491016816129,31.845573417919667,452.9143149568386,81.51424504830467,test
362_65,36.2,6.5,2025-06-07,2025,158,1,positive,2,2.99,35.4,19.1,26.5,17,35,21.3,8.5,0.9,4.79,0.8999999999999929,49.4,15.0,32.628571428571426,18.714285714285715,96.21055114461346,126.50809202109535,219.6746378667135,29.853933922680135,126.0064024269402,69.0654225738687,test
365_26,36.5,2.6,2025-08-04,2025,216,1,positive,1,2.54,33.6,19.3,25.8,30,64,15.8,6.2,0.0,3.62,0.0,3.300000000000007,10.0,32.27142857142857,38.42857142857143,93.39165449664719,168.69236122437962,839.0770141092887,15.366320037257534,224.53203351845085,51.69165780119357,test
361_49,36.1,4.9,2025-10-10,2025,283,1,positive,1,2.75,22.7,9.7,16.4,32,58,16.1,6.6,0.2,1.87,0.4000000000000071,17.200000000000003,9.0,22.985714285714288,28.428571428571427,92.80102965218106,85.35998513863487,1060.1628104633362,14.362916744760042,142.1138928401475,45.695811589218934,test
365_74,36.5,7.4,2025-09-03,2025,246,1,positive,1,2.94,33.3,18.5,24.8,30,63,19.1,5.3,0.0,3.52,1.5000000000000175,2.0999999999999783,1.0,34.357142857142854,30.0,93.1589920696809,661.3270312699043,1051.7441594348065,17.566064527993408,654.227067503193,57.01733365378265,test
347_53,34.7,5.300000000000001,2025-06-23,2025,174,1,positive,1,0.55,38.6,25.6,32.9,16,23,17.5,10.9,0.0,5.73,0.0,0.0,30.0,38.357142857142854,14.0,98.03373985791981,330.0494006082674,805.2337619572348,31.442428334560443,329.9221206435135,80.80786196167676,test
363_73,36.300000000000004,7.300000000000001,2025-10-04,2025,277,1,positive,2,4.1,22.4,10.5,15.7,49,78,13.0,6.6,0.0,1.38,11.399999999999986,75.0,1.0,22.45714285714286,45.42857142857143,85.83966357342719,17.33655740146922,552.3641745737215,4.558579864283768,32.15042374009959,9.578992626191196,test
349_-15,34.9,-1.5,2025-10-02,2025,275,1,positive,1,0.81,27.5,17.2,21.3,41,73,16.6,5.5,0.0,2.18,0.7,12.299999999999999,11.0,28.400000000000002,38.0,91.77971649903415,170.56163180834182,1230.0846880679526,12.753614000225276,253.31321982305823,46.322305964876115,test
368_44,36.800000000000004,4.4,2025-08-24,2025,236,1,positive,4,31.99,33.6,17.9,26.0,21,43,10.7,4.7,0.0,3.79,0.0,0.4999999999999858,30.0,32.51428571428571,26.857142857142858,95.09950047688999,229.83280359505625,818.4071158845438,15.047076608117683,270.06212549311596,51.52643317256789,test
360_62,36.0,6.2,2025-08-05,2025,217,1,positive,1,14.87,31.6,15.7,23.5,10,41,18.0,8.4,0.0,4.18,0.2999999999999894,2.7000000000000144,11.0,32.08571428571429,21.0,97.54302274784388,218.65021834908435,801.1753307657963,30.21710639704513,259.9451655570118,78.53194146841972,test
366_54,36.6,5.4,2025-09-17,2025,260,1,positive,1,1.14,25.4,16.3,20.8,68,83,8.7,4.4,0.0,0.93,0.0,23.999999999999986,7.0,27.071428571428573,42.857142857142854,87.34527527601234,66.67078961364962,706.8104461666597,4.542396822080722,107.89762843356152,18.79647400612899,test
359_87,35.9,8.700000000000001,2025-06-24,2025,175,1,positive,1,6.84,33.6,19.6,26.9,13,33,18.4,6.5,0.0,4.51,0.10000000000003198,0.4000000000000071,33.0,31.171428571428574,19.857142857142858,97.18221185157378,235.00051371582302,386.69474598633656,29.387091220312897,233.71013335663423,76.84125853059838,test
361_12,36.1,1.2000000000000002,2025-10-07,2025,280,1,positive,1,1.62,29.2,15.2,20.8,24,51,16.1,4.0,0.0,3.05,0.09999999999998402,9.500000000000004,12.0,30.471428571428568,26.714285714285715,94.76652399211424,208.36636667472374,1430.1024175511227,18.871277943640177,305.46637054977674,59.43966846316707,test
364_56,36.4,5.6000000000000005,2025-10-21,2025,294,1,positive,1,3.42,22.1,9.7,15.2,38,70,12.6,6.5,0.0,1.66,8.600000000000028,42.1,3.0,19.61428571428571,46.0,89.8638206992557,46.25141321604296,819.6338527079927,7.933128758055043,81.06649980824736,24.197702853368355,test
361_69,36.1,6.9,2025-08-13,2025,225,1,positive,1,37.86,33.0,17.5,24.8,16,46,19.6,7.3,0.0,4.25,0.0,3.0,18.0,33.34285714285714,16.285714285714285,96.48576041242234,251.28403743203936,935.8714396468475,28.438371248850757,300.7126532420637,76.06271756924416,test
355_-7,35.5,-0.7000000000000001,2025-09-05,2025,248,1,positive,1,0.64,32.3,19.4,25.3,39,57,21.1,9.2,0.0,2.95,0.0,0.30000000000000004,113.0,33.08571428571428,25.142857142857142,93.2222817536102,711.9039255889676,1220.6239857134676,19.60131115821357,705.1831757028133,60.97700861044196,test
364_68,36.4,6.800000000000001,2025-09-13,2025,256,1,positive,1,8.48,29.1,13.6,20.7,22,60,10.3,7.2,0.0,3.13,10.400000000000007,24.499999999999993,3.0,26.58571428571429,34.142857142857146,94.00584949873473,68.68707994887666,797.4783855956048,12.685117164075745,113.03483877045944,38.89819043310294,test
361_55,36.1,5.5,2025-09-15,2025,258,1,positive,1,3.89,32.4,17.7,24.6,17,37,17.1,8.9,0.0,4.0,8.099999999999984,13.5,5.0,28.928571428571427,26.428571428571427,96.15304485458415,95.39158624621537,1028.5387928495925,23.972645587255446,154.87383078915278,64.21009617472176,test
350_-23,35.0,-2.3000000000000003,2025-08-10,2025,222,1,positive,2,5.26,30.5,21.2,25.1,53,78,15.3,7.4,0.0,2.07,0.0,2.999999999999993,16.0,30.95714285714286,53.0,89.15630180792209,170.00102393251387,962.0828775643723,8.212047605224607,235.82552290501724,34.70698159310813,test
362_8,36.2,0.8,2025-09-15,2025,258,1,positive,1,3.96,34.9,21.7,27.7,31,50,10.4,4.5,0.0,3.55,9.500000000000018,10.400000000000015,6.0,32.41428571428572,31.571428571428573,95.03404988995626,122.17394820680906,1102.5192392014599,14.689135817366529,191.34022550513734,49.401069981963005,test
365_29,36.5,2.9000000000000004,2025-07-13,2025,194,1,positive,1,0.35,32.1,22.2,26.9,39,57,12.7,6.7,0.0,2.81,0.4999999999999716,0.4999999999999929,50.0,33.628571428571426,38.285714285714285,93.03221172699897,309.2107113804889,536.485736845633,12.500045177742152,307.5064885142946,45.99988408558874,test
365_17,36.5,1.7000000000000002,2025-08-31,2025,243,1,positive,1,16.44,34.9,19.4,26.4,11,31,7.6,4.2,0.0,4.98,1.4000000000000283,1.7,6.0,33.614285714285714,20.285714285714285,97.66123497814372,290.03948860445763,984.215349312327,18.174762537451297,334.00686446544313,58.151754908872256,test
364_25,36.4,2.5,2025-09-13,2025,256,1,positive,1,19.8,35.4,19.9,26.2,17,45,16.5,7.8,0.0,4.79,33.60000000000001,33.7,3.0,31.599999999999998,30.857142857142858,96.42874624256326,74.86934668875436,702.2818305905556,24.13970038216027,118.22828627359777,59.372846828178595,test
362_65,36.2,6.5,2025-06-13,2025,164,1,positive,3,10.04,34.3,15.9,25.7,8,33,17.9,8.2,0.0,4.95,0.8999999999999929,18.8,21.0,33.92857142857143,15.285714285714286,98.4112655565513,173.22464372109533,276.4766378667135,33.71713125409308,172.319916901335,80.46231028002536,test
365_26,36.5,2.6,2025-10-03,2025,276,1,positive,1,0.63,29.1,13.0,20.9,30,61,12.7,5.0,0.0,2.79,5.600000000000014,20.300000000000004,2.0,28.828571428571426,35.42857142857143,92.4208339510196,69.6236252583101,1050.0672399184982,11.471492128200444,119.44762207151899,37.24807985632329,test
358_74,35.800000000000004,7.4,2025-07-29,2025,210,1,positive,1,0.43,27.7,15.1,20.2,24,62,21.5,14.1,0.0,2.8,1.5,16.200000000000006,4.0,31.942857142857143,21.857142857142858,94.64987816266743,232.45375771959897,676.9870185408024,24.378786795185,250.16373583848303,69.00172898200708,test
361_74,36.1,7.4,2025-10-26,2025,299,1,positive,2,14.41,30.4,15.7,21.2,15,45,25.0,11.8,0.0,3.66,0.10000000000000356,30.3,7.0,26.37142857142857,29.857142857142858,96.21367215077838,38.84960547391104,778.4274373814033,35.98783266278292,69.08011812557483,60.06974994694379,test
369_40,36.9,4.0,2025-07-20,2025,201,1,positive,2,3.81,33.1,24.4,29.1,27,34,9.3,5.5,0.0,3.49,0.5999999999999787,0.6,57.0,34.08571428571429,33.285714285714285,95.62619110690841,248.08554558915975,572.3720853298576,15.066488009254995,247.81374138703822,51.382955538842914,test
364_85,36.4,8.5,2025-09-20,2025,263,1,positive,1,3.33,32.2,18.6,25.2,24,51,13.1,7.3,0.0,3.57,0.0,10.700000000000014,10.0,32.228571428571435,26.714285714285715,94.40927214203133,129.51812203474515,1155.2117557021106,15.445159093653395,202.32608906029589,51.340992710131424,test
367_33,36.7,3.3000000000000003,2025-08-28,2025,240,1,positive,1,2.35,34.4,25.6,29.1,22,52,24.1,11.7,0.0,4.22,0.0,0.0,34.0,34.41428571428572,33.285714285714285,95.82566912802378,280.0414924678747,969.7924642089985,32.63326495021019,325.26827692975104,82.57936762713668,test
353_-14,35.300000000000004,-1.4000000000000001,2025-10-18,2025,291,1,positive,1,1.3,25.5,15.9,20.8,49,72,15.7,8.2,0.0,1.66,0.20000000000000712,3.5000000000000004,7.0,26.657142857142862,52.714285714285715,89.13981537686982,172.06138506340415,1333.607617839747,8.359441975708023,260.19666313511283,35.305057651937155,test
365_28,36.5,2.8000000000000003,2025-10-31,2025,304,1,positive,1,0.28,26.0,14.1,19.5,41,71,8.8,5.5,0.0,1.92,30.40000000000002,48.399999999999984,1.0,26.185714285714287,40.857142857142854,87.48542341074851,18.66092657435925,616.1256203862242,4.657636299147443,34.69480296141659,10.187411602872892,test
366_61,36.6,6.1000000000000005,2025-10-26,2025,299,1,positive,4,4.67,27.3,16.9,20.1,30,61,14.6,6.9,0.2,2.49,0.4999999999999716,36.900000000000006,7.0,25.657142857142862,41.142857142857146,93.00193092053291,30.84009242467352,714.3890264296897,13.697763862077087,55.67181965828335,29.192796090963597,test
367_46,36.7,4.6000000000000005,2025-08-18,2025,230,1,positive,1,0.82,32.2,19.7,25.6,15,28,13.4,6.5,0.0,4.08,0.0,12.69999999999997,20.0,29.199999999999996,23.0,96.39797613522997,156.16190655772832,707.8193303203461,20.563254926967556,201.29665056868268,61.214832649949074,test
364_72,36.4,7.2,2025-09-15,2025,258,1,positive,1,4.48,30.7,12.7,21.3,22,55,18.3,6.8,0.0,3.46,3.2000000000000215,10.199999999999992,5.0,27.414285714285715,33.714285714285715,94.62642230678063,115.44398258616181,978.3455556018846,20.68147888923765,178.29214397569822,60.39011204559001,test
365_65,36.5,6.5,2025-10-26,2025,299,1,positive,1,10.6,30.2,14.2,20.0,24,61,14.7,5.4,0.0,3.2,0.1,33.90000000000001,8.0,27.357142857142858,36.285714285714285,94.12622993323893,41.355935040588605,849.4086485566579,16.099931933205877,73.7366597511435,37.259314107883036,test
365_52,36.5,5.2,2025-08-06,2025,218,1,positive,1,3.48,27.9,15.5,21.4,22,43,10.4,4.2,0.0,2.89,0.0,20.1,11.0,26.24285714285714,36.714285714285715,94.16650647880036,88.51950049409432,578.6368884816367,13.035941417727663,128.0619234666938,41.52932984317789,test
345_69,34.5,6.9,2025-06-03,2025,154,1,positive,1,9.1,35.2,21.0,28.7,13,32,14.8,8.3,0.0,4.92,0.0,12.800000000000008,10.0,34.44285714285714,17.0,97.39476727359336,159.16135141496795,673.8498210661622,25.2155279289836,200.14094329047856,69.20122024426037,test
355_-11,35.5,-1.1,2025-09-28,2025,271,1,positive,1,0.94,25.2,18.4,21.3,42,74,17.5,9.7,0.0,1.69,0.0,8.200000000000003,19.0,27.985714285714288,36.57142857142857,91.61241295241473,161.535141112242,1213.3131094777264,13.032532916971798,242.39258909893766,46.85364799324954,test
358_5,35.800000000000004,0.5,2025-08-20,2025,232,1,positive,1,1.27,35.9,23.1,28.8,18,30,24.2,15.3,0.0,4.8,0.0,0.599999999999993,89.0,39.08571428571429,15.714285714285714,97.87887111928397,714.8225707609538,1245.7762977812524,43.17743840830966,708.3422764440254,97.2951396371578,test
360_8,36.0,0.8,2025-10-26,2025,299,1,positive,1,0.4,27.8,17.4,22.0,38,61,24.1,12.4,0.9,2.08,1.9000000000000088,10.20000000000001,4.0,30.557142857142857,29.714285714285715,90.42563349173042,139.3752251567749,1251.9221098076423,15.347636324805777,218.05957047637625,51.52749025174336,test
362_71,36.2,7.1000000000000005,2025-08-29,2025,241,1,positive,1,5.96,30.6,18.7,23.4,26,56,24.5,8.1,0.0,3.22,0.6999999999999857,1.2000000000000073,45.0,35.25714285714286,18.0,95.6301513572847,480.31762110270836,986.2858512196135,32.42531179877098,478.4616915536345,82.3849274970383,test
363_88,36.300000000000004,8.8,2025-08-19,2025,231,1,positive,1,0.66,35.5,19.5,27.3,16,38,15.2,7.8,0.0,4.76,0.39999999999999114,1.0,48.0,31.685714285714287,24.285714285714285,96.69532025758254,490.3456769545318,923.0851357536857,23.433756843907044,487.5888598113437,67.9364108935765,test
361_66,36.1,6.6000000000000005,2025-06-17,2025,168,1,positive,2,4.97,35.5,20.6,27.6,15,34,21.9,8.3,0.0,4.94,0.0,8.9,10.0,35.385714285714286,11.0,98.33699036057146,201.38639833059523,346.5443075259563,40.845973677988475,200.45824316232503,91.95660464807968,test
368_42,36.800000000000004,4.2,2025-10-24,2025,297,1,positive,1,4.64,27.6,15.6,20.3,43,72,8.5,4.5,0.0,2.09,3.8999999999999755,41.89999999999999,2.0,25.171428571428574,46.714285714285715,90.58712913253365,27.674821484236872,549.2885512865998,7.1560448778821195,49.157840591823366,17.283590601539387,test
366_52,36.6,5.2,2025-08-20,2025,232,1,positive,4,4.26,26.7,24.6,25.7,47,64,20.5,12.0,0.0,1.79,0.0,25.200000000000003,25.0,27.428571428571427,50.857142857142854,90.58720958646788,99.37324230738125,623.2124656389976,13.100480775083602,142.10051743147136,43.093288506341,test
368_75,36.800000000000004,7.5,2025-10-06,2025,279,1,positive,20,33.06,24.3,18.8,21.4,37,53,23.3,13.8,0.0,1.88,3.2,20.9,2.0,27.057142857142853,40.57142857142857,90.42549157628542,89.85068162758212,1192.0151068818773,14.740947808192317,151.20741042059933,47.258425363446385,test
362_88,36.2,8.8,2025-10-09,2025,282,1,positive,1,7.96,26.2,11.3,18.2,26,53,12.5,6.7,0.0,2.5,0.8000000000000107,28.5,12.0,22.62857142857143,38.42857142857143,92.9045377647981,68.77025966978462,901.8884100173739,12.15530134127197,115.51925516181687,38.170958020039556,test
365_68,36.5,6.800000000000001,2025-10-26,2025,299,1,positive,2,7.04,29.8,16.9,22.8,22,49,21.6,14.5,0.1,3.23,0.8000000000000017,60.59999999999999,7.0,26.87142857142857,37.42857142857143,94.49464472734576,25.983801909207898,517.970966860857,23.983849316175352,46.17653614816193,38.75481956076781,test
365_27,36.5,2.7,2025-06-11,2025,162,1,positive,1,0.41,33.7,20.5,26.3,41,58,14.6,3.9,0.0,3.0,0.0,76.69999999999999,18.0,31.214285714285715,51.142857142857146,91.25537153813491,119.57618067623521,295.7040106646332,10.703810545028135,119.56195739570227,35.60696555783716,test
347_54,34.7,5.4,2025-10-22,2025,295,1,positive,1,2.86,30.7,19.3,24.9,29,43,17.9,11.2,0.0,3.12,7.799999999999994,18.699999999999996,4.0,27.24285714285714,38.285714285714285,93.15787024576605,83.24797947165317,1302.727875619246,16.532762386225162,143.56106776943477,50.07997106382961,test
367_63,36.7,6.300000000000001,2025-07-28,2025,209,1,positive,4,8.76,29.3,15.1,22.1,30,61,13.4,6.8,0.0,2.87,2.799999999999993,3.1,3.0,29.900000000000002,42.57142857142857,92.4665680658373,136.37633292867605,654.1706938159804,11.960133303411144,179.3033202585752,42.93028916491399,test
368_59,36.800000000000004,5.9,2025-09-19,2025,262,1,positive,1,4.56,30.9,19.9,25.2,39,67,17.6,6.4,0.0,2.7,0.0,19.099999999999998,9.0,30.228571428571428,48.714285714285715,91.0830302449947,68.56385943016073,853.0640277320011,12.148929539054372,114.18421660800854,37.97785751772244,test
364_42,36.4,4.2,2025-09-16,2025,259,1,positive,1,23.81,34.5,22.2,27.0,17,40,14.1,5.4,0.0,4.52,1.3000000000000071,20.09999999999999,6.0,30.471428571428568,27.0,96.72213404514359,89.63639188927618,909.4297550364529,22.25008211616537,143.83151435778785,60.208200801007244,test
358_7,35.800000000000004,0.7000000000000001,2025-10-03,2025,276,1,positive,2,1.42,30.9,16.5,23.5,24,44,14.3,4.8,0.0,3.33,0.0,6.5000000000000036,8.0,30.842857142857145,25.714285714285715,94.55805155460739,219.88911621046162,1484.3942049951738,16.747815409174542,320.9275873147752,55.27284906857245,test
366_60,36.6,6.0,2025-10-13,2025,286,1,positive,1,7.17,23.6,13.0,18.1,33,53,7.6,2.8,0.0,1.95,4.199999999999979,47.29999999999998,2.0,21.185714285714287,41.42857142857143,90.23151187284301,27.315908394711776,708.1364649180845,6.4997167580803685,49.826731535196565,16.198046195207574,test
361_12,36.1,1.2000000000000002,2025-07-02,2025,183,1,positive,1,1.68,38.6,23.4,29.6,21,46,21.5,6.8,0.0,5.4,0.0,0.10000000000000356,40.0,39.028571428571425,15.428571428571429,97.6721655438863,403.2179547429317,715.9296788195667,36.66797664986472,400.7964876904557,88.5009732444487,test
368_42,36.800000000000004,4.2,2025-09-20,2025,263,1,positive,1,3.8,32.3,19.0,25.0,33,64,10.0,3.3,0.0,3.17,0.0,33.59999999999999,10.0,30.771428571428572,44.57142857142857,92.32887840803352,82.43975468878362,764.4307298400986,9.88336753529194,129.86610259519128,34.84560666078947,test
357_86,35.7,8.6,2025-06-23,2025,174,1,positive,2,1.5,34.6,20.9,28.1,17,31,14.1,8.9,0.0,4.48,0.0,0.8000000000000143,31.0,33.04285714285714,17.285714285714285,97.17314686017193,284.8095509452635,500.7615830369453,23.633602476007855,283.35950073049725,68.02424615024378,test
358_-3,35.800000000000004,-0.30000000000000004,2025-09-21,2025,264,1,positive,1,6.43,30.0,20.4,24.3,44,75,13.4,6.6,0.0,2.35,0.0,11.099999999999996,12.0,29.385714285714283,54.42857142857143,90.04331736692997,121.3127230690296,1111.9573132762707,8.474629484950611,190.63148780062917,34.65399074540033,test
363_55,36.300000000000004,5.5,2025-09-16,2025,259,1,positive,2,1.67,31.7,18.6,23.4,17,41,16.7,8.7,0.0,3.82,6.599999999999969,16.8,6.0,27.714285714285715,28.714285714285715,95.95449088713468,85.82715921519923,958.5782201921692,22.87178015281045,140.25882069792456,60.79454480773507,test
365_29,36.5,2.9000000000000004,2025-09-05,2025,248,1,positive,1,0.35,31.5,20.5,25.9,32,57,14.7,6.6,0.0,2.12,0.0,0.0,42.0,32.385714285714286,28.714285714285715,92.63565445885727,313.7884318420534,984.711859313641,13.077257213075473,349.3038321284493,47.400138844680185,test
360_7,36.0,0.7000000000000001,2025-10-19,2025,292,1,positive,2,5.84,29.1,14.1,20.9,19,58,9.2,4.7,0.0,3.25,0.10000000000000356,5.399999999999993,9.0,29.242857142857144,31.142857142857142,94.86777053150364,141.84973086002594,1467.9981224701824,13.515663530970016,228.50057467338408,47.75901581238812,test
362_27,36.2,2.7,2025-10-20,2025,293,1,positive,2,8.19,24.6,10.5,17.5,22,47,18.0,8.1,0.0,2.4,4.899999999999983,10.199999999999996,2.0,22.757142857142856,37.42857142857143,93.44223157872555,129.51643486475234,1090.2153059658265,17.289332973890577,199.71734265125957,54.983162156094174,test
365_54,36.5,5.4,2025-07-22,2025,203,1,positive,2,29.1,34.1,19.9,26.6,24,47,9.9,5.0,0.0,4.07,0.5000000000000426,7.799999999999986,10.0,32.67142857142857,21.0,96.64020077151594,220.79250005076108,542.1244247394058,17.80915106630514,220.74094150030444,56.56277175551703,test
368_81,36.800000000000004,8.1,2025-06-14,2025,165,1,positive,1,4.01,35.6,17.8,27.1,25,50,17.3,7.8,0.0,4.36,0.0,14.7,21.0,31.571428571428573,36.142857142857146,94.77877187033283,135.84296467454303,265.2781255381704,20.081346682980932,135.4714567070827,55.547168488041386,test
358_5,35.800000000000004,0.5,2025-09-16,2025,259,1,positive,1,6.21,36.2,20.8,26.8,28,69,16.0,6.0,0.0,4.25,0.0,6.799999999999993,7.0,34.57142857142857,25.428571428571427,95.49313338831912,134.15259263139808,1263.0204671396311,20.738281593768562,212.00858813915383,61.86680898171618,test
366_88,36.6,8.8,2025-10-05,2025,278,1,positive,1,4.55,24.3,15.2,19.2,44,75,19.1,9.5,0.0,1.69,5.799999999999982,34.7,2.0,23.04285714285714,49.42857142857143,88.70371639663146,51.62122256820699,903.6469809609163,9.319522806796588,90.3405834002934,28.591266417351314,test
364_29,36.4,2.9000000000000004,2025-06-23,2025,174,1,positive,50,167.04,31.1,20.3,24.9,23,36,11.4,5.2,0.0,3.46,0.0,0.9,30.0,29.45714285714286,31.571428571428573,94.46871642659353,178.4839952007842,312.5160000000001,14.293848037645061,177.73238318047711,48.001639279052725,test
347_58,34.7,5.800000000000001,2025-09-09,2025,252,1,positive,1,4.67,39.2,28.3,33.5,19,28,26.6,13.0,0.0,5.75,0.9000000000000022,1.200000000000001,69.0,38.67142857142858,22.142857142857142,97.44984143352859,681.2648205210876,1672.5612502325234,46.03419737528543,680.960855633659,100.93755056362234,test
349_57,34.9,5.7,2025-06-30,2025,181,1,positive,1,17.38,37.9,28.2,33.4,19,28,26.8,11.9,0.0,5.32,0.0,0.0,37.0,40.07142857142857,13.428571428571429,97.96349313843916,370.51831013540004,864.2658801818183,49.77500002019756,370.0852706844372,105.48937435772513,test
363_39,36.300000000000004,3.9000000000000004,2025-08-31,2025,243,1,positive,1,2.51,36.5,19.5,28.2,9,32,21.4,9.7,0.0,5.51,0.0,0.0,50.0,36.27142857142857,14.714285714285714,98.44835264490258,748.9581955124189,1120.637107228066,40.41657204072046,739.1047294745296,93.66011751534502,test
345_71,34.5,7.1000000000000005,2025-08-11,2025,223,1,positive,2,1.63,37.5,25.9,32.4,18,29,16.7,10.3,0.0,5.27,0.0,0.0,79.0,36.642857142857146,21.285714285714285,96.67296801012976,723.2514374512501,1431.0458054314852,25.1979608029433,718.9415980301856,70.96016368259514,test
366_31,36.6,3.1,2025-06-22,2025,173,1,positive,1,1.2,33.6,19.9,26.3,29,47,13.8,5.1,0.0,3.68,0.0,0.9,30.0,32.47142857142857,34.285714285714285,93.74845617691665,183.8727194956818,325.1721076648764,14.600807299995012,183.11195783241374,48.89126392635868,test
358_74,35.800000000000004,7.4,2025-07-22,2025,203,1,positive,1,1.39,39.2,25.2,31.8,7,21,19.0,11.9,0.0,6.54,0.0,14.700000000000006,19.0,35.75714285714286,14.857142857142858,99.18544660348368,188.820800903599,610.8110185408023,39.43288390304881,213.01646377476646,90.64698191035943,test
356_-9,35.6,-0.9,2025-10-16,2025,289,1,positive,1,0.69,23.7,16.2,19.1,49,78,15.7,11.2,0.0,1.48,1.6,5.5000000000000036,16.0,26.414285714285715,43.42857142857143,89.41227838875103,150.76525093866286,1267.0282255462407,8.692820204910253,232.3973760191588,35.99629440774936,test
363_73,36.300000000000004,7.300000000000001,2025-09-20,2025,263,1,positive,1,3.41,30.9,18.2,24.1,24,54,14.7,9.1,0.0,3.29,0.0,10.600000000000007,10.0,30.714285714285715,26.428571428571427,94.25935529350637,163.01737908506416,1062.3339775364077,16.399045304106597,235.63720043071174,54.008236286469526,test
365_89,36.5,8.9,2025-08-16,2025,228,1,positive,1,6.22,33.0,22.0,27.0,38,58,18.3,10.4,0.7,3.14,0.7000000000000106,1.0,86.0,36.385714285714286,21.571428571428573,91.74512142220625,648.5442255091822,1065.5316791881748,13.826349274685578,642.1491275000793,49.13518798286935,test
368_67,36.800000000000004,6.7,2025-07-19,2025,200,1,positive,5,39.0,39.5,21.5,29.9,18,41,17.1,5.8,0.0,5.74,0.0,3.1000000000000427,12.0,35.114285714285714,34.0,96.97616523367283,271.7594953659208,587.7151654216428,26.77677026170153,271.1982433087978,73.20974176902114,test
361_76,36.1,7.6000000000000005,2025-10-23,2025,296,1,positive,1,3.03,24.0,12.7,17.1,39,75,18.2,10.0,0.0,1.81,12.300000000000004,51.6,5.0,21.67142857142857,42.857142857142854,90.45533724842113,30.330957369843212,773.0764450630326,11.449053259056477,55.24335651635334,25.71470170029535,test
347_81,34.7,8.1,2025-06-26,2025,177,1,positive,1,1.13,38.9,23.8,31.5,9,22,25.8,12.0,0.0,6.25,0.0,1.700000000000007,18.0,33.04285714285714,18.428571428571427,98.73220253169855,273.1959321960045,622.1714868483238,52.36009917095689,272.83161069182347,108.12254079768735,test
348_3,34.800000000000004,0.30000000000000004,2025-07-18,2025,199,1,positive,1,1.93,37.5,22.7,29.4,8,22,24.8,15.2,0.0,5.89,0.1999999999999858,1.999999999999993,12.0,35.1,14.857142857142858,98.79097484580105,276.9785917773132,668.6062647864211,50.17105912025841,276.83878778536825,105.57145830143058,test
362_88,36.2,8.8,2025-08-01,2025,213,1,positive,1,1.17,34.8,17.2,25.4,25,47,16.8,6.6,1.1,4.19,1.4000000000000106,5.199999999999999,0.0,29.385714285714283,30.714285714285715,93.97883519069345,238.1830663212119,712.4558064466299,17.535379794273958,259.489503240499,56.56969697656159,test
348_3,34.800000000000004,0.30000000000000004,2025-07-05,2025,186,1,positive,1,1.05,33.7,19.1,26.6,19,37,19.1,9.9,0.0,4.24,0.1999999999999858,6.499999999999993,20.0,33.25714285714286,15.571428571428571,97.2063742803061,297.67840824086124,538.9682647864211,30.540397118390864,296.25464188414037,79.31502759521658,test
368_79,36.800000000000004,7.9,2025-10-24,2025,297,1,positive,1,3.24,25.4,18.6,21.5,65,81,15.2,8.0,2.0,1.14,13.9,103.40000000000002,0.0,26.342857142857145,49.0,79.68047938484571,18.397125973089146,453.06728290429186,2.3672393041656425,33.40333524559842,5.400070722207304,test
364_49,36.4,4.9,2025-07-21,2025,202,1,positive,8,186.1,39.9,23.0,30.9,7,22,19.8,10.3,0.0,6.81,0.0,3.1999999999999997,18.0,35.9,16.142857142857142,99.24944567165736,394.8504843297566,585.5747832983137,41.39793560217782,391.32124148037695,94.93649341753778,test
365_72,36.5,7.2,2025-08-10,2025,222,1,positive,1,3.14,32.4,18.8,24.7,22,49,15.3,6.1,0.0,3.71,0.0,5.500000000000008,15.0,32.51428571428571,23.285714285714285,96.34221636887331,245.88805844654993,771.2742187729001,22.459976402442113,273.66218072480933,65.9059233435597,test
366_54,36.6,5.4,2025-08-27,2025,239,1,positive,9,10.97,36.8,24.9,30.6,21,38,24.3,11.0,0.0,4.93,0.10000000000005685,0.0999999999999858,32.0,30.428571428571427,38.285714285714285,95.9033491564271,160.61509541946805,750.2575346319013,33.312760285276276,209.24323674522668,82.01674029524625,test
366_55,36.6,5.5,2025-08-16,2025,228,1,positive,7,5.57,26.2,18.8,22.1,39,52,10.8,4.6,0.0,2.08,0.10000000000002843,12.8,21.0,27.099999999999998,33.57142857142857,92.21945005563693,125.39702601392777,668.5539515433171,10.132316346648068,170.7346359630842,38.21896030962196,test
363_46,36.300000000000004,4.6000000000000005,2025-07-24,2025,205,1,positive,8,23.76,41.3,26.1,32.2,7,28,26.7,9.4,0.5,7.37,0.4999999999999929,1.4999999999999858,50.0,41.17142857142857,8.0,99.80933258464401,472.1260488656808,723.3520836285098,63.01761326889108,467.7083261190442,120.58425488324342,test
365_44,36.5,4.4,2025-08-28,2025,240,1,positive,2,7.67,28.9,16.4,22.6,30,45,15.2,6.3,0.0,2.75,1.4000000000000319,4.300000000000015,14.0,31.057142857142857,21.428571428571427,94.64414949304283,259.616574462498,820.6116209807564,17.733727843342482,289.92472334684044,57.157598234870285,test
361_64,36.1,6.4,2025-10-31,2025,304,1,positive,2,0.84,21.4,11.9,15.7,44,73,12.8,7.3,0.0,1.43,9.500000000000007,22.599999999999998,1.0,23.514285714285712,36.142857142857146,86.04583204856033,53.04933306007814,850.7883804198826,4.645277986443471,91.79015372033216,17.583064733290403,test
362_72,36.2,7.2,2025-09-21,2025,264,1,positive,1,6.4,31.4,17.3,24.0,25,51,10.9,5.7,0.0,3.38,0.0,5.199999999999993,14.0,31.157142857142855,22.714285714285715,95.2719033370122,268.884365908907,1189.3910775701402,15.561904402691788,343.58436123905454,52.84956268597196,test
344_-7,34.4,-0.7000000000000001,2025-08-19,2025,231,1,positive,1,4.34,35.6,21.7,28.4,10,19,27.3,16.0,0.0,5.25,0.0,2.500000000000007,25.0,34.08571428571428,10.857142857142858,98.55018872043703,304.9496647727993,1111.33131583837,55.14126705651948,361.743204828223,111.78898797591893,test
361_12,36.1,1.2000000000000002,2025-06-01,2025,152,1,positive,3,2.91,37.7,18.8,27.5,9,30,21.3,6.3,0.0,5.91,0.0,39.800000000000004,9.0,36.68571428571429,11.285714285714286,98.72819027924527,121.09798022293168,389.6476788195668,41.71518000587031,136.29708030273738,86.27312645911938,test
364_74,36.4,7.4,2025-07-25,2025,206,1,positive,3,4.81,32.2,19.3,25.8,18,46,18.9,11.2,0.1,3.9,0.10000000000000711,3.200000000000007,11.0,37.44285714285714,15.571428571428571,97.55046918400191,416.7164383443204,624.406,31.6503028161431,412.94373762715986,81.2108396976278,test
350_-18,35.0,-1.8,2025-10-03,2025,276,1,positive,1,4.42,25.9,15.9,21.3,39,58,12.0,5.2,0.0,1.98,0.2,15.200000000000003,24.0,24.67142857142857,50.42857142857143,89.96732985954111,145.42520942581618,1062.5904115283233,7.811882088023085,216.70520061582093,33.34741123282843,test
349_57,34.9,5.7,2025-10-10,2025,283,1,positive,2,1.03,29.2,19.3,24.4,25,36,15.9,6.2,0.0,3.03,0.0,15.400000000000004,14.0,28.314285714285713,27.0,93.91538221922472,111.77673913370312,1237.852221498532,16.611101122864792,182.38136910316885,52.96139437038507,test
366_77,36.6,7.7,2025-07-10,2025,191,1,positive,2,0.91,33.6,19.7,26.3,30,54,17.6,6.8,0.0,3.62,0.9,3.199999999999993,21.0,35.1,32.285714285714285,93.4005389622296,282.940082504945,514.792,16.846104278582953,281.6415188477456,55.33763202836995,test
366_52,36.6,5.2,2025-09-01,2025,244,1,positive,14,46.2,27.3,22.2,25.1,57,67,19.8,13.1,2.1,1.57,2.1000000000000214,2.1,0.0,27.800000000000004,50.714285714285715,82.52071046372116,105.74822860374849,716.5864656389977,4.121828850455659,154.4975906448053,20.15040727124774,test
361_12,36.1,1.2000000000000002,2025-08-19,2025,231,1,positive,1,1.53,40.6,24.8,32.3,12,23,21.5,8.5,0.0,6.33,0.0,0.20000000000000356,88.0,39.728571428571435,14.571428571428571,99.13690326968201,756.0848389249317,1219.0016788195667,44.445365850090134,747.481646688817,98.92604985306102,test
364_42,36.4,4.2,2025-09-21,2025,264,1,positive,2,11.79,31.5,20.5,25.1,23,49,14.4,5.5,0.2,3.48,0.20000000000000712,20.299999999999994,11.0,32.31428571428571,22.714285714285715,94.5134307548415,111.2732850052762,946.1377550364529,16.729289856532237,171.98081036075135,52.65318620882135,test
364_88,36.4,8.8,2025-08-27,2025,239,1,positive,1,6.03,43.8,26.7,34.6,10,27,23.0,8.9,0.0,8.08,0.2999999999999982,0.8999999999999857,69.0,37.17142857142857,22.571428571428573,99.20297109011854,597.7600025313385,1149.0033562319395,48.348668107422135,594.2279526122057,103.80694844605424,test
347_53,34.7,5.300000000000001,2025-09-23,2025,266,1,positive,1,0.62,33.9,22.9,28.3,22,40,19.8,10.2,0.0,4.12,0.0,0.6999999999999964,122.0,34.128571428571426,26.142857142857142,95.17550480172085,991.6033992042675,1720.4937619572336,24.04980916079815,980.2871209701842,69.00581634857055,test
360_11,36.0,1.1,2025-06-11,2025,162,1,positive,1,0.74,38.8,22.2,30.7,13,30,16.0,7.9,0.0,6.0,0.0,71.39999999999999,19.0,38.92857142857143,12.428571428571429,99.16791334796585,185.0237175139286,336.0298066555789,33.8232979088988,184.314452460744,81.49549688174697,test
368_29,36.800000000000004,2.9000000000000004,2025-08-18,2025,230,1,positive,1,5.34,38.0,25.7,31.8,17,33,10.3,6.3,0.0,5.51,0.0,7.099999999999957,24.0,31.542857142857144,41.714285714285715,96.89436101387402,167.0841189139692,782.8949748130657,18.80155472073277,217.90561828907087,58.41565058247662,test
359_44,35.9,4.4,2025-09-28,2025,271,1,positive,1,1.48,22.8,12.4,17.5,37,51,10.5,5.5,0.0,1.75,22.599999999999987,35.39999999999999,2.0,24.7,42.42857142857143,87.8151327833984,36.795303218156086,813.188446564476,5.319238439465355,66.1119874439046,16.243124798628095,test
367_45,36.7,4.5,2025-08-21,2025,233,1,positive,1,5.29,27.8,16.7,20.9,18,42,19.4,7.5,0.0,2.96,0.0,5.4,26.0,30.142857142857142,18.857142857142858,96.44260030965802,242.2883127229232,798.7269013916252,27.990178414472407,275.5847662816416,75.20005628622913,test
358_-3,35.800000000000004,-0.30000000000000004,2025-10-06,2025,279,1,positive,2,10.81,26.5,19.2,22.0,48,77,22.1,12.1,0.0,1.75,0.19999999999999468,11.099999999999996,27.0,27.82857142857143,41.0,90.76463047350552,162.86483678502958,1205.785313276271,14.564758273130291,243.5045651292587,50.25985491404498,test
365_54,36.5,5.4,2025-09-01,2025,244,1,positive,1,2.67,31.9,16.9,23.3,21,51,21.6,12.4,2.0,3.72,3.0000000000000426,3.699999999999986,0.0,30.7,22.285714285714285,93.14997400976814,147.79090577494617,869.3018658489954,19.89926384149361,207.42181879666478,60.19771926943529,test
353_14,35.300000000000004,1.4000000000000001,2025-07-22,2025,203,1,positive,1,0.77,38.6,22.3,30.2,8,30,22.9,7.9,0.0,6.3,0.0,1.099999999999993,48.0,36.714285714285715,11.857142857142858,98.92851303849332,496.70203706462996,721.3911133197121,46.4165457066282,491.40626227073875,101.41339387916084,test
368_75,36.800000000000004,7.5,2025-10-09,2025,282,1,positive,5,57.62,29.8,15.3,21.2,33,74,10.1,3.0,0.0,2.8,1.5000000000000002,19.599999999999998,5.0,27.02857142857143,37.714285714285715,93.3544762415198,98.95476082758212,1209.3191068818774,11.470375967342285,164.29929203341464,41.0820852656776,test
368_75,36.800000000000004,7.5,2025-06-23,2025,174,1,positive,1,4.3,36.3,21.2,27.8,26,64,13.9,6.9,0.0,4.41,0.8,0.9,38.0,33.5,30.571428571428573,96.22466212338276,250.7894521229117,474.5739051842738,20.600909310552517,249.83699673145753,62.32640593152702,test
368_89,36.800000000000004,8.9,2025-10-13,2025,286,1,positive,1,0.18,25.8,15.8,20.3,37,60,8.8,4.5,0.1,2.01,5.900000000000004,51.00000000000001,1.0,23.5,46.857142857142854,89.06811307677111,18.352178287432825,603.1140203946684,5.843953143203304,34.109554419534575,12.143974292827634,test
351_-7,35.1,-0.7000000000000001,2025-10-12,2025,285,1,positive,1,0.36,31.0,18.3,25.0,18,34,25.7,19.4,0.0,3.7,1.9999999999999964,3.899999999999997,2.0,29.042857142857144,24.857142857142858,95.48869538447072,158.9879195202027,1247.7136671010412,33.78983374851746,241.15413776129984,83.5757134904012,test
365_89,36.5,8.9,2025-07-24,2025,205,1,positive,1,2.96,46.5,26.9,36.1,6,22,22.9,6.7,0.0,9.72,0.0,0.0,63.0,42.98571428571428,11.857142857142858,100.07445628217181,511.25593848518224,846.7836791881749,53.84352662064307,507.0055310387425,110.3557751426507,test
364_42,36.4,4.2,2025-09-22,2025,265,1,positive,1,0.89,28.0,20.1,23.1,33,58,12.7,4.7,0.6,2.54,0.8000000000000071,20.89999999999999,12.0,31.3,25.142857142857142,91.87075841220533,114.74445289727619,952.8817550364529,10.614129353644048,176.3880184824021,39.63756680163349,test
358_6,35.800000000000004,0.6000000000000001,2025-09-22,2025,265,1,positive,1,1.77,33.5,21.6,26.8,27,50,12.5,5.5,0.2,3.74,0.19999999999998758,4.999999999999988,13.0,36.285714285714285,22.714285714285715,95.51450245983057,174.0710329834829,1414.5956845842363,17.435806108637422,266.2381778964682,56.42658179400443,test
366_60,36.6,6.0,2025-08-08,2025,220,1,positive,5,8.39,31.9,19.4,24.9,21,39,10.0,3.9,0.0,3.68,0.0,7.699999999999986,13.0,28.37142857142857,28.428571428571427,95.06445509852011,176.78642427797212,677.1752150285607,14.456075130941478,213.94150581600837,49.54806926445575,test
360_4,36.0,0.4,2025-08-15,2025,227,1,positive,1,1.09,33.7,24.1,28.4,40,50,19.7,8.6,0.0,2.85,0.0,0.8000000000000035,84.0,35.0,31.285714285714285,93.22110750485483,549.0178650062754,1100.1453794962504,18.26316808789742,546.4272476024294,58.39620307896836,test
363_78,36.300000000000004,7.800000000000001,2025-09-21,2025,264,1,positive,1,0.6,29.9,16.3,23.4,29,47,16.2,6.6,0.0,2.99,0.0,13.699999999999987,11.0,29.485714285714288,26.285714285714285,94.1500086107947,130.50211056137482,977.3581665852292,17.421239266426998,195.68270670997842,55.10271322541221,test
344_51,34.4,5.1000000000000005,2025-07-31,2025,212,1,positive,1,3.7,37.6,27.5,32.6,22,32,21.9,14.1,0.0,5.06,0.0,0.0,68.0,37.81428571428571,17.285714285714285,96.13215197163166,651.9895355532356,1188.6349761509284,30.446249968379004,647.1065037755194,79.39327972335738,test
368_77,36.800000000000004,7.7,2025-10-21,2025,294,1,positive,1,17.31,28.5,14.8,20.7,35,71,12.6,6.2,0.0,2.45,26.000000000000014,43.69999999999999,2.0,26.02857142857143,45.142857142857146,92.33813211171585,40.84682265256812,910.2502340811684,11.281586271384326,73.45324216234036,29.348149505272733,test
363_72,36.300000000000004,7.2,2025-07-19,2025,200,1,positive,4,48.93,39.3,19.5,28.3,11,30,19.4,11.2,0.0,6.32,0.30000000000000354,5.299999999999993,7.0,35.07142857142857,21.142857142857142,98.39283199150834,196.27585592296555,591.111062322844,36.27650266780235,214.4957559640773,86.4068143717953,test
356_-5,35.6,-0.5,2025-08-29,2025,241,1,positive,2,2.67,30.8,21.4,25.4,23,45,23.7,19.3,0.0,3.42,0.10000000000001777,0.09999999999999645,35.0,34.800000000000004,25.0,94.62317210595538,697.0307476264433,1285.9183411909187,27.136979728401794,691.779548069572,74.16628421523478,test
366_32,36.6,3.2,2025-06-17,2025,168,1,positive,2,0.87,31.2,20.3,25.3,46,68,11.7,4.9,0.0,2.43,0.0,3.6999999999999855,24.0,33.885714285714286,38.714285714285715,91.69201468501612,148.01254696355363,298.82859904464965,9.840190798763821,147.65554513749018,36.19958484892451,test
362_12,36.2,1.2000000000000002,2025-09-11,2025,254,1,positive,1,0.88,33.6,17.5,24.6,27,50,13.4,6.1,0.0,3.77,4.899999999999993,4.8999999999999995,2.0,35.75714285714286,25.0,93.95222781107795,116.73325767153896,1323.3778412378492,14.719982825021845,191.28424451393775,49.46410820745107,test
348_3,34.800000000000004,0.30000000000000004,2025-06-24,2025,175,1,positive,1,0.7,36.6,20.7,28.6,6,20,17.0,9.4,0.0,5.72,0.0,7.099999999999993,9.0,33.728571428571435,11.285714285714286,99.11352608937847,214.98758608286118,433.1542647864209,35.320498338636455,214.39538387928656,85.06661048340571,test
362_54,36.2,5.4,2025-10-17,2025,290,1,positive,1,0.89,18.9,9.1,13.1,46,82,10.6,5.7,1.5,1.17,3.700000000000002,22.599999999999998,0.0,20.942857142857143,41.142857142857146,82.20927721567716,85.40628676287943,999.4007234522132,2.4946831089764037,140.74358618289722,13.399899079113192,test
364_62,36.4,6.2,2025-06-01,2025,152,1,positive,1,0.85,30.1,15.6,23.0,26,50,8.6,4.4,0.0,3.12,0.0,86.99999999999999,8.0,26.842857142857145,35.285714285714285,93.58289045430902,64.06582462968976,127.39165069591661,10.979395060515698,63.89416889908241,26.86688088053649,test
365_54,36.5,5.4,2025-10-21,2025,294,1,positive,2,14.22,20.6,10.8,14.9,48,72,14.9,7.1,0.0,1.25,7.000000000000043,46.59999999999999,3.0,18.242857142857144,56.142857142857146,88.13828663268995,36.93277215084494,749.0701648295985,6.954204910882986,65.75984985121957,19.747205355326468,test
366_40,36.6,4.0,2025-07-21,2025,202,1,positive,1,7.07,35.8,23.0,29.1,19,37,13.2,6.3,0.0,4.77,0.0,2.300000000000014,18.0,35.542857142857144,23.428571428571427,97.56267555577824,267.18197383450905,618.0944541853232,23.787135588921117,266.88878622110064,68.16915533430453,test
364_81,36.4,8.1,2025-10-25,2025,298,1,positive,3,3.51,28.9,12.6,19.9,23,62,10.3,5.6,0.0,3.04,9.400000000000022,62.300000000000004,6.0,23.642857142857142,43.0,93.62167129047816,21.244071884770666,610.7892904228481,12.026121464452258,39.089206049695846,22.418230267546765,test
365_27,36.5,2.7,2025-06-10,2025,161,1,positive,2,1.33,33.1,19.5,25.2,45,73,13.0,4.4,0.0,2.69,0.0,76.69999999999999,17.0,30.3,52.42857142857143,90.40479066256852,114.17080316423521,286.23401066463316,8.7464885986719,114.33197586902226,30.5627634054348,test
358_-3,35.800000000000004,-0.30000000000000004,2025-10-13,2025,286,1,positive,3,6.88,29.9,21.1,25.0,40,55,12.2,6.0,0.0,2.26,2.9999999999999947,3.6999999999999966,2.0,27.957142857142856,38.57142857142857,92.56927434611458,151.50323773756062,1245.9393132762712,11.422272833359449,232.3679955424633,42.96879720172942,test
365_50,36.5,5.0,2025-08-15,2025,227,1,positive,2,5.41,30.7,18.2,24.0,20,40,15.9,6.8,0.0,3.51,0.0,3.5000000000000147,20.0,29.985714285714284,23.428571428571427,95.40863085197385,237.21042808890627,766.9031717993321,20.39784531833902,267.53955141788254,62.12527178406638,test
357_-7,35.7,-0.7000000000000001,2025-08-20,2025,232,1,positive,1,2.14,31.2,23.0,26.6,24,40,20.4,15.6,0.0,3.47,0.0,2.299999999999993,26.0,32.48571428571428,31.285714285714285,95.93344184322021,241.07650793164683,1097.141561974932,27.481036980305685,311.2012564045818,74.57374728496781,test
366_30,36.6,3.0,2025-08-02,2025,214,1,positive,1,3.05,32.3,21.3,26.2,40,68,15.9,7.5,0.0,2.87,0.0,5.7,8.0,31.857142857142858,35.285714285714285,91.91637033242044,141.96266271216226,718.8020167254731,12.552118266396732,190.07585721372428,44.68697399080608,test
367_29,36.7,2.9000000000000004,2025-09-24,2025,267,1,positive,1,2.51,25.4,18.5,21.6,51,73,17.5,8.0,0.5,1.59,8.400000000000013,19.599999999999987,1.0,28.442857142857143,54.57142857142857,85.09319674920825,70.66210107359208,917.6140557990246,5.1553994618145085,118.50928588558963,21.506170353411818,test
353_14,35.300000000000004,1.4000000000000001,2025-07-21,2025,202,1,positive,1,1.19,37.7,21.6,29.3,12,27,16.9,8.8,0.0,5.72,0.0,1.099999999999993,47.0,36.128571428571426,13.857142857142858,98.77647511341573,488.12415652063,710.739113319712,33.631471353433945,482.99878246067874,84.16715829500339,test
367_65,36.7,6.5,2025-10-09,2025,282,1,positive,1,1.63,25.1,12.5,18.1,40,76,9.8,4.8,0.0,1.91,3.3000000000000074,48.99999999999997,3.0,22.857142857142858,45.142857142857146,89.94428253958135,34.5329034176654,756.2199930537107,6.969098126041231,61.98896729100446,19.168076531764218,test
365_20,36.5,2.0,2025-08-30,2025,242,1,positive,6,12.13,28.9,17.7,23.5,24,40,11.8,6.4,0.0,2.96,0.0,0.1,36.0,32.785714285714285,26.0,93.87198850278251,245.73878936544813,891.7947288999936,13.429472145210314,291.0065589522341,48.080786298823895,test
358_-2,35.800000000000004,-0.2,2025-08-06,2025,218,1,positive,1,1.47,33.8,22.2,27.8,37,49,16.0,8.6,0.0,3.1,0.0,0.29999999999999644,75.0,30.685714285714287,49.285714285714285,92.01946561849398,400.95466014317435,1028.448020637821,12.800830317844438,406.1000459358609,46.795071592215564,test
368_72,36.800000000000004,7.2,2025-10-24,2025,297,1,positive,1,8.03,26.2,17.7,21.5,60,81,15.2,7.0,1.0,1.34,8.699999999999992,55.7,0.0,26.15714285714285,49.0,85.21903274332396,31.873755020839347,804.080478247245,4.671651829931425,57.99973538778592,13.670295938242976,test
367_63,36.7,6.300000000000001,2025-10-21,2025,294,1,positive,1,1.76,24.3,12.8,17.7,46,78,13.4,6.5,0.0,1.65,13.799999999999994,57.0,3.0,22.071428571428573,57.42857142857143,88.52850398851824,23.130148630637585,736.1906454557984,6.819180269730367,42.89132381364281,15.501637497229344,test
369_-23,36.9,-2.3000000000000003,2025-09-02,2025,245,1,positive,1,0.73,29.3,17.9,23.6,17,38,16.2,6.7,0.0,3.27,0.0,1.000000000000007,39.0,29.014285714285712,36.142857142857146,95.33280769543472,370.30996404270815,1142.2575710510528,20.495507533196893,409.07419387011635,62.641658574770574,test
367_90,36.7,9.0,2025-08-15,2025,227,1,positive,1,0.46,32.3,20.7,26.0,26,48,14.8,5.9,0.0,3.53,1.5000000000000053,2.4,71.0,32.58571428571428,26.714285714285715,94.08700226508226,480.5101189637812,842.0587310950674,16.09364533986324,477.1813728144819,54.01457497748839,test
355_-6,35.5,-0.6000000000000001,2025-09-23,2025,266,1,positive,2,0.66,29.5,19.2,23.8,28,56,15.5,7.3,0.0,2.89,0.20000000000001422,9.299999999999999,14.0,32.98571428571428,32.714285714285715,94.63506753000576,152.4773421391803,1150.0449127313116,17.981365618081508,229.03789082272195,57.059996683715546,test
369_43,36.9,4.3,2025-10-12,2025,285,1,positive,2,6.23,28.7,18.6,23.0,36,60,7.7,3.6,0.0,2.52,8.30000000000003,68.0,1.0,25.74285714285714,49.0,90.2608924003164,29.79730467629556,501.1956612294994,6.56007451816682,51.88315850976328,16.66902314309315,test
368_50,36.800000000000004,5.0,2025-08-26,2025,238,1,positive,1,5.59,36.6,24.8,29.9,29,40,11.9,7.7,0.0,4.13,0.0,1.6000000000000072,28.0,31.357142857142858,44.857142857142854,94.08539095586147,161.8293732207521,877.9514016842697,13.90252419000792,221.56034909386452,48.49826549261609,test
353_-13,35.300000000000004,-1.3,2025-06-22,2025,173,1,positive,1,0.99,32.9,23.1,28.2,28,43,15.7,9.2,0.0,2.86,0.0,0.10000000000001422,38.0,30.67142857142857,41.857142857142854,93.949293956462,157.87770747451884,380.81883641162875,16.522055041787905,157.81265755085943,51.305134121611324,test
365_44,36.5,4.4,2025-08-10,2025,222,1,positive,6,2.06,28.4,17.0,22.1,26,46,11.0,4.2,0.0,2.78,0.0,12.200000000000014,15.0,29.885714285714283,19.571428571428573,95.10355981610472,167.087064370498,668.7456209807561,15.284757957994481,205.6926257538538,51.10203461305806,test
367_62,36.7,6.2,2025-10-20,2025,293,1,positive,1,3.03,24.3,11.9,17.0,41,76,13.0,8.0,0.0,1.78,15.79999999999999,57.59999999999997,1.0,22.3,55.42857142857143,86.68777753521897,21.107203615594912,661.2793178092292,5.13750978674126,39.094767763896606,11.809054330069134,test
364_45,36.4,4.5,2025-09-15,2025,258,1,positive,1,2.35,38.7,22.9,29.6,15,37,16.7,5.6,0.0,5.86,6.500000000000028,8.400000000000007,5.0,33.55714285714286,27.0,97.49784822050827,108.76251645212987,1208.1438454522195,28.131847367150915,177.56258604987886,72.65345735299324,test
370_74,37.0,7.4,2025-07-12,2025,193,1,positive,1,1.17,33.9,20.3,26.3,33,70,14.7,6.5,0.0,3.53,0.0,0.8,49.0,29.814285714285713,50.42857142857143,92.75186413355327,189.29410043921624,528.3258936371919,13.292522707625691,199.70617929918828,46.64837923160471,test
344_21,34.4,2.1,2025-10-08,2025,281,1,positive,1,0.96,25.4,11.8,18.0,16,34,12.6,7.6,0.0,2.71,0.0,50.7,8.0,24.24285714285714,26.285714285714285,95.07873983653735,66.20358950959547,700.4758354331587,16.5119418163645,107.10121973817424,45.05194655921943,test
363_55,36.300000000000004,5.5,2025-09-21,2025,264,1,positive,1,1.63,27.8,16.6,21.7,27,51,14.3,9.6,0.0,2.61,0.09999999999996892,16.099999999999998,11.0,29.199999999999996,24.571428571428573,93.95051347329682,104.76217799519924,992.478220192169,15.399256812850954,165.77731813048877,49.634231892811925,test
354_14,35.4,1.4000000000000001,2025-07-22,2025,203,1,positive,3,35.09,37.9,22.7,30.1,10,32,19.4,7.1,0.0,5.79,0.0,0.7999999999999929,60.0,36.6,12.142857142857142,98.7518638425961,509.7964766613265,762.1551770356633,38.02408830563226,504.5537229281522,90.40794848520139,test
366_28,36.6,2.8000000000000003,2025-06-22,2025,173,1,positive,2,0.87,35.2,20.6,27.4,26,47,16.9,7.7,0.0,4.19,0.0,0.9999999999999929,29.0,33.32857142857143,32.142857142857146,95.02242607366652,178.40584086153103,427.97579282189577,20.349399793422428,178.3178546914509,59.79732757040316,test
361_68,36.1,6.800000000000001,2025-08-31,2025,243,1,positive,1,4.62,33.0,15.6,24.3,22,52,14.4,7.8,0.0,3.91,1.199999999999984,1.2999999999999856,59.0,34.114285714285714,18.571428571428573,95.54584289309415,678.2481618489434,1064.411880082743,19.269678541121174,670.6356162024799,60.34544699067498,test
365_53,36.5,5.300000000000001,2025-08-19,2025,231,1,positive,1,5.56,35.8,19.6,26.8,12,28,16.6,8.1,0.5,5.17,0.4999999999999645,6.4,24.0,30.614285714285717,20.142857142857142,97.67647156037131,200.42185383261676,789.8095650212824,28.66175084104598,245.2544539464378,75.91927767750771,test
358_-2,35.800000000000004,-0.2,2025-07-10,2025,191,1,positive,1,1.54,31.1,23.2,26.5,58,81,17.6,8.0,0.0,1.89,0.0,0.0,48.0,30.785714285714285,56.857142857142854,88.49502255503138,286.4480850651743,777.7500206378211,8.38607212466441,298.2655375344787,35.527008628600285,test
361_55,36.1,5.5,2025-09-17,2025,260,1,positive,1,2.69,30.0,16.0,22.7,17,52,17.6,8.7,0.0,3.51,0.0,13.5,7.0,30.02857142857143,21.0,96.46169371096093,105.10184772221537,1043.3047928495926,25.628916997323902,167.9146606125617,68.02514068921849,test
365_29,36.5,2.9000000000000004,2025-09-18,2025,261,1,positive,1,1.08,32.5,22.1,25.9,32,49,11.2,5.3,0.0,3.25,0.0,26.799999999999994,9.0,32.785714285714285,37.42857142857143,92.68679027093349,112.64824191692531,766.2400532250782,11.041890953653368,164.74632236971294,40.10887706007233,test
363_65,36.300000000000004,6.5,2025-09-18,2025,261,1,positive,2,9.94,29.8,15.8,22.2,28,67,15.3,6.2,0.0,3.01,0.0,18.299999999999976,8.0,31.942857142857143,22.714285714285715,94.86991267843302,98.92536725047718,952.1622756882791,18.38476202404404,157.05695962036285,54.76454161790592,test
364_67,36.4,6.7,2025-10-25,2025,298,1,positive,1,2.33,28.4,12.7,19.5,16,44,12.8,8.2,0.0,3.23,0.5000000000000231,38.8,7.0,22.75714285714286,37.57142857142857,95.18923644293254,41.782760647747466,709.1337354819066,16.933162714471866,72.83654404492685,38.27975693962976,test
368_63,36.800000000000004,6.300000000000001,2025-10-04,2025,277,1,positive,1,1.33,26.6,14.3,19.7,52,81,8.9,4.5,0.0,1.67,3.899999999999993,33.0,2.0,26.814285714285717,45.285714285714285,87.63332398686053,49.99016174706598,920.6404858986887,4.781191741967061,88.03035078062798,17.55920378173866,test
367_30,36.7,3.0,2025-08-18,2025,230,1,positive,1,2.55,40.7,23.1,31.8,13,30,9.0,5.1,0.0,6.66,0.0,4.699999999999986,24.0,33.785714285714285,31.142857142857142,98.16288415336923,209.0249280287863,893.1271550008541,20.839879788150284,263.73840108545767,62.908006067673355,test
365_77,36.5,7.7,2025-06-28,2025,179,1,positive,1,0.32,32.6,18.3,25.5,30,65,16.9,7.5,0.0,3.42,0.0,2.0,9.0,35.52857142857143,26.0,94.20608831235201,234.0784588136022,389.6559999999999,18.187215468598367,232.82990089565502,57.52546589615683,test
366_40,36.6,4.0,2025-07-20,2025,201,1,positive,3,36.93,37.0,23.1,29.1,19,31,12.9,4.9,0.0,5.02,0.0,2.300000000000014,17.0,35.94285714285714,23.142857142857142,97.76249276652129,260.16236285050906,607.9464541853232,24.059141761521104,259.917116909973,68.56976684042395,test
366_52,36.6,5.2,2025-07-14,2025,195,1,positive,3,6.76,28.6,22.8,25.1,47,73,14.9,6.9,0.0,2.06,0.0,0.1,51.0,25.485714285714288,62.57142857142857,89.0386731087548,139.61419592978845,444.69531986525993,7.913420323056405,156.44039202912546,31.82180311677384,test
364_29,36.4,2.9000000000000004,2025-08-28,2025,240,1,positive,1,8.74,31.5,21.1,25.8,25,44,16.0,8.2,0.0,3.47,0.9999999999999574,1.6,34.0,34.542857142857144,23.0,95.77411977038557,258.6084418407315,851.0304578589535,21.545771367178926,293.92465165508685,64.38665990312292,test
365_90,36.5,9.0,2025-08-06,2025,218,1,positive,1,3.19,36.4,19.0,26.8,17,56,15.8,4.5,0.0,5.02,0.0,0.3,76.0,34.48571428571429,23.857142857142858,96.67632165952594,585.0849960151822,969.287679188175,24.09157417007316,579.7901389574564,69.0773883017026,test
369_43,36.9,4.3,2025-10-06,2025,279,1,positive,2,19.6,22.9,17.3,20.3,49,66,16.7,12.3,1.8,1.41,3.6000000000000285,95.19999999999999,0.0,25.428571428571427,50.142857142857146,82.90458915534134,30.59220973144518,483.00326936193886,3.700598993474275,52.82060886813377,10.748409840738034,test
365_85,36.5,8.5,2025-07-16,2025,197,1,positive,1,0.66,33.0,23.2,27.2,38,69,20.4,10.7,0.0,3.09,0.2,1.6,27.0,36.60000000000001,28.0,93.5606106882246,347.33941725221183,634.4687960811073,19.83643293373557,345.5814851172886,61.36436866240498,test
368_33,36.800000000000004,3.3000000000000003,2025-10-16,2025,289,1,positive,1,1.93,22.6,17.7,20.2,67,82,11.0,6.0,2.0,0.9,5.4,26.4,0.0,27.742857142857144,43.714285714285715,72.04314393647404,60.053386881975506,864.9535734878586,1.167318904670407,102.3427341721597,5.923978403672995,test
365_46,36.5,4.6000000000000005,2025-06-24,2025,175,1,positive,2,2.44,40.1,23.6,31.4,14,30,20.2,6.7,0.0,6.37,0.0,1.700000000000007,20.0,37.57142857142857,18.142857142857142,97.92980449367178,308.75490260919145,515.9626759177596,35.53396998376564,306.8842486109545,86.73011417912907,test
368_82,36.800000000000004,8.200000000000001,2025-07-30,2025,211,1,positive,1,115.15,29.4,20.6,24.8,36,54,21.7,13.1,0.0,2.63,0.6999999999999751,1.0,41.0,31.414285714285718,39.857142857142854,91.5197142039336,397.69583294132434,718.3566000646636,15.893848438588908,395.44363345129636,53.584046040676604,test
363_27,36.300000000000004,2.7,2025-09-19,2025,262,1,positive,1,3.25,27.7,17.4,22.2,38,61,13.9,5.8,0.0,2.04,0.0,27.70000000000001,9.0,31.085714285714285,28.714285714285715,92.7541432769804,92.06942174644061,782.8593613222067,12.771417940642056,142.3002305048502,42.41448164996921,test
366_26,36.6,2.6,2025-10-08,2025,281,1,positive,1,1.52,25.2,13.2,19.0,40,69,11.9,4.8,0.0,1.85,0.10000000000004264,13.5,13.0,27.042857142857144,35.42857142857143,91.78434989021171,137.9149885680725,1208.5026906660544,10.070778878563615,214.6033482164558,39.36127857111617,test
366_81,36.6,8.1,2025-06-30,2025,181,1,positive,2,5.89,32.2,19.2,25.4,36,62,14.2,6.1,0.0,3.03,0.0,2.8000000000000074,11.0,32.41428571428572,35.857142857142854,91.97585525040118,168.39362973706451,384.9218383106769,11.618997229744265,168.2168619294985,41.63272873350651,test
367_62,36.7,6.2,2025-09-01,2025,244,1,positive,8,4.51,31.4,22.0,26.2,37,51,16.9,9.4,0.0,2.88,0.0,0.09999999999997158,38.0,33.142857142857146,26.857142857142858,93.38516474710853,311.84578948621356,944.0923533422834,16.22740941079254,341.6024356977805,54.238287826333234,test
354_86,35.4,8.6,2025-08-27,2025,239,1,positive,2,10.22,39.0,22.6,30.8,10,27,20.0,9.5,0.0,6.26,0.30000000000000715,2.5,24.0,36.028571428571425,14.285714285714286,98.57243837717927,701.5573453591953,1149.241647137609,38.28152916496641,694.2259704775066,90.7644540985572,test
358_-2,35.800000000000004,-0.2,2025-08-26,2025,238,1,positive,1,1.51,36.8,25.9,29.7,36,59,20.2,10.5,0.0,3.83,1.1000000000000072,1.0999999999999965,95.0,34.18571428571429,29.428571428571427,93.83065651101062,493.2271449651742,1209.074020637821,20.38889828418916,493.033073976529,62.45501815254504,test
368_75,36.800000000000004,7.5,2025-10-07,2025,280,1,positive,11,92.18,25.4,16.8,20.7,36,55,11.5,8.1,0.0,2.09,3.0,20.9,3.0,26.071428571428573,41.714285714285715,90.7964162381903,92.42046082758212,1197.2911068818773,8.576331900930546,154.94072957565277,33.49287821462683,test
367_33,36.7,3.3000000000000003,2025-10-16,2025,289,1,positive,1,1.83,22.5,17.5,20.0,67,82,11.0,6.0,2.0,0.89,5.4,26.4,0.0,27.599999999999998,43.714285714285715,71.95921676263215,59.865551799918734,862.529722703743,1.1637176795020556,102.02755220163331,5.894292511570586,test
357_-7,35.7,-0.7000000000000001,2025-09-27,2025,270,1,positive,2,0.88,26.9,15.2,21.1,32,57,11.8,5.0,0.0,2.37,0.0,14.799999999999994,18.0,26.5,42.57142857142857,91.4761035563335,130.23084969170924,1050.3538666206591,9.591518237480008,198.83043181182285,37.80805985008597,test
367_63,36.7,6.300000000000001,2025-06-10,2025,161,1,positive,1,1.3,30.5,16.2,22.8,40,72,10.7,5.0,0.0,2.63,0.0,52.6,17.0,29.5,48.857142857142854,90.8648456840051,106.03541154816267,211.56869381598068,8.318279916572985,105.77711900412471,28.54487076969134,test
348_3,34.800000000000004,0.30000000000000004,2025-06-05,2025,156,1,positive,1,1.01,32.4,15.0,23.3,13,40,17.5,7.4,0.0,4.24,0.7999999999999858,70.29999999999998,13.0,31.5,13.142857142857142,97.00507257916148,133.5383459147038,251.04626478642106,27.427744227793664,133.1188920892195,66.81266473219684,test
353_58,35.300000000000004,5.800000000000001,2025-06-02,2025,153,1,positive,1,0.65,26.4,17.5,22.2,24,33,18.3,9.6,0.0,2.61,0.0,27.9,9.0,29.04285714285714,18.0,95.02497091217359,119.09119831817684,422.834938324892,21.844428957718346,139.76827591715767,59.05054094990769,test
360_65,36.0,6.5,2025-08-05,2025,217,1,positive,1,0.19,31.2,15.1,23.1,13,41,17.0,7.8,0.0,3.93,0.1,2.4000000000000004,62.0,31.814285714285713,21.428571428571427,96.77784480742297,512.7503265688489,849.6434310335059,25.944160317677415,508.4842727616145,72.20599483123877,test
368_62,36.800000000000004,6.2,2025-10-23,2025,296,1,positive,1,4.4,27.7,18.5,23.0,43,70,27.5,13.7,0.0,2.12,11.899999999999956,53.4,1.0,24.400000000000002,56.42857142857143,89.23815407789205,15.359848427882799,642.5740405309614,15.365266924095028,28.98743497082736,23.080292026001093,test
369_78,36.9,7.800000000000001,2025-06-21,2025,172,1,positive,1,0.2,31.1,18.8,25.1,31,61,16.9,8.6,0.0,3.09,0.7,1.4000000000000017,36.0,32.04285714285714,32.857142857142854,92.74225605342016,194.26280674564305,419.9933365146599,14.830864921164844,193.91596897129924,49.79039404125757,test
365_31,36.5,3.1,2025-06-19,2025,170,1,positive,1,3.36,28.7,18.7,22.8,28,47,13.8,5.7,0.0,2.81,0.0,3.8,26.0,31.41428571428571,32.142857142857146,92.98417914091786,158.76055795491195,280.62999999999994,13.123886302056135,158.13219320299785,44.393119160981584,test
366_24,36.6,2.4000000000000004,2025-10-02,2025,275,1,positive,1,0.46,25.1,18.0,21.5,45,61,18.7,10.0,0.0,1.76,0.9000000000000284,20.800000000000008,7.0,26.242857142857144,49.714285714285715,88.47286164407265,90.03061875495675,912.5321575693397,8.835882902655555,144.43601645786825,33.49937787540516,test
346_-6,34.6,-0.6000000000000001,2025-07-09,2025,190,1,positive,1,7.7,34.5,21.5,28.3,12,36,19.7,8.8,0.0,4.8,0.0,10.400000000000006,13.0,33.67142857142857,14.714285714285714,97.71669749787081,270.92817082697604,649.7095455213639,33.68667804464568,270.7675179325694,83.83106051137167,test
364_23,36.4,2.3000000000000003,2025-07-11,2025,192,1,positive,2,21.62,31.8,20.6,25.6,27,46,9.4,4.6,0.0,3.41,1.1999999999999964,6.9,24.0,31.671428571428574,27.714285714285715,94.81597882706096,245.89950662028858,477.33035270416815,13.555865672154649,245.05794103721345,48.06146180135332,test
352_85,35.2,8.5,2025-09-13,2025,256,1,positive,2,0.62,28.2,14.1,21.3,32,56,10.7,5.4,0.0,2.6,4.100000000000008,23.200000000000006,6.0,28.21428571428572,32.142857142857146,92.32063543132725,105.05891235822295,919.3442344560375,10.226313239825952,163.42808573549564,38.09229798003842,test
365_56,36.5,5.6000000000000005,2025-10-13,2025,286,1,positive,2,6.01,24.0,11.6,17.5,33,58,9.3,4.7,0.1,1.98,2.000000000000032,37.5,2.0,21.942857142857143,39.285714285714285,90.84276796587598,36.86239251136882,719.4254109440251,7.727308769072801,65.35325263742035,21.238157812109016,test
364_49,36.4,4.9,2025-07-11,2025,192,1,positive,1,7.16,32.8,16.9,25.1,20,50,12.8,5.8,0.0,3.96,0.3000000000000213,3.5999999999999996,8.0,31.842857142857138,28.571428571428573,95.38960074827935,322.2149252177567,484.1487832983137,17.40270908990777,319.7098719583219,56.59352227052521,test
365_29,36.5,2.9000000000000004,2025-08-29,2025,241,1,positive,1,0.42,31.5,21.2,25.4,33,45,17.6,8.7,0.0,3.11,0.0,0.0,35.0,37.300000000000004,23.571428571428573,94.30947017653274,282.1905305900534,929.3778593136409,19.11123908907826,320.83794814010275,59.94267345113611,test
361_12,36.1,1.2000000000000002,2025-06-23,2025,174,1,positive,2,2.74,40.7,23.7,31.2,8,25,24.2,9.6,0.0,6.96,0.0,0.10000000000000356,31.0,39.17142857142857,12.571428571428571,99.16903917410117,323.7922654749317,620.7936788195668,51.13628293931375,322.4560703901776,107.01557513240361,test
362_66,36.2,6.6000000000000005,2025-07-24,2025,205,1,positive,1,137.74,40.8,22.1,31.9,8,30,24.6,9.7,0.0,7.09,0.0,1.6999999999999929,22.0,40.17142857142857,10.0,99.5117545814039,465.24172828814875,705.6704483959762,54.550637092487584,460.8424284553525,111.16961717557253,test
364_90,36.4,9.0,2025-09-16,2025,259,1,positive,1,3.96,35.6,21.2,27.3,20,48,16.4,6.6,0.0,4.65,13.100000000000009,22.9,6.0,31.47142857142857,36.57142857142857,95.88496464864396,71.40214724563064,921.235433171446,22.317434885009302,119.6248933754384,56.826615880013065,test
366_32,36.6,3.2,2025-07-09,2025,190,1,positive,1,1.38,31.4,21.3,26.5,51,70,15.9,6.0,0.0,2.24,0.1,0.0999999999999858,46.0,32.51428571428572,46.0,90.70128084583163,260.38913721755364,504.0185990446496,10.560755806665675,259.46317137357045,41.10793612079188,test
365_16,36.5,1.6,2025-08-31,2025,243,1,positive,1,8.82,31.7,20.8,26.1,26,41,11.5,6.8,0.0,3.26,0.0,0.0,37.0,32.199999999999996,26.428571428571427,93.96161133647789,244.56396055678772,1001.5722690735611,13.393451788200755,303.72125048075765,48.04062783755567,test
367_78,36.7,7.800000000000001,2025-10-12,2025,285,1,positive,1,3.02,29.8,18.8,23.2,34,64,18.6,5.8,0.4,2.76,0.9999999999999895,32.0,9.0,27.599999999999998,39.285714285714285,91.95874177947859,63.78162851768765,973.794335986834,14.467965645025062,109.61442908983824,41.80966535363296,test
368_45,36.800000000000004,4.5,2025-07-19,2025,200,1,positive,2,12.45,35.3,23.6,29.3,20,28,15.8,8.7,0.0,4.54,0.2,0.8000000000000143,56.0,32.51428571428571,35.42857142857143,96.37222684058077,278.33405236840093,534.3897826560353,23.126369290595537,277.2788987409859,67.10353206924033,test
367_56,36.7,5.6000000000000005,2025-07-05,2025,186,1,positive,1,1.11,28.4,20.7,24.7,63,74,10.5,5.0,0.0,1.26,3.000000000000014,2.999999999999986,2.0,28.442857142857147,64.57142857142857,85.84288256916653,104.50352783662885,392.84087969057794,4.020823932810992,125.52599504682388,18.4011825563558,test
341_59,34.1,5.9,2025-08-11,2025,223,1,positive,2,0.65,38.4,27.4,32.6,20,29,14.7,8.3,0.3,5.4,0.3,0.7000000000000035,40.0,37.9,19.0,97.68563045498105,505.9249651363031,1445.6712698104923,26.076546317405672,539.6831506190887,72.42628861131315,test
362_78,36.2,7.800000000000001,2025-10-26,2025,299,1,positive,1,9.76,29.4,15.2,21.0,12,46,26.8,19.8,0.0,3.59,0.5999999999999929,38.599999999999994,7.0,25.1,31.857142857142858,96.76219540114745,30.68403497445214,665.8159662468466,42.42215538131955,55.02815771522944,60.04522195533291,test
361_70,36.1,7.0,2025-07-11,2025,192,1,positive,1,0.52,30.3,14.3,22.4,20,47,16.5,6.8,0.0,3.42,1.8999999999999928,3.7,1.0,29.914285714285715,26.142857142857142,94.8793966357702,322.44609787337595,529.7462765573218,19.556178107415796,320.36410367586166,60.78978021060438,test
362_37,36.2,3.7,2025-06-29,2025,180,1,positive,1,1.23,31.9,18.5,24.7,23,43,17.6,8.9,0.0,3.6,0.0,5.199999999999999,24.0,34.34285714285714,19.428571428571427,94.6992029703072,265.5162533356828,406.6135953333298,20.16553673740054,263.7162294554443,61.662195045125834,test
361_12,36.1,1.2000000000000002,2025-08-22,2025,234,1,positive,1,3.63,38.0,20.5,27.3,13,54,22.8,4.7,0.0,5.75,0.0,0.20000000000000356,91.0,38.957142857142856,14.714285714285714,97.80235677805419,775.3972428869317,1247.7416788195667,39.831271372296,766.3878428878083,92.87394336364284,test
367_73,36.7,7.300000000000001,2025-08-30,2025,242,1,positive,1,8.65,32.2,23.1,26.7,34,59,17.1,9.9,0.0,3.18,0.39999999999998936,0.4,106.0,37.5,23.142857142857142,94.09993698848646,648.3593152714752,1035.014996259571,18.103622766181577,641.543005800077,58.083198234885515,test
363_7,36.300000000000004,0.7000000000000001,2025-08-14,2025,226,1,positive,1,1.62,29.7,21.9,25.9,48,58,23.1,11.4,0.0,2.01,0.0,0.4,83.0,28.900000000000002,46.0,91.022592423618,381.46914081321916,922.7234349603438,15.891386721291099,381.25326636671383,53.57264506688437,test
366_80,36.6,8.0,2025-08-27,2025,239,1,positive,15,42.11,43.7,27.0,34.0,13,28,14.8,9.6,0.0,7.79,0.0999999999999929,2.7999999999999865,11.0,35.542857142857144,30.857142857142858,98.64011833467303,188.22677902965808,942.8088026239153,29.71954442258639,251.11774294109685,77.65335813818945,test
365_55,36.5,5.5,2025-10-22,2025,295,1,positive,1,4.38,19.1,10.7,13.9,53,78,13.4,5.1,0.2,1.04,7.299999999999998,60.29999999999998,4.0,16.842857142857145,53.142857142857146,87.58534431150717,21.36124282388426,636.9878064517893,5.957099935030483,39.417816611352045,13.343383835823246,test
364_29,36.4,2.9000000000000004,2025-06-22,2025,173,1,positive,26,13.37,31.3,21.0,25.7,26,35,12.3,5.6,0.0,3.28,0.0,2.8,29.0,29.414285714285715,33.0,93.88331122756793,171.9565779967842,303.51400000000007,13.793782081411916,171.256949699,46.61407399057305,test
368_41,36.800000000000004,4.1000000000000005,2025-07-15,2025,196,1,positive,2,2.82,31.8,23.5,28.2,41,57,15.3,6.8,0.0,2.49,0.0999999999999858,0.4000000000000141,52.0,32.957142857142856,37.285714285714285,93.04409392788942,285.04168449863363,536.988188546249,14.273575179155937,283.8703636818621,49.9276693644435,test
369_70,36.9,7.0,2025-08-06,2025,218,1,positive,1,3.98,28.8,19.9,24.8,45,66,13.2,6.3,0.0,2.19,0.0,1.6,12.0,28.571428571428573,44.714285714285715,91.14404611389561,356.3847129865843,745.7219573708178,9.817952716730698,355.3411903149134,39.46579663781503,test
353_14,35.300000000000004,1.4000000000000001,2025-06-25,2025,176,1,positive,1,0.91,36.0,24.1,29.6,13,23,22.4,14.4,0.0,5.17,0.0,2.8999999999999932,21.0,34.857142857142854,10.285714285714286,98.84059831295673,295.1743857346299,451.6311133197119,44.74525351368122,293.05925774892233,99.01693711097147,test
355_-6,35.5,-0.6000000000000001,2025-06-20,2025,171,1,positive,1,0.54,37.5,22.9,29.5,18,36,15.6,8.0,0.0,5.29,0.0,0.1,36.0,35.4,31.285714285714285,96.64460991433587,249.2006701188639,481.4441111117815,23.74869100693465,248.3265114753923,67.90116995832109,test
363_47,36.300000000000004,4.7,2025-07-24,2025,205,1,positive,1,17.23,40.4,24.5,31.1,7,29,23.3,8.5,0.0,7.0,0.0999999999999929,9.400000000000007,12.0,39.75714285714286,9.428571428571429,99.49535290902017,222.1418087264104,643.83446979339,50.98329729200774,238.53213236783364,105.9114127277594,test
352_5,35.2,0.5,2025-08-31,2025,243,1,positive,1,0.77,39.1,17.5,27.5,8,25,17.6,5.7,0.0,6.45,0.39999999999998936,0.5000000000000071,100.0,35.957142857142856,13.857142857142858,98.95615729947461,802.5858213505351,1248.5299626976148,35.66589094023959,792.338032541263,87.10683393318094,test
368_35,36.800000000000004,3.5,2025-06-10,2025,161,1,positive,1,1.2,29.8,19.5,24.9,52,74,14.5,6.3,0.0,1.99,0.0,89.60000000000001,18.0,28.185714285714287,62.42857142857143,88.49794574788692,82.40467974265113,202.039524541448,7.176291560829025,82.38697073668354,22.740916832605695,test
349_-14,34.9,-1.4000000000000001,2025-09-11,2025,254,1,positive,1,0.77,29.2,19.3,23.0,28,43,14.4,8.6,0.0,2.92,22.70000000000001,30.19999999999998,2.0,30.171428571428574,30.857142857142858,92.79480224192308,69.85450784386079,797.5390557186464,13.172253688965336,114.61245059818806,40.08602830204063,test
369_45,36.9,4.5,2025-08-29,2025,241,1,positive,4,7.85,30.1,21.6,26.0,37,56,20.5,11.8,0.0,2.62,0.1999999999999716,0.2,35.0,34.82857142857143,35.42857142857143,93.08234936250658,229.13125622287987,882.8004849765865,18.649006606091607,277.9241635793976,58.887568389358606,test
355_-7,35.5,-0.7000000000000001,2025-06-22,2025,173,1,positive,1,0.38,38.8,23.3,30.3,17,31,19.9,8.2,0.0,5.7,0.0,0.0,38.0,36.84285714285714,22.571428571428573,97.65802331821101,268.54829926896775,498.80798571346736,33.764339964926904,267.4245971377407,83.9107527881676,test
365_88,36.5,8.8,2025-08-24,2025,236,1,positive,1,0.49,36.7,19.2,27.7,24,55,12.7,4.8,0.0,4.71,0.0,0.8,94.0,36.55714285714286,25.285714285714285,95.22540326882392,691.3807883025297,1145.336366211071,16.931520877778976,684.40899228016,55.739337850810855,test
366_70,36.6,7.0,2025-10-26,2025,299,1,positive,1,46.81,29.4,16.9,22.6,20,47,19.9,14.6,0.3,3.27,0.4999999999999929,51.4,8.0,26.4,34.57142857142857,94.96244671043127,28.878826876210148,712.3925689259895,23.476606615287242,52.44285858208066,40.531077794817755,test
358_6,35.800000000000004,0.6000000000000001,2025-10-04,2025,277,1,positive,1,0.42,33.1,18.2,24.7,21,43,14.3,2.8,0.0,3.98,0.19999999999998758,5.199999999999988,25.0,31.457142857142856,27.142857142857142,95.25564460677172,224.1240096274829,1499.6416845842364,18.42911449961684,326.3238705467716,58.63559004396025,test
347_58,34.7,5.800000000000001,2025-08-27,2025,239,1,positive,4,6.86,43.2,30.9,37.0,12,22,22.0,14.0,0.0,7.59,0.0,0.0,56.0,40.714285714285715,14.714285714285714,98.77365765518763,603.5370113410877,1554.1652502325235,43.470519783870586,612.4674294420221,97.67403579043912,test
352_82,35.2,8.200000000000001,2025-10-13,2025,286,1,positive,1,0.63,22.9,10.3,16.7,32,59,10.0,5.6,0.0,1.89,0.0,30.7,16.0,21.857142857142858,33.857142857142854,91.13758208650086,76.73265306420735,921.7073922620942,8.348187355861215,127.02752570719775,30.88786572817123,test
360_62,36.0,6.2,2025-08-16,2025,228,1,positive,3,1.18,30.2,18.1,24.5,25,40,23.2,10.8,0.0,3.23,0.0,2.2000000000000144,22.0,31.771428571428572,18.428571428571427,95.61083894221899,282.18913599908433,898.6233307657963,30.289663940092925,316.1677534292988,79.01181705088787,test
364_85,36.4,8.5,2025-09-21,2025,264,1,positive,1,0.55,32.6,18.4,25.1,26,48,7.8,4.2,0.0,3.61,0.0,10.700000000000014,11.0,31.985714285714288,27.142857142857142,94.46008534138747,133.95798380274516,1162.7837557021105,11.908298018018876,208.00745304136137,43.70337709555327,test
361_55,36.1,5.5,2025-06-20,2025,171,1,positive,1,0.64,29.0,14.0,21.5,22,48,18.0,10.2,0.0,3.09,0.5999999999999822,8.600000000000001,16.0,31.742857142857144,15.571428571428571,95.78069295940632,192.89932128694835,360.57181627011863,23.85160686837123,192.21534943727283,66.59249071170686,test
368_77,36.800000000000004,7.7,2025-07-30,2025,211,1,positive,1,1.97,31.2,20.2,25.5,31,50,14.4,8.5,0.0,3.15,0.3000000000000107,1.2999999999999858,41.0,33.25714285714286,31.857142857142858,94.16311600442826,416.8821549409281,859.4317821306748,15.939515792089047,415.4337058715116,53.685486603365526,test
363_88,36.300000000000004,8.8,2025-09-13,2025,256,1,positive,1,7.83,29.1,15.5,21.6,28,61,10.3,4.3,0.0,2.89,12.799999999999992,18.0,3.0,29.62857142857143,34.285714285714285,92.61550415898242,78.85390858029827,923.1344175367755,10.44711339649081,129.95583147932606,36.15088262041539,test
366_55,36.6,5.5,2025-09-15,2025,258,1,positive,1,3.92,28.7,16.8,22.5,32,58,7.9,5.2,0.0,2.48,22.60000000000003,27.9,5.0,26.0,39.142857142857146,92.35268608266891,52.96494817545843,687.9798943160374,8.92084276800262,88.83267435268262,27.516092588071622,test
366_53,36.6,5.300000000000001,2025-07-14,2025,195,1,positive,2,6.76,32.6,21.0,26.5,36,62,13.3,4.6,0.0,2.76,0.10000000000001422,0.1999999999999858,51.0,27.4,55.857142857142854,91.80492219239788,179.61262706099697,469.56637490093317,10.838428628263957,183.62777939829837,40.4584279615722,test
363_82,36.300000000000004,8.200000000000001,2025-07-19,2025,200,1,positive,3,49.34,38.9,19.8,28.7,10,29,16.9,8.3,0.0,6.21,0.29999999999999316,1.3000000000000143,44.0,34.8,21.285714285714285,98.52099347799685,358.91651026919715,633.8511648896814,32.52518456234159,356.8706920642419,82.47991333440275,test
361_59,36.1,5.9,2025-09-19,2025,262,1,positive,1,1.28,29.8,15.7,22.5,25,60,9.4,5.2,0.0,3.13,0.0,10.5,9.0,32.128571428571426,19.0,95.54293001945523,127.55132712833979,1177.362314217331,14.972068789770468,200.73525938771846,50.30585651054528,test
366_61,36.6,6.1000000000000005,2025-10-04,2025,277,1,positive,2,12.79,23.7,14.7,18.6,54,74,7.2,2.6,0.3,1.35,12.399999999999972,58.1,1.0,23.47142857142857,50.0,84.77827782843633,16.339957823594563,682.3726020283887,2.938240385289313,30.834050626834408,6.314969062619146,test
354_89,35.4,8.9,2025-07-24,2025,205,1,positive,2,88.14,38.0,26.7,32.5,10,17,23.7,14.6,0.0,5.87,0.0,19.000000000000004,21.0,38.114285714285714,9.857142857142858,99.53907168531475,200.04136793665054,664.9532802643342,52.31669224108654,228.3462492185016,107.19377259122477,test
345_68,34.5,6.800000000000001,2025-08-24,2025,236,1,positive,1,4.02,38.8,26.7,33.2,21,36,16.4,8.0,0.0,5.47,0.0,0.0,92.0,40.68571428571429,13.857142857142858,97.35278918777318,825.7677419827847,1492.161419142815,27.180485377718767,818.3426547355106,74.23695782906856,test
364_29,36.4,2.9000000000000004,2025-06-25,2025,176,1,positive,2,2.64,31.8,23.0,26.5,29,48,12.7,6.8,0.0,3.25,0.0,0.9,32.0,30.642857142857142,28.714285714285715,94.57039885888264,191.0283568347842,331.09600000000006,15.47682736120141,190.1815763724456,50.999695249000034,test
355_86,35.5,8.6,2025-10-22,2025,295,1,positive,1,5.41,22.0,11.4,15.7,42,62,11.7,5.8,0.0,1.53,12.400000000000004,40.400000000000006,3.0,19.82857142857143,42.142857142857146,90.35335222600179,32.12364053550207,864.8868712828568,8.131855908208443,58.78847511358994,20.847016398963795,test
365_55,36.5,5.5,2025-10-26,2025,299,1,positive,1,6.49,21.3,10.8,15.0,31,62,14.3,7.9,0.0,1.74,0.19999999999999823,34.09999999999998,8.0,20.657142857142855,39.42857142857143,92.86738020075161,30.567143463884264,655.6618064517893,13.240188609446772,54.75280753372351,28.293689732442555,test
355_-3,35.5,-0.30000000000000004,2025-10-11,2025,284,1,positive,1,0.67,28.3,17.3,21.4,29,66,20.5,9.0,0.5,2.74,3.4000000000000106,4.299999999999997,1.0,28.77142857142857,29.857142857142858,92.3499997824567,138.00292002804375,1343.3854705608064,16.82600786936355,219.60662339410786,54.590644215092084,test
365_29,36.5,2.9000000000000004,2025-08-02,2025,214,1,positive,1,3.04,32.3,21.0,26.4,39,65,13.5,6.6,0.0,2.9,0.0,9.199999999999992,8.0,31.571428571428573,35.714285714285715,91.95771524609822,128.2193877620534,674.7678593136411,11.187563241001778,173.85090409212424,40.897424177374404,test
355_-6,35.5,-0.6000000000000001,2025-08-12,2025,224,1,positive,1,0.52,38.7,21.2,28.9,15,35,18.3,7.8,0.0,5.71,0.0,0.8,89.0,36.82857142857143,27.0,97.42369073965558,566.3385189628636,1006.6101111117815,30.194845470027044,562.1588426204906,79.00571435902687,test
364_29,36.4,2.9000000000000004,2025-08-27,2025,239,1,positive,1,8.06,37.5,24.3,29.7,17,43,15.7,8.0,0.7,5.32,0.9999999999999574,1.6,33.0,34.2,22.857142857142858,96.75147683533854,253.56083714073145,842.3564578589535,24.213363874340104,289.3647708564057,69.0555164658896,test
367_89,36.7,8.9,2025-08-01,2025,213,1,positive,2,1.33,31.9,18.6,24.1,31,55,11.6,4.5,0.0,3.26,1.2999999999999983,2.0000000000000004,6.0,27.285714285714285,41.57142857142857,92.76375497109963,356.27434789481197,668.1388375161796,11.389162533791325,354.5963373384602,43.421472796265974,test
367_31,36.7,3.1,2025-06-23,2025,174,1,positive,1,1.69,29.9,20.4,25.2,41,70,16.7,9.8,0.0,2.46,0.0,0.0,30.0,29.900000000000002,40.57142857142857,91.97151738674653,156.48881609557,433.70974764654267,13.17080900421145,164.54869586802482,44.89771315939128,test
363_79,36.300000000000004,7.9,2025-10-13,2025,286,1,positive,1,4.27,25.7,13.7,19.3,32,55,8.5,5.1,0.0,2.25,5.999999999999964,58.00000000000001,3.0,23.7,38.0,91.80650298030375,19.83015611436052,652.4294489793587,8.511770037603082,36.85951179598127,16.92160227358894,test
347_59,34.7,5.9,2025-08-08,2025,220,1,positive,1,10.42,38.4,28.1,33.4,18,26,13.6,9.0,0.0,5.45,0.0,0.0,76.0,39.08571428571429,18.0,97.51795346657202,743.3203340954602,1395.0670356665482,24.12777268688836,737.8041055696929,69.13990862895645,test
366_66,36.6,6.6000000000000005,2025-09-13,2025,256,1,positive,2,7.2,33.1,16.6,24.1,24,60,13.4,6.1,0.0,3.84,13.800000000000008,20.000000000000014,3.0,30.75714285714286,31.428571428571427,94.45556484351543,66.74327166440602,872.3741598588722,15.780835894518829,112.05406790820517,44.60205149810456,test
358_-3,35.800000000000004,-0.30000000000000004,2025-08-26,2025,238,1,positive,2,7.16,36.3,24.6,29.0,35,62,16.3,8.1,0.0,3.87,0.6999999999999946,0.6999999999999964,32.0,32.871428571428574,33.142857142857146,94.10206418776832,287.37868981622194,1171.0026481415198,17.39346425255151,356.2108746174493,56.63000740211801,test
357_49,35.7,4.9,2025-07-27,2025,208,1,positive,1,0.83,33.9,19.7,26.6,15,41,17.8,9.1,0.0,4.49,0.0,5.699999999999999,15.0,39.67142857142857,10.428571428571429,96.76431194691558,231.23234673188978,893.1269236400614,26.96243237301997,280.7486961672203,73.58422963896507,test
366_57,36.6,5.7,2025-07-21,2025,202,1,positive,2,7.3,32.7,22.5,27.6,15,44,23.1,8.3,0.0,4.19,0.8000000000000214,6.700000000000007,18.0,30.942857142857143,32.857142857142854,96.49078759560449,174.2539096675274,530.7319057114576,33.946324725164345,191.40169354137225,82.09774181611039,test
352_85,35.2,8.5,2025-07-15,2025,196,1,positive,3,1.62,36.0,24.1,30.1,13,26,25.2,13.3,0.0,5.11,0.4000000000000071,5.4000000000000075,12.0,33.4,19.428571428571427,98.16441209899668,187.63500899611168,556.723992677209,47.152532236435924,203.66492251217045,100.05342590892559,test
365_67,36.5,6.7,2025-07-04,2025,185,1,positive,1,0.33,32.1,18.4,25.1,28,61,15.3,7.1,0.0,3.37,1.3000000000000211,1.300000000000014,41.0,33.07142857142857,29.285714285714285,93.515433097624,270.6605997625218,430.5270379180007,15.244806111059065,268.9467071437897,51.940250703902336,test
366_55,36.6,5.5,2025-08-19,2025,231,1,positive,1,2.03,34.8,21.9,28.0,15,27,14.0,5.6,0.0,4.68,0.10000000000002843,12.8,24.0,29.314285714285713,26.142857142857142,96.85185680818455,141.7762452079278,694.5399515433171,22.52649660971294,187.74278533504878,64.12380073134639,test
355_62,35.5,6.2,2025-07-20,2025,201,1,positive,2,14.67,34.9,23.1,29.3,12,18,27.2,18.2,0.0,4.88,0.0,6.800000000000001,17.0,32.98571428571429,16.142857142857142,97.59634213650175,206.45204681584664,632.7994153015442,48.37931341870252,227.4164443256421,102.4909140568664,test
346_-24,34.6,-2.4000000000000004,2025-06-01,2025,152,1,positive,1,3.97,35.6,17.2,26.4,9,27,22.4,8.4,0.0,5.28,0.0,28.799999999999994,9.0,33.9,11.428571428571429,98.36207012849812,147.2935611974186,405.3841184909466,42.02644632253641,154.3668032728338,89.49638994188982,test
350_-22,35.0,-2.2,2025-08-12,2025,224,1,positive,1,0.9,30.9,21.1,26.2,38,61,16.4,7.0,0.0,2.75,0.0,2.7,18.0,29.08571428571429,57.0,91.11291909971511,170.4341603104931,960.209462563048,11.484854312062804,236.10055523097003,43.165477908946386,test
367_42,36.7,4.2,2025-08-14,2025,226,1,positive,2,7.97,36.2,20.2,28.4,22,46,15.2,6.2,0.0,4.59,0.0,1.1999999999999857,42.0,36.01428571428571,24.285714285714285,95.84628868037923,535.4029256335625,950.6639485373398,20.898081096787397,531.5786805910234,63.39862884933432,test
366_31,36.6,3.1,2025-08-17,2025,229,1,positive,2,6.54,37.6,22.0,29.7,20,35,12.6,6.0,0.0,5.19,0.0,6.5,23.0,34.142857142857146,29.142857142857142,96.18546453584254,208.5258267561247,820.5163929253662,19.192830468191683,255.02297133644677,59.74959302836806,test
366_72,36.6,7.2,2025-10-23,2025,296,1,positive,1,1.39,26.5,15.6,20.6,44,69,17.1,11.8,0.0,1.9,15.600000000000014,50.1,4.0,24.128571428571426,47.42857142857143,89.83992245604837,25.15324165833062,757.6986165388909,9.91825718273771,46.45137937043607,21.30085957708005,test
363_74,36.300000000000004,7.4,2025-07-07,2025,188,1,positive,1,0.33,34.0,21.6,26.8,23,48,16.4,10.1,0.0,4.07,2.900000000000014,2.8999999999999995,4.0,31.914285714285715,29.285714285714285,94.93618545194362,177.53802307495243,442.24902122542744,19.610005560329558,177.5303942864586,58.41368338264809,test
363_65,36.300000000000004,6.5,2025-10-12,2025,285,1,positive,1,1.61,24.4,13.2,18.6,33,64,8.5,4.1,0.1,2.03,6.499999999999989,46.299999999999976,1.0,23.071428571428573,35.857142857142854,89.04133419789031,29.55602614887086,724.0079291362157,5.734187806814062,53.637927235859834,15.330543220587172,test
344_79,34.4,7.9,2025-08-19,2025,231,1,positive,1,2.93,35.6,23.4,30.3,20,35,17.5,12.2,0.0,4.63,0.0,0.0,87.0,35.628571428571426,18.0,97.49350777597901,672.6235141136488,1247.5192179532633,29.272184427724,667.7584057545562,77.57179467578871,test
364_79,36.4,7.9,2025-09-01,2025,244,1,positive,5,34.52,36.7,21.5,26.7,20,48,17.5,8.6,0.0,4.96,1.7999999999999983,3.200000000000002,4.0,33.98571428571429,24.714285714285715,96.0620238591599,195.99923625207083,932.848284589138,24.161666944081826,257.00251903912414,68.71389437384991,test
365_20,36.5,2.0,2025-08-29,2025,241,1,positive,4,2.36,28.4,20.7,23.6,35,53,24.7,14.3,0.0,2.27,0.0,0.5,35.0,32.94285714285714,28.714285714285715,93.31810011418969,241.03182056544813,883.5887288999936,23.816634376011876,286.60684362464485,68.3591580324641,test
366_22,36.6,2.2,2025-08-18,2025,230,1,positive,1,6.13,38.4,24.4,30.6,18,32,8.1,4.6,0.0,5.56,0.0,8.399999999999999,24.0,31.72857142857143,41.714285714285715,96.68596464628976,172.0068485644944,824.8440183004127,16.36513616406942,226.1267253486391,53.78517261602654,test
366_68,36.6,6.800000000000001,2025-10-25,2025,298,1,positive,2,10.14,32.6,15.6,22.7,20,56,12.8,7.0,0.0,3.95,1.2999999999999645,50.199999999999974,6.0,27.400000000000002,39.714285714285715,95.15552463468534,32.94497298824326,794.8007324029131,16.855305830417834,59.703119575992496,34.69768604516809,test
361_8,36.1,0.8,2025-07-26,2025,207,1,positive,1,12.84,32.4,19.2,25.0,23,52,16.9,11.9,0.0,3.75,0.10000000000000533,0.0999999999999929,64.0,33.92857142857143,30.857142857142858,94.52001024226848,510.93711938907063,900.9464619129784,18.99246800289658,507.32279279665937,59.81227706069989,test
367_38,36.7,3.8000000000000003,2025-07-17,2025,198,1,positive,1,25.8,33.3,17.8,25.9,26,58,13.0,5.3,0.0,3.64,1.6,1.899999999999993,1.0,32.628571428571426,31.428571428571427,93.95725351508631,195.92720130724862,627.6284864178532,14.436312684809826,220.09016796698947,49.63178718615004,test
367_62,36.7,6.2,2025-08-08,2025,220,1,positive,1,12.81,36.1,19.7,27.2,18,43,13.5,7.2,0.0,4.9,0.0,4.199999999999972,14.0,31.428571428571427,25.571428571428573,96.43655022395356,189.6020236442135,732.5543533422834,20.774750370844746,230.23116207881992,62.350336219979454,test
362_37,36.2,3.7,2025-08-06,2025,218,1,positive,1,2.33,34.8,20.3,26.9,12,24,19.6,6.4,0.0,4.89,0.0,8.0,14.0,33.98571428571429,18.857142857142858,97.57574592638728,268.9121016208372,759.0144028560926,32.8968041877963,285.2077414631329,82.79048196337793,test
363_55,36.300000000000004,5.5,2025-07-19,2025,200,1,positive,2,20.21,36.0,21.4,28.3,12,24,25.0,13.4,0.0,5.2,0.0,4.5,10.0,33.285714285714285,17.428571428571427,97.74237452920828,346.88744354092745,560.685861035785,44.148998624148774,344.46747091469996,98.45794375506705,test
359_3,35.9,0.30000000000000004,2025-06-20,2025,171,1,positive,1,0.43,34.4,23.0,28.6,17,27,18.2,10.3,0.0,4.44,0.0,4.5,28.0,34.68571428571429,29.285714285714285,96.35350314895857,227.67171199971497,526.2630816366283,26.033569767772565,227.43742724584453,71.37054973195396,test
365_51,36.5,5.1000000000000005,2025-10-21,2025,294,1,positive,1,7.03,21.1,10.2,14.7,43,74,11.6,7.0,0.0,1.41,13.80000000000002,57.0,3.0,18.242857142857144,53.142857142857146,88.6892561853738,18.77050590677401,581.6653093706766,6.3732572188721255,34.73846158465244,13.138548027464825,test
366_65,36.6,6.5,2025-10-26,2025,299,1,positive,1,10.58,25.4,12.1,17.0,26,62,13.3,7.5,0.0,2.4,0.3000000000000142,53.00000000000001,7.0,23.514285714285712,40.42857142857143,92.87936250645579,23.41081297216675,598.5300386945206,12.61072050008755,42.65101285680188,24.19822495739355,test
363_40,36.300000000000004,4.0,2025-10-16,2025,289,1,positive,1,3.96,23.2,14.6,18.2,43,74,14.7,6.9,0.3,1.6,1.500000000000007,25.999999999999996,10.0,25.74285714285714,34.57142857142857,90.16409384548751,96.09776761880455,1028.4846751257608,9.206207057558636,155.80171017387886,35.15164392419755,test
362_56,36.2,5.6000000000000005,2025-07-30,2025,211,1,positive,1,0.23,28.6,13.3,19.7,28,56,22.1,8.8,0.0,2.81,0.30000000000000016,5.800000000000001,20.0,28.942857142857143,26.571428571428573,93.13096987653375,437.18403487335223,704.0514285606729,20.352824082535687,433.6647283548062,62.38211273051427,test
355_-6,35.5,-0.6000000000000001,2025-08-28,2025,240,1,positive,1,0.5,31.3,24.0,27.3,27,44,31.6,24.0,0.0,3.25,0.0,0.0,105.0,35.57142857142857,25.857142857142858,94.39800711019177,661.9781380448635,1159.9561111117814,39.17178391274059,656.3549468913981,91.98122355833989,test
344_59,34.4,5.9,2025-09-13,2025,256,1,positive,1,1.06,33.4,23.6,29.1,30,41,15.6,8.7,0.0,3.61,0.0,0.4,112.0,36.17142857142857,23.428571428571427,94.9643675277543,945.8729271575465,1638.5698470752782,18.908105600273412,935.3726163527847,59.6510600716652,test
365_28,36.5,2.8000000000000003,2025-10-29,2025,302,1,positive,1,1.47,27.7,14.1,21.5,36,57,14.9,9.2,0.1,2.34,19.20000000000002,40.399999999999984,2.0,27.814285714285717,37.0,90.17722101568359,30.262291321378008,684.6669643401228,9.316947746090882,54.50209847333197,22.098053375979454,test
365_86,36.5,8.6,2025-08-12,2025,224,1,positive,2,1.62,33.5,18.0,25.5,25,58,17.8,8.1,0.0,3.84,0.0,0.6999999999999997,54.0,35.214285714285715,21.714285714285715,95.42750675422631,542.1559440700601,947.5170864167475,22.505124680032516,538.0756023910512,66.30407013730007,test
347_53,34.7,5.300000000000001,2025-06-29,2025,180,1,positive,1,2.67,38.6,26.7,33.1,16,23,20.6,9.4,0.0,5.7,0.0,0.0,36.0,40.44285714285714,13.142857142857142,98.61179840650931,387.8731448482673,869.6677619572349,39.66059762610401,387.14248851575616,92.61202593897616,test
359_60,35.9,6.0,2025-07-16,2025,197,1,positive,1,0.91,31.5,19.7,24.8,32,62,19.1,10.1,0.0,3.01,2.9,12.1,6.0,34.74285714285715,19.428571428571427,94.62508292458094,138.37902860313952,689.1658438291428,21.52825537655162,184.26212742009986,62.21186056333516,test
368_77,36.800000000000004,7.7,2025-06-26,2025,177,1,positive,1,3.05,36.7,21.6,29.2,30,57,7.4,4.2,0.0,4.3,0.0,1.9999999999999858,7.0,35.27142857142857,26.571428571428573,95.65310607682787,211.82414443092807,519.3797821306747,13.741089613200273,211.77177244246064,47.94567323804876,test
359_72,35.9,7.2,2025-09-20,2025,263,1,positive,1,2.2,29.5,17.3,23.5,27,51,13.6,6.9,0.0,2.98,0.0,8.8,10.0,31.2,20.142857142857142,95.02154077064586,134.72905319088358,1079.173975059569,17.229847101774837,205.36219799227308,55.04078587932244,test
366_27,36.6,2.7,2025-08-29,2025,241,1,positive,1,5.26,30.0,21.1,24.7,35,51,27.4,11.6,0.0,2.62,0.0,0.30000000000000004,35.0,34.58571428571428,26.0,93.62391365127625,282.01701888868655,1038.8301602578254,28.476013679731853,335.9967544316939,76.23008501478594,test
361_89,36.1,8.9,2025-10-05,2025,278,1,positive,1,16.71,27.0,13.7,19.4,33,67,15.5,11.4,0.0,2.39,3.600000000000007,31.3,3.0,24.11428571428571,39.57142857142857,91.3738077064862,80.65963061200905,919.8016006115956,11.390616169481566,132.31229665983264,38.49123013888267,test
366_36,36.6,3.6,2025-08-31,2025,243,1,positive,6,34.97,35.5,17.7,25.6,13,40,14.2,7.4,0.0,4.98,0.9,1.0,37.0,35.3,18.428571428571427,97.36616747945958,338.45456405882425,941.6509268275111,24.3716707237947,356.5368736466513,69.50840618316575,test
365_88,36.5,8.8,2025-07-27,2025,208,1,positive,2,1.03,31.4,20.8,25.7,34,56,21.6,12.8,0.0,3.05,0.599999999999968,1.1,66.0,39.628571428571426,18.714285714285715,93.42705201581654,524.8433418505298,878.8383662110709,20.684345043035403,520.5222160809406,63.00412158628789,test
366_62,36.6,6.2,2025-10-23,2025,296,1,positive,1,19.35,26.5,15.6,19.7,40,74,12.9,6.3,0.0,2.05,9.299999999999985,41.59999999999999,4.0,23.142857142857142,49.142857142857146,90.05784887066396,44.86843678077446,845.6057710271862,8.280995259221434,79.22724080174066,24.652147727620182,test
364_66,36.4,6.6000000000000005,2025-06-19,2025,170,1,positive,1,1.02,29.5,15.5,22.2,28,62,17.5,7.6,0.0,2.96,0.0,3.899999999999993,27.0,34.05714285714286,16.571428571428573,94.98439980603695,223.62296479028493,404.14492914779913,20.86507347891809,222.68562257697002,62.36187305544439,test
366_32,36.6,3.2,2025-09-27,2025,270,1,positive,1,1.12,28.0,15.1,20.9,24,63,7.6,4.7,0.0,2.88,8.5,25.399999999999984,2.0,27.82857142857143,45.0,92.73535833102748,87.37404105663678,887.4691391829999,9.273072755620126,140.2323312831139,34.2776635284133,test
366_46,36.6,4.6000000000000005,2025-08-07,2025,219,1,positive,3,425.41,32.3,19.0,24.5,16,25,12.9,5.2,0.0,4.06,0.0,13.399999999999988,12.0,28.18571428571428,24.285714285714285,96.2269255573901,195.55240760670847,649.3909478922344,19.594534723646095,223.12763035563836,60.02861709590181,test
363_55,36.300000000000004,5.5,2025-09-11,2025,254,1,positive,1,1.98,23.8,12.6,17.5,34,61,11.3,5.2,0.0,1.95,12.399999999999968,16.8,1.0,28.057142857142857,30.285714285714285,87.02967519809651,64.53547790319922,923.2922201921691,4.950470829643011,109.87166943723909,20.185595938444674,test
362_56,36.2,5.6000000000000005,2025-07-12,2025,193,1,positive,2,0.88,32.2,20.2,26.3,22,37,25.6,16.7,0.4,3.76,2.0,6.8,2.0,32.214285714285715,23.857142857142858,95.59414104244756,317.64045202535226,530.1894285606729,34.10594468524155,315.68085791496213,84.71168156602154,test
366_52,36.6,5.2,2025-08-15,2025,227,1,positive,1,1.94,26.3,21.7,24.5,54,68,10.6,5.5,0.0,1.44,0.0,25.200000000000003,20.0,25.014285714285716,61.42857142857143,87.56942665432041,83.29667294938125,582.9564656389977,5.161442148425814,122.74632892920941,21.846109438131673,test
366_61,36.6,6.1000000000000005,2025-10-09,2025,282,1,positive,2,4.63,24.3,14.4,18.9,49,69,6.1,3.0,0.0,1.48,4.599999999999971,56.2,3.0,22.58571428571429,49.857142857142854,88.17289849540437,23.164310986556735,706.2866020283886,4.4856218798145795,42.8178450594537,11.138055382379106,test
362_23,36.2,2.3000000000000003,2025-08-22,2025,234,1,positive,1,1.08,37.5,19.3,26.7,12,60,20.9,6.0,0.0,5.69,0.0,0.1999999999999787,50.0,38.028571428571425,13.571428571428571,97.96521565897115,502.4205269403681,1186.8742072997386,36.98229615940509,501.8441680862652,88.96131675551318,test
362_72,36.2,7.2,2025-08-29,2025,241,1,positive,1,6.94,29.9,18.9,23.5,26,57,25.1,8.8,0.2,3.0,1.2000000000000002,1.199999999999993,48.0,34.92857142857143,19.0,95.50854476445157,465.8811731547818,1019.40307757014,32.87224886168624,464.68287229466466,83.04758330390808,test
347_59,34.7,5.9,2025-10-03,2025,276,1,positive,1,0.5,28.2,17.5,23.8,29,42,14.8,6.2,0.0,2.69,1.6000000000000072,13.400000000000002,6.0,30.585714285714282,24.714285714285715,94.39679908249569,123.47013624143378,1373.9445471243905,16.797633913205015,201.63926702505375,54.0709608117955,test
368_76,36.800000000000004,7.6000000000000005,2025-09-21,2025,264,1,positive,1,3.99,36.3,21.8,28.5,23,50,12.3,3.8,0.0,4.49,0.09999999999997869,7.5,11.0,34.05714285714286,31.857142857142858,95.36257359733189,176.29365403092226,1315.43075058699,16.907295884745423,264.10059276170847,55.34902848834113,test
356_-6,35.6,-0.6000000000000001,2015-06-23,2015,174,0,matched_negative,0,,29.5,19.6,24.6,29,50,22.0,12.6,0.0,2.85,0.10000000000001422,15.3,11.0,29.871428571428574,36.42857142857143,92.81547980606955,134.89993175353294,562.8820156152954,19.37490305980441,168.714718657394,57.44341730444012,train
368_57,36.800000000000004,5.7,2021-06-26,2021,177,0,matched_negative,0,,23.7,20.4,21.9,65,80,19.8,10.0,0.0,1.0,0.7000000000000355,9.6,19.0,23.7,59.0,85.67297039012686,110.93952727724556,396.5598656286485,6.273667874490504,130.56417014981216,25.672322973453458,train
350_62,35.0,6.2,2016-10-29,2016,303,0,matched_negative,0,,15.7,5.6,10.1,25,46,13.0,6.8,0.0,1.33,0.0,5.000000000000002,24.0,21.571428571428573,20.285714285714285,93.28325502364017,80.8101850908135,818.4189749029774,13.143872651899516,129.62310617782603,41.92702168531009,train
364_82,36.4,8.200000000000001,2022-08-20,2022,232,0,matched_negative,0,,27.9,13.5,19.8,28,66,13.8,7.2,0.0,2.71,0.39999999999999825,0.7000000000000001,44.0,34.07142857142857,17.428571428571427,94.01917337738469,397.0255824647179,979.0229328968861,15.159699468589675,396.9298169378195,52.03211335168882,train
365_36,36.5,3.6,2023-07-30,2023,211,0,matched_negative,0,,34.4,23.9,29.0,42,70,16.4,7.0,0.0,3.02,0.0,0.0,46.0,37.57142857142857,29.0,92.0391246538159,370.4918757405761,705.8412211744779,13.097810745156297,368.8040922280525,47.46237111976991,train
365_36,36.5,3.6,2017-08-12,2017,224,0,matched_negative,0,,32.1,20.3,25.7,42,64,14.9,7.4,0.0,2.73,2.199999999999993,6.299999999999993,4.0,35.27142857142857,32.57142857142857,92.41127076456378,163.4094986722729,1066.0725556761013,12.799112711529483,236.27671057207175,46.24930413639577,train
344_72,34.4,7.2,2015-10-04,2015,277,0,matched_negative,0,,30.1,18.5,24.6,35,51,13.8,9.8,0.0,2.79,0.0,2.4000000000000004,28.0,29.314285714285713,28.714285714285715,93.46890154629357,283.84688859775696,1805.7307465538,14.043640440329668,407.538885725079,49.60689908965522,train
349_-13,34.9,-1.3,2015-10-04,2015,277,0,matched_negative,0,,31.0,16.7,23.6,30,54,9.9,6.5,0.0,3.13,14.400000000000007,19.2,4.0,26.428571428571427,36.0,92.97291291015803,85.77773772642828,1035.3097521139846,10.765370644220548,142.11840335010584,37.96393568869655,train
357_74,35.7,7.4,2022-10-06,2022,279,0,matched_negative,0,,23.8,12.4,17.1,39,73,13.4,5.3,0.1,1.8,5.1,42.0,1.0,25.214285714285715,34.0,88.24912010144706,38.64792489042509,831.7422925978117,6.5512429144124935,69.25124040604534,19.435914623188474,train
365_39,36.5,3.9000000000000004,2022-08-22,2022,234,0,matched_negative,0,,33.1,19.6,26.3,16,29,15.6,6.9,0.0,4.21,0.2999999999999786,0.39999999999999986,88.0,32.24285714285715,21.857142857142858,97.09385736481302,590.467537124121,944.7180034940592,25.220926606708808,584.6517311079067,70.99856169077195,train
363_21,36.300000000000004,2.1,2023-06-09,2023,160,0,matched_negative,0,,29.1,19.4,23.0,42,73,16.6,8.8,1.8,2.35,22.79999999999999,77.80000000000001,0.0,28.099999999999998,42.714285714285715,87.38020306786552,37.729193531185004,394.875457170117,6.797275077170972,60.909157902835545,18.645934791035845,train
360_50,36.0,5.0,2013-06-10,2013,161,0,matched_negative,0,,21.7,10.5,16.5,36,65,14.3,7.7,0.0,1.65,0.7,41.300000000000004,13.0,25.685714285714287,29.285714285714285,92.29093035660856,92.14947687444533,288.78702277964084,12.20907231219974,102.51766865305991,36.371266366805365,train
366_53,36.6,5.300000000000001,2020-10-16,2020,290,0,matched_negative,0,,16.5,8.2,12.1,52,74,9.5,5.4,0.1,0.9,63.40000000000001,84.10000000000001,1.0,18.5,55.42857142857143,77.96596477327651,8.388225986488862,278.634458579998,1.516161550807541,15.602200380538184,1.6390038228651884,train
363_68,36.300000000000004,6.800000000000001,2020-08-09,2020,222,0,matched_negative,0,,30.7,16.3,23.2,22,54,18.7,9.2,0.0,3.42,0.4000000000000146,2.7000000000000144,25.0,30.599999999999998,22.714285714285715,96.03708779776407,433.75945103769794,919.626718031377,25.581327630193382,432.43917486943957,71.59430579091713,train
369_44,36.9,4.4,2018-06-29,2018,180,0,matched_negative,0,,30.3,21.6,25.3,54,71,14.5,8.2,0.0,1.98,0.0,19.4,22.0,27.985714285714288,47.57142857142857,90.12875015960694,83.6767250540975,293.12435346152193,9.06789345463288,97.65835777037236,29.156127799111886,train
349_1,34.9,0.1,2017-06-26,2017,177,0,matched_negative,0,,36.8,23.4,30.0,13,27,18.2,9.4,2.4,5.36,2.999999999999996,51.6,0.0,35.285714285714285,16.428571428571427,96.2147714424223,120.42935214099816,581.8305917685741,25.55102108858149,158.7250333785894,67.10834444738896,train
343_-22,34.300000000000004,-2.2,2016-09-29,2016,273,0,matched_negative,0,,19.8,12.4,15.8,47,66,27.1,17.7,0.2,1.21,0.39999999999999825,17.4,9.0,24.88571428571429,33.714285714285715,89.82576389016685,110.2044423490782,1222.7605926001604,16.383058289078008,179.87878883553563,52.38945940552815,train
368_62,36.800000000000004,6.2,2023-08-12,2023,224,0,matched_negative,0,,28.7,21.7,25.4,54,68,14.4,7.5,0.0,1.73,0.0,6.0,8.0,30.942857142857147,40.42857142857143,90.13458922712151,136.15646535732412,585.8503160307754,9.029861072735091,172.23868727800664,35.50451407210625,train
363_45,36.300000000000004,4.5,2018-07-30,2018,211,0,matched_negative,0,,32.0,18.1,24.2,14,39,15.1,7.5,0.0,4.09,0.0,0.1,54.0,33.51428571428572,14.571428571428571,97.48177766618622,326.73105190403805,549.1013508745054,25.89742122095286,324.71788792014564,72.02340847171712,train
365_29,36.5,2.9000000000000004,2015-09-24,2015,267,0,matched_negative,0,,24.3,17.8,20.7,53,74,12.7,6.5,0.0,1.41,1.6999999999999842,38.199999999999996,5.0,27.25714285714286,47.57142857142857,89.46219138899039,67.0506481140614,893.4489874163087,7.526946136509738,112.91623938634592,27.44907205962874,train
350_-17,35.0,-1.7000000000000002,2012-09-07,2012,251,0,matched_negative,0,,25.7,16.2,20.4,56,80,14.8,6.7,0.0,1.44,0.0,0.0,109.0,26.014285714285716,36.857142857142854,89.26785131598201,501.4670823571091,1098.6139261555084,8.136979961396143,500.12957892975777,34.931284185011336,train
365_38,36.5,3.8000000000000003,2021-09-11,2021,254,0,matched_negative,0,,29.9,17.2,23.1,33,62,15.7,6.5,0.0,2.78,0.40000000000001334,5.000000000000001,8.0,33.17142857142857,22.285714285714285,93.7845348988032,143.6380522885333,1173.9984112503284,16.148553404133224,219.98767924488038,53.225249820884194,train
362_8,36.2,0.8,2019-06-09,2019,160,0,matched_negative,0,,26.2,17.2,20.4,54,81,14.0,7.5,0.0,1.55,0.0,5.600000000000007,14.0,28.785714285714285,28.714285714285715,89.93671750949183,180.42838012981022,384.6926312755632,8.602388385536509,180.0846669967602,34.67577699586755,train
357_14,35.7,1.4000000000000001,2019-07-22,2019,203,0,matched_negative,0,,36.6,24.2,29.6,15,24,10.5,6.0,0.0,5.23,0.6000000000000066,0.7999999999999999,62.0,35.75714285714286,15.857142857142858,98.52710869877569,504.82211827205117,768.9506715452527,23.57815294330612,499.84210118180766,68.18827797870684,train
344_70,34.4,7.0,2017-09-06,2017,249,0,matched_negative,0,,36.3,25.2,31.2,24,42,23.0,12.6,0.0,4.48,1.4000000000000035,1.400000000000007,1.0,37.028571428571425,21.428571428571427,95.13537579911404,1149.0569587004707,1659.2260473941446,28.103333653316465,1127.5756671916713,75.72301027503387,train
367_56,36.7,5.6000000000000005,2023-06-14,2023,165,0,matched_negative,0,,22.8,18.0,20.1,67,86,25.2,13.3,13.2,0.89,40.90000000000002,254.5,0.0,24.800000000000004,62.42857142857143,61.88443164965331,5.0086287651869945,24.697254041176727,1.6254902247727894,6.6471401953502465,0.7961515934892816,train
350_71,35.0,7.1000000000000005,2016-06-24,2016,176,0,matched_negative,0,,31.0,15.5,23.8,14,29,9.7,6.0,0.0,3.87,0.0,10.6,23.0,26.557142857142853,19.142857142857142,96.46213388979251,213.2826565170732,575.523532169619,17.213595655530906,221.42301304186378,55.40263671723428,train
364_83,36.4,8.3,2017-10-13,2017,286,0,matched_negative,0,,24.6,11.6,16.8,32,74,9.8,6.1,0.0,2.09,0.3,33.1,8.0,23.585714285714285,38.57142857142857,91.38295061321946,41.07771663436936,882.2670413666464,8.557997156997947,73.58972237511726,24.282699632586407,train
368_63,36.800000000000004,6.300000000000001,2023-06-28,2023,179,0,matched_negative,0,,36.1,19.9,26.8,32,68,9.4,6.1,0.0,4.04,0.0,86.3,13.0,29.957142857142856,48.285714285714285,93.31131338756965,69.34712761842447,184.31207993987496,11.006320957049098,71.46900547358032,28.46650676849812,train
364_26,36.4,2.6,2013-07-09,2013,190,0,matched_negative,0,,27.5,16.3,22.0,45,68,13.4,6.4,0.0,1.99,0.0,1.0,43.0,26.7,50.142857142857146,90.00582139433547,160.64837113053915,353.4041930700787,8.429235969700258,160.4109848057775,33.39832151861604,train
364_33,36.4,3.3000000000000003,2018-09-26,2018,269,0,matched_negative,0,,26.5,14.3,18.9,36,80,15.3,6.0,0.1,2.22,1.8000000000000071,44.50000000000001,6.0,26.928571428571427,40.42857142857143,91.4000170451903,42.869293198875816,778.9013486332788,11.318474300643913,75.36826127235709,29.793628277963045,train
351_72,35.1,7.2,2019-10-09,2019,282,0,matched_negative,0,,21.2,7.7,13.5,33,67,15.5,10.7,0.0,1.69,1.3999999999999964,26.699999999999996,27.0,21.642857142857142,30.571428571428573,90.05782703310153,102.73733567188526,646.9188169985907,9.440170430190394,147.08010332163246,35.18528284499248,train
364_25,36.4,2.5,2023-10-24,2023,297,0,matched_negative,0,,24.2,16.4,19.6,37,66,20.3,9.6,3.8,1.89,5.200000000000005,5.500000000000001,0.0,27.599999999999998,24.0,82.29150672291877,103.25915150801917,1214.7595188408677,4.108495914515695,170.32304597730408,20.608020197583127,train
363_66,36.300000000000004,6.6000000000000005,2021-07-18,2021,199,0,matched_negative,0,,31.1,14.4,22.6,19,52,16.2,7.9,0.0,3.62,0.0,0.8000000000000143,73.0,32.7,24.285714285714285,95.32688614093485,495.2437376353215,788.5954380406766,20.4789545980221,490.8335511450855,62.62240372594867,train
368_60,36.800000000000004,6.0,2023-06-10,2023,161,0,matched_negative,0,,23.8,17.5,20.8,68,82,11.3,5.2,0.6,0.93,31.40000000000002,289.09999999999997,1.0,23.957142857142856,71.0,82.63507989806851,10.396206422674677,51.31181286765246,2.7245509763688514,13.801607426753993,3.431898617840689,train
366_67,36.6,6.7,2023-09-11,2023,254,0,matched_negative,0,,33.9,19.8,26.6,23,43,12.8,6.7,0.0,4.0,0.0,2.5,15.0,31.87142857142857,25.714285714285715,95.42995308668952,212.45439079269866,854.6610904375702,17.498697286676233,262.05352222497635,56.51870650938378,train
369_41,36.9,4.1000000000000005,2013-06-23,2013,174,0,matched_negative,0,,23.8,17.8,21.1,74,84,16.8,9.8,0.0,0.76,5.599999999999985,20.299999999999997,1.0,24.642857142857142,61.0,77.47810695107442,41.62411436159442,210.6074613500149,2.1053856028918383,55.71812893529166,6.805144127682175,train
363_65,36.300000000000004,6.5,2022-08-02,2022,214,0,matched_negative,0,,31.6,18.0,24.3,27,54,16.7,7.9,0.1,3.32,0.3000000000000036,3.6999999999999997,26.0,35.285714285714285,21.0,95.4018837121577,295.79872597581465,789.0142636725708,21.217397893788032,305.381383539608,63.835385321423786,train
347_55,34.7,5.5,2015-09-05,2015,248,0,matched_negative,0,,41.8,26.8,35.4,12,19,12.1,7.5,0.0,7.11,0.7999999999999996,10.200000000000001,10.0,38.55714285714286,19.714285714285715,98.57833651228766,155.2299438492086,1672.6144492513527,25.73004585645883,251.99320045047207,71.29050027434363,train
345_71,34.5,7.1000000000000005,2012-10-11,2012,285,0,matched_negative,0,,32.3,21.6,27.0,30,39,14.0,9.6,0.0,3.4,0.0,0.6000000000000001,39.0,33.528571428571425,21.428571428571427,94.81642322287045,219.76243472733978,1013.295159223568,17.09309109338244,284.9990832891747,55.854090314179416,train
364_69,36.4,6.9,2019-06-24,2019,175,0,matched_negative,0,,39.2,22.5,32.0,7,14,19.1,10.6,0.0,6.52,0.0999999999999858,14.799999999999986,28.0,35.285714285714285,16.285714285714285,99.18532573973663,166.61926685093792,325.2998156581822,39.63146479136946,166.14002114575925,87.84630863812482,train
351_70,35.1,7.0,2023-08-06,2023,218,0,matched_negative,0,,30.2,15.4,23.5,27,47,13.7,6.1,0.0,3.12,0.0,0.0,54.0,34.05714285714286,19.0,95.21617179415696,443.81270784378563,778.2024087198828,17.78411759833983,440.8887666474727,57.4455013462108,train
362_78,36.2,7.800000000000001,2017-09-01,2017,244,0,matched_negative,0,,35.4,20.3,27.4,13,36,18.6,8.9,0.1,4.95,0.2999999999999965,9.899999999999993,16.0,34.6,14.142857142857142,97.6285878210059,198.87987370126032,1056.8827314143207,31.50024721705477,270.5039346969849,80.59150196913879,train
363_77,36.300000000000004,7.7,2013-06-10,2013,161,0,matched_negative,0,,24.1,9.9,17.0,31,62,17.0,8.4,0.0,2.06,1.1000000000000036,24.3,1.0,26.114285714285717,33.57142857142857,91.16710310619554,114.8212032504394,341.9952361793119,11.9290495424186,124.8498978560429,38.85708587358942,train
362_37,36.2,3.7,2013-07-18,2013,199,0,matched_negative,0,,31.0,18.0,24.4,32,64,12.2,5.4,0.0,3.0,1.599999999999996,10.6,5.0,32.22857142857143,29.571428571428573,93.29743459445056,186.39669588874733,478.0144372693421,12.649578072095032,188.7706116036439,44.862179720746504,train
365_29,36.5,2.9000000000000004,2019-08-13,2019,225,0,matched_negative,0,,30.2,23.1,25.4,60,81,19.2,11.9,4.4,1.72,4.399999999999986,4.800000000000001,0.0,35.82857142857143,24.571428571428573,79.36679716640006,104.64205430191888,736.8494755424765,2.8069380497965453,154.4495702851722,15.144094219564472,train
363_61,36.300000000000004,6.1000000000000005,2023-08-29,2023,241,0,matched_negative,0,,26.3,11.5,18.6,21,57,17.1,8.0,0.0,2.68,0.20000000000002133,1.7,25.0,31.871428571428574,16.857142857142858,94.77994368967305,490.7976777756886,776.9487183703307,19.88318298240603,486.3969181232461,61.507603248162546,train
365_23,36.5,2.3000000000000003,2015-08-26,2015,238,0,matched_negative,0,,31.8,22.7,26.4,54,78,15.0,10.4,0.0,2.12,0.5999999999999983,3.5,15.0,31.385714285714283,45.0,90.20661280192428,386.8847435757081,1118.3010333338284,9.403491834197467,414.91338665400247,38.398486955750165,train
365_31,36.5,3.1,2023-09-23,2023,266,0,matched_negative,0,,24.8,15.7,19.4,27,65,16.7,8.3,0.3,2.27,8.799999999999969,22.6,1.0,28.714285714285715,37.42857142857143,92.22120512547504,66.80146885057174,915.6243955437086,13.6437103556967,112.99366119218845,40.77004377659845,train
367_73,36.7,7.300000000000001,2017-10-07,2017,280,0,matched_negative,0,,24.7,16.8,20.2,39,72,15.0,9.8,0.3,1.9,20.299999999999994,31.299999999999994,2.0,24.857142857142858,52.285714285714285,89.70172684637775,33.1409367744808,958.609503451358,8.747305503545368,61.00889261761785,22.38834553753151,train
364_32,36.4,3.2,2018-06-10,2018,161,0,matched_negative,0,,22.3,12.0,17.8,43,69,20.7,9.6,0.0,1.45,23.000000000000004,82.9,4.0,22.771428571428572,48.857142857142854,90.88576289702043,22.19698517611232,109.53153861548034,13.80924667024678,29.465652463203327,21.5612172992636,train
361_42,36.1,4.2,2015-08-14,2015,226,0,matched_negative,0,,29.9,20.2,24.6,19,42,15.4,8.5,0.4,3.41,3.0999999999999925,9.3,4.0,33.32857142857143,21.571428571428573,95.52345438443291,202.17213708852495,1095.450603040815,20.203898201037628,276.68464676021307,61.830568888994485,train
367_31,36.7,3.1,2013-06-10,2013,161,0,matched_negative,0,,22.8,14.1,18.6,55,72,22.5,13.6,0.0,1.22,0.0,149.5,14.0,23.242857142857144,54.857142857142854,88.58128975229825,46.94128049109691,122.34368607507356,10.868451745938962,47.91859709975692,23.0923009266603,train
361_28,36.1,2.8000000000000003,2023-08-04,2023,216,0,matched_negative,0,,30.3,19.0,23.9,32,55,19.7,11.7,0.0,2.74,0.0,0.8999999999999894,51.0,36.00000000000001,19.285714285714285,94.59852969356544,465.4316913900489,932.1784526125869,22.108148486158953,463.44595351503693,65.59248270128111,train
357_46,35.7,4.6000000000000005,2012-08-15,2012,228,0,matched_negative,0,,41.3,23.9,33.0,9,23,16.1,8.7,0.0,7.19,0.2,0.9,37.0,40.542857142857144,9.428571428571429,99.37341226854542,621.7437878304918,1199.8778406714036,34.913821856498664,618.0322735117409,86.03091988877627,train
352_-10,35.2,-1.0,2012-06-17,2012,169,0,matched_negative,0,,31.1,18.4,24.5,41,64,13.4,6.0,0.0,2.63,0.7999999999999999,4.5,27.0,28.928571428571427,38.42857142857143,91.23389554413454,256.69419600564305,487.7684112295401,10.045018367181225,255.7229521936992,39.77470673069667,train
364_79,36.4,7.9,2023-08-04,2023,216,0,matched_negative,0,,30.6,17.5,23.3,45,70,22.2,11.0,1.9,2.42,3.0999999999999996,3.5999999999999996,0.0,33.95714285714286,33.142857142857146,87.81570690222206,155.0547922837111,492.0919999999999,9.592440485141426,173.4652933292215,36.99305968124477,train
366_52,36.6,5.2,2018-07-27,2018,208,0,matched_negative,0,,28.3,20.7,24.4,53,68,8.6,3.9,0.0,1.77,0.29999999999999644,0.3,43.0,28.485714285714288,39.57142857142857,90.10297962651387,185.03595424554578,508.5571925065424,6.711007436334347,193.79426149540805,29.718054650007442,train
367_44,36.7,4.4,2015-08-03,2015,215,0,matched_negative,0,,32.9,22.3,27.3,38,67,14.3,11.1,0.0,3.08,1.1999999999999875,1.3999999999999928,48.0,34.857142857142854,31.714285714285715,91.62875453632066,296.28607008066166,814.343479021403,11.11748121536501,310.3145060667999,42.69564309569943,train
366_76,36.6,7.6000000000000005,2015-06-28,2015,179,0,matched_negative,0,,35.3,15.9,26.5,17,34,13.8,6.5,0.0,4.74,0.2,9.700000000000001,15.0,33.02857142857143,23.285714285714285,96.51590794738223,183.15063521318157,577.3795407895782,21.317581636095714,204.29230353841064,62.67480774223554,train
365_32,36.5,3.2,2021-08-22,2021,234,0,matched_negative,0,,36.1,22.8,30.1,19,27,11.9,7.0,0.0,4.69,1.3000000000000036,4.300000000000001,19.0,33.58571428571428,30.0,96.1430522534363,385.99465599240517,1004.7754066264247,18.421814380739853,393.7916644280737,58.68897999708068,train
365_59,36.5,5.9,2014-06-27,2014,178,0,matched_negative,0,,30.1,14.6,22.9,33,57,9.0,4.4,0.0,2.86,2.199999999999986,31.2,5.0,30.242857142857144,38.285714285714285,92.17189071363944,109.04151819481032,315.79342664164267,9.19182705487671,117.04540192209186,31.909760760393475,train
365_58,36.5,5.800000000000001,2016-06-20,2016,172,0,matched_negative,0,,17.5,10.8,14.4,57,73,11.3,7.6,1.2,0.87,7.400000000000003,40.900000000000006,0.0,24.0,47.142857142857146,78.99130433741772,64.47379334050972,300.9956593208617,1.8184222635541163,83.9773505769601,7.819951383204934,train
369_41,36.9,4.1000000000000005,2023-06-11,2023,162,0,matched_negative,0,,27.8,18.2,22.7,56,73,15.9,5.7,0.0,1.66,7.899999999999986,176.10000000000002,2.0,25.7,68.14285714285714,86.99304356955268,15.443852842257042,125.25820392356012,6.209395899163686,23.610115512066038,10.450529538155639,train
365_29,36.5,2.9000000000000004,2020-07-06,2020,188,0,matched_negative,0,,30.8,19.7,25.5,14,36,15.8,8.1,0.0,2.92,0.0,17.0,17.0,33.028571428571425,24.285714285714285,96.40301405616825,168.85160922889298,449.38428861146264,23.222466280858526,174.13218886498473,64.53301732600903,train
356_60,35.6,6.0,2017-09-14,2017,257,0,matched_negative,0,,25.9,14.5,19.4,21,38,15.1,9.0,0.0,2.64,3.2000000000000037,16.799999999999997,4.0,23.0,29.571428571428573,94.08057413597099,73.04973565725727,847.0765178165136,16.324246868335806,120.18775218012794,46.83872518753792,train
366_48,36.6,4.800000000000001,2016-08-01,2016,214,0,matched_negative,0,,35.3,21.6,26.8,23,57,9.2,5.4,0.9,4.37,1.1000000000000008,4.0000000000000036,23.0,32.77142857142857,28.0,94.5913035364724,257.4931182577599,716.720125041533,13.011800202480542,271.3074404985461,47.040932100929034,train
363_37,36.300000000000004,3.7,2012-08-20,2012,233,0,matched_negative,0,,35.9,19.8,28.3,18,39,15.3,7.2,0.0,4.87,1.0999999999999965,7.9,8.0,37.65714285714286,14.142857142857142,97.91293249340333,241.9390564379086,1013.1678181621867,27.697687305987525,302.9944671257749,74.89116017625179,train
361_34,36.1,3.4000000000000004,2013-07-07,2013,188,0,matched_negative,0,,31.2,15.9,22.9,23,48,13.9,7.0,0.0,3.49,4.700000000000001,9.1,4.0,29.7,27.857142857142858,94.51218840178969,123.68824988995023,503.0208301939744,16.31026897956141,153.20017408148325,50.528832035386145,train
368_35,36.800000000000004,3.5,2019-10-30,2019,303,0,matched_negative,0,,22.9,14.1,18.0,57,79,9.8,5.6,0.0,1.13,30.200000000000017,51.60000000000001,2.0,21.47142857142857,62.0,85.51958307638722,19.991910490866267,662.7052859837809,3.710202323933721,37.179802023941406,8.74617230662846,train
364_71,36.4,7.1000000000000005,2015-09-08,2015,251,0,matched_negative,0,,21.2,16.0,18.2,75,89,8.7,3.7,4.7,0.64,9.699999999999985,23.999999999999993,0.0,28.400000000000002,47.285714285714285,59.79628597448276,70.4086915742804,1053.9675834859615,0.6264548316499274,120.66524117814885,3.43392295255777,train
363_25,36.300000000000004,2.5,2017-07-26,2017,207,0,matched_negative,0,,29.4,16.9,22.7,32,64,20.0,9.0,0.0,2.67,0.0,2.6999999999999984,25.0,31.642857142857142,31.714285714285715,92.28429651011189,358.70565348959076,859.7831159493925,16.256075063945946,358.45555015882616,54.315762567101494,train
358_55,35.800000000000004,5.5,2021-09-21,2021,264,0,matched_negative,0,,27.2,16.7,19.5,36,74,18.5,8.2,5.7,2.29,7.100000000000015,9.3,0.0,30.285714285714285,23.428571428571427,81.83231825741692,104.43502963158593,1176.134720671686,3.5484588522269536,170.92646677234399,18.538479389426502,train
352_-11,35.2,-1.1,2022-08-31,2022,243,0,matched_negative,0,,34.3,22.7,26.7,33,64,13.5,7.5,0.2,3.6,0.49999999999998934,2.6999999999999984,22.0,34.142857142857146,34.42857142857143,94.62877011256141,264.74182317021666,1029.2942827097506,16.24344731566962,322.2628764963044,54.23988490396858,train
363_73,36.300000000000004,7.300000000000001,2017-08-31,2017,243,0,matched_negative,0,,34.5,21.1,26.5,14,41,15.6,9.3,0.0,4.67,0.0,6.399999999999997,17.0,35.32857142857143,14.142857142857142,97.42279789793486,290.80737454401435,1137.5805095526998,26.350823344883306,354.83963137555594,72.82629623574793,train
361_13,36.1,1.3,2020-06-13,2020,165,0,matched_negative,0,,27.9,18.3,22.5,28,47,17.3,12.4,0.0,2.71,1.1,13.4,27.0,29.657142857142855,23.714285714285715,94.66932877066694,227.42125284202967,472.36689702141894,19.781565974206075,226.86953078050476,60.4540865853321,train
365_46,36.5,4.6000000000000005,2014-06-29,2014,180,0,matched_negative,0,,36.4,23.2,29.1,25,46,15.1,8.2,0.0,4.57,0.20000000000000362,42.300000000000004,13.0,34.67142857142857,27.285714285714285,96.43491510407299,167.33971313577248,408.0954211106167,22.514110007800348,167.29109960314804,62.85713300340668,train
369_38,36.9,3.8000000000000003,2015-10-13,2015,286,0,matched_negative,0,,25.3,18.5,21.6,54,81,15.3,8.7,0.0,1.42,23.900000000000006,39.7,3.0,23.885714285714283,61.142857142857146,87.4705285273764,21.236311956834047,801.3587042313565,6.448935007974523,39.83360923867754,14.274676884194474,train
357_53,35.7,5.300000000000001,2013-07-24,2013,205,0,matched_negative,0,,32.6,19.3,26.3,21,43,9.7,5.8,0.0,3.89,3.4999999999999996,14.7,2.0,33.31428571428572,19.142857142857142,96.31434967992095,137.86833829185764,785.5094046294181,16.874351532732188,191.645317274794,53.876226165166884,train
359_21,35.9,2.1,2020-10-01,2020,275,0,matched_negative,0,,23.2,10.1,16.2,24,57,13.7,8.6,0.0,2.14,0.0,8.2,14.0,22.542857142857144,27.428571428571427,94.42865897963071,159.58033800056887,1107.0709654955153,15.96188100638598,234.6138118758005,53.09550411550159,train
367_77,36.7,7.7,2014-09-28,2014,271,0,matched_negative,0,,31.6,15.9,23.4,31,61,13.8,8.4,0.0,3.17,28.499999999999996,32.4,3.0,30.457142857142856,40.714285714285715,92.61121543780219,38.2082651910035,828.3554852327634,12.454570824027973,68.51573365869022,30.31332314688574,train
365_55,36.5,5.5,2018-07-07,2018,188,0,matched_negative,0,,30.6,14.1,22.0,25,52,10.5,6.0,0.1,3.32,0.10000000000001066,5.3,16.0,28.5,26.857142857142858,93.90940104195019,125.11050053664903,287.828904530426,12.643402646028598,124.99632858044299,40.3662075245984,train
358_17,35.800000000000004,1.7000000000000002,2017-08-31,2017,243,0,matched_negative,0,,30.7,17.6,22.7,17,54,15.1,8.3,0.0,3.64,3.2,11.000000000000007,6.0,31.97142857142857,17.428571428571427,96.55611909794976,197.68704971119638,1174.0218152693644,22.884164719891064,278.2441218631742,66.68579613288972,train
367_45,36.7,4.5,2015-09-26,2015,269,0,matched_negative,0,,17.9,7.3,12.8,46,74,12.8,6.5,0.1,1.11,5.399999999999987,28.499999999999996,2.0,20.385714285714283,41.285714285714285,86.0882182368129,54.63884824320526,925.6937082202254,4.673036721954455,95.22597140168457,18.01140518522383,train
364_79,36.4,7.9,2023-07-29,2023,210,0,matched_negative,0,,36.4,24.5,30.2,24,53,13.8,7.4,0.0,4.53,0.5,2.0,28.0,36.44285714285714,21.571428571428573,95.1975895340944,279.33171847591177,436.43399999999997,17.828630013075546,277.46603789329237,57.281337815171725,train
367_63,36.7,6.300000000000001,2014-10-23,2014,296,0,matched_negative,0,,18.1,12.8,15.4,57,74,20.6,12.9,1.3,0.9,3.899999999999986,76.49999999999999,0.0,25.814285714285713,39.0,79.59696002044952,42.151673216053105,621.037015311921,3.08154477339062,72.07369379671832,11.130383734072769,train
368_78,36.800000000000004,7.800000000000001,2014-10-27,2014,300,0,matched_negative,0,,23.2,15.5,18.8,52,79,9.9,4.9,0.5,1.35,5.699999999999997,36.8,3.0,23.95714285714286,45.285714285714285,88.09349370144203,51.2923856959878,711.1551308652785,5.370789961795131,86.91314634524372,18.99742818830541,train
352_57,35.2,5.7,2014-08-17,2014,229,0,matched_negative,0,,35.3,24.3,30.0,21,36,16.5,9.6,0.0,4.5,0.0,1.1,62.0,37.800000000000004,17.285714285714285,97.06287772550888,558.1104242430123,1184.0105527904836,26.282104275852475,556.1318375669111,72.76628687492455,train
356_-10,35.6,-1.0,2017-08-28,2017,240,0,matched_negative,0,,33.3,23.0,27.9,26,58,19.1,10.4,0.5,3.79,0.5,0.8999999999999928,89.0,31.328571428571426,45.0,94.03991442850233,470.50224915314516,1217.5290894919938,19.857481554649784,478.6146156368786,61.45872682187267,train
369_44,36.9,4.4,2019-07-23,2019,204,0,matched_negative,0,,34.2,22.8,28.5,39,52,16.7,10.3,0.0,3.24,0.0,0.0,58.0,32.32857142857143,47.142857142857146,91.72219410554372,262.634989817714,632.8799996061202,12.713989916599063,262.4994675699402,46.30181467323168,train
369_37,36.9,3.7,2015-10-08,2015,281,0,matched_negative,0,,22.8,20.2,21.4,75,84,9.7,7.0,5.8,0.7,5.800000000000006,27.000000000000004,0.0,26.74285714285714,53.142857142857146,58.81962016508122,36.86745957697268,990.5805414292354,0.6174217749801899,67.4582597588312,1.923162947595764,train
355_66,35.5,6.6000000000000005,2012-07-18,2012,200,0,matched_negative,0,,28.6,14.3,21.8,17,43,13.0,6.8,0.0,3.25,2.8000000000000034,12.7,3.0,33.81428571428571,19.428571428571427,95.34129449026956,158.5242457019755,704.350169022498,17.4635454907103,202.89008375835968,55.42640966187509,train
361_55,36.1,5.5,2021-07-20,2021,201,0,matched_negative,0,,32.7,17.5,24.2,17,46,22.3,9.0,0.0,4.13,0.0,1.000000000000007,45.0,31.428571428571427,19.0,96.19275186605012,471.76569019832056,802.4125467625818,31.32146773086781,468.2690538623618,80.72485042033378,train
362_16,36.2,1.6,2012-10-27,2012,301,0,matched_negative,0,,19.6,16.0,17.8,61,74,27.9,20.5,2.4,0.88,3.4,33.1,0.0,23.6,43.857142857142854,77.45961340604892,53.164974217344856,886.4266136831707,3.6780300487592714,92.46550124375905,14.802105800898971,train
366_67,36.6,6.7,2016-07-23,2016,205,0,matched_negative,0,,31.3,21.7,25.7,41,59,14.6,7.0,0.8,2.7,0.8,3.7999999999999963,13.0,35.3,23.857142857142858,90.8382055867465,261.2553593884949,653.8903517943336,10.086288046476914,261.4056635311001,39.91831387765359,train
361_65,36.1,6.5,2020-06-14,2020,166,0,matched_negative,0,,25.4,12.6,18.2,31,56,19.5,8.5,0.0,2.24,4.1,17.5,1.0,26.914285714285715,26.142857142857142,91.03824839871623,86.46006598520499,422.42197614941915,13.284575608368566,114.3884287462175,40.27471756736877,train
349_-3,34.9,-0.30000000000000004,2019-08-15,2019,227,0,matched_negative,0,,35.8,18.2,26.9,14,38,14.8,6.8,0.0,5.06,0.0,0.4,81.0,36.98571428571428,16.571428571428573,97.23122624496742,710.6207079051572,1185.7541021420886,24.672420121240567,703.4495691261811,70.07099660708708,train
361_71,36.1,7.1000000000000005,2012-09-05,2012,249,0,matched_negative,0,,27.5,14.3,20.4,39,71,13.3,6.6,0.0,2.25,29.2,35.3,3.0,24.642857142857142,42.285714285714285,90.39634492236426,32.900336521038945,776.1941642158678,8.868996303426199,59.49606333359771,22.318704562293192,train
365_15,36.5,1.5,2023-06-23,2023,174,0,matched_negative,0,,25.9,21.0,23.3,71,81,19.8,13.9,0.0,0.96,0.0,72.5,9.0,27.885714285714283,58.42857142857143,86.24430400041443,60.47328658091816,396.0847303456308,6.79722127556593,87.53498372657768,22.594071938957896,train
365_81,36.5,8.1,2013-07-30,2013,211,0,matched_negative,0,,31.7,22.0,26.2,38,65,15.1,7.9,0.0,2.91,0.0,6.5,19.0,36.49999999999999,28.857142857142858,93.29823908685786,345.02854749365355,796.8686423204997,14.64160595184389,344.5859462319497,50.8805361158148,train
363_22,36.300000000000004,2.2,2022-06-08,2022,159,0,matched_negative,0,,33.2,16.9,25.4,17,40,14.3,7.1,0.0,4.18,0.10000000000000711,4.199999999999986,14.0,32.08571428571428,28.428571428571427,96.11788064175853,158.4578967797997,265.85614621194503,20.719398576596237,157.739007909484,59.005303988471354,train
365_12,36.5,1.2000000000000002,2019-09-01,2019,244,0,matched_negative,0,,29.0,18.7,23.6,41,73,13.0,7.2,0.0,2.35,0.5000000000000213,4.9999999999999964,8.0,29.414285714285715,44.142857142857146,90.33046440354796,420.47912906455764,1102.2763738168735,8.654006703469978,430.4525314572397,36.372365811675095,train
366_60,36.6,6.0,2022-09-22,2022,265,0,matched_negative,0,,17.5,12.4,15.3,69,88,13.3,6.0,14.3,0.62,24.999999999999975,35.3,0.0,25.300000000000004,44.285714285714285,50.56995018944491,42.064598791029596,753.5494516836487,0.3434059955189516,73.82636824112132,0.7665363905980906,train
365_54,36.5,5.4,2016-10-07,2016,281,0,matched_negative,0,,21.7,14.0,17.9,58,74,10.0,6.2,0.0,1.09,16.000000000000018,48.800000000000004,1.0,22.285714285714285,56.57142857142857,80.38735636112563,20.900427537186133,707.8210558187785,1.961041047659223,38.92726020709851,4.9681337332259945,train
358_15,35.800000000000004,1.5,2013-07-31,2013,212,0,matched_negative,0,,35.4,20.0,27.5,17,52,12.8,5.8,0.0,4.74,1.8000000000000071,14.399999999999993,5.0,36.771428571428565,26.0,96.4813435382578,196.93357718717263,589.0245049810013,20.175987076643974,214.54255623902094,60.90687524023342,train
362_80,36.2,8.0,2020-09-21,2020,265,0,matched_negative,0,,26.9,17.1,21.2,41,78,12.5,4.6,0.7,2.06,4.299999999999986,32.4,1.0,28.185714285714283,33.142857142857146,89.23898111649395,58.82027189641656,985.0735939920505,7.2165592210030844,102.36031146215501,25.492469948542723,train
359_22,35.9,2.2,2022-07-17,2022,198,0,matched_negative,0,,33.6,20.2,26.7,23,39,14.8,7.0,0.0,3.99,0.2,8.499999999999993,13.0,32.114285714285714,22.571428571428573,95.65160768465852,256.10752888776244,605.7808398378158,19.94688390245771,255.91098942463353,61.18090069924541,train
350_-22,35.0,-2.2,2016-07-02,2016,184,0,matched_negative,0,,31.0,20.1,25.3,34,63,15.5,7.6,0.0,2.96,0.0,0.0,50.0,29.8,44.714285714285715,92.13961967395507,267.74427757936644,601.8471498494325,12.6960749089023,267.3413891587532,46.2922197913594,train
363_88,36.300000000000004,8.8,2022-06-01,2022,152,0,matched_negative,0,,37.0,20.5,28.2,13,27,17.4,10.8,0.0,5.49,14.299999999999994,44.699999999999996,4.0,28.957142857142856,28.142857142857142,97.67757523892206,73.73884295861656,231.59467604121082,29.845133181693427,82.1149695782379,57.89342361746474,train
365_73,36.5,7.300000000000001,2017-06-10,2017,161,0,matched_negative,0,,30.1,16.1,22.0,26,61,14.3,6.1,0.0,3.16,16.2,23.9,4.0,25.785714285714285,45.285714285714285,94.44336171836335,53.480965472796484,397.30969675265055,16.4852300767619,80.03021308362821,39.336559600009956,train
361_44,36.1,4.4,2021-07-02,2021,183,0,matched_negative,0,,40.9,24.0,31.7,12,29,13.8,6.4,0.0,6.82,0.5,7.200000000000007,26.0,38.557142857142864,15.714285714285714,98.59527663674372,300.82515911622096,722.1541096455289,28.09360401073814,300.6416363553442,75.5144049715182,train
359_16,35.9,1.6,2015-06-22,2015,173,0,matched_negative,0,,31.1,15.5,22.3,22,39,14.5,7.1,1.2,3.51,1.4999999999999996,29.9,0.0,25.814285714285717,26.857142857142858,93.49421944431758,125.52076771355951,474.91045558428567,14.599264119485301,151.1606179378091,46.96722025031188,train
368_39,36.800000000000004,3.9000000000000004,2014-08-17,2014,229,0,matched_negative,0,,27.4,21.0,23.6,53,68,23.7,17.3,0.0,1.71,0.0,0.8000000000000071,76.0,29.02857142857143,51.0,89.06163929056255,286.66812345929105,818.4160121124995,12.370184596007505,305.6685206927796,45.69168202031542,train
363_18,36.300000000000004,1.8,2012-07-11,2012,193,0,matched_negative,0,,36.2,23.6,29.7,24,43,9.8,6.1,0.0,4.57,0.5999999999999965,1.7999999999999983,22.0,36.0,22.285714285714285,95.5058518857828,369.4472422247758,656.1168956800142,15.199995933230197,367.34017907240064,52.103318650699066,train
365_16,36.5,1.6,2015-06-11,2015,162,0,matched_negative,0,,25.5,19.4,22.0,62,83,18.7,11.4,0.0,1.25,0.0,17.8,17.0,25.928571428571427,54.714285714285715,87.89134562175097,100.18504497555497,431.68029325147256,8.129029733099042,126.80014476054887,30.31870136315149,train
367_72,36.7,7.2,2020-06-02,2020,154,0,matched_negative,0,,28.9,13.4,21.2,27,55,15.6,7.0,0.0,2.82,4.199999999999992,16.0,1.0,27.5,30.428571428571427,92.80363744669744,97.32099195536465,252.37745800043518,14.010690626144582,99.10275838229921,39.18235185935722,train
367_61,36.7,6.1000000000000005,2022-08-07,2022,219,0,matched_negative,0,,31.7,20.1,25.1,27,44,12.6,6.2,0.0,3.41,1.1000000000000143,1.1,2.0,30.8,35.285714285714285,93.59329745025899,364.7338414030187,648.638,13.450671978202847,362.6770588953716,48.260147204961406,train
361_34,36.1,3.4000000000000004,2019-06-30,2019,181,0,matched_negative,0,,37.0,22.7,29.8,13,29,17.2,10.5,0.0,5.48,0.0,3.0,24.0,37.32857142857143,10.285714285714286,98.40759094654905,257.41794140618055,445.4408608058453,32.532855658337056,256.11636391969387,81.97206940489325,train
366_81,36.6,8.1,2013-10-01,2013,274,0,matched_negative,0,,27.4,20.1,23.3,57,70,16.8,8.9,0.1,1.59,0.100000000000008,39.099999999999994,11.0,28.642857142857142,44.857142857142854,89.08179921945731,42.59002182605722,551.0119082526534,8.762596153243292,71.38577804895979,24.304150662081884,train
368_38,36.800000000000004,3.8000000000000003,2020-08-07,2020,220,0,matched_negative,0,,31.1,17.0,24.2,28,50,22.2,10.5,0.0,3.25,0.3999999999999929,0.6999999999999859,59.0,31.3,34.857142857142854,93.38855839868663,324.23757784576753,772.705411500033,21.205110003506956,323.9946850409553,63.86494811599446,train
369_75,36.9,7.5,2022-06-03,2022,154,0,matched_negative,0,,35.2,20.9,28.0,32,49,15.8,7.9,0.0,3.66,4.799999999999986,87.4,6.0,32.92857142857143,35.142857142857146,95.02576395886013,58.971783975776106,280.7552861759309,19.260946017820284,77.33409579220803,42.8032244861235,train
365_56,36.5,5.6000000000000005,2015-07-26,2015,207,0,matched_negative,0,,29.0,18.6,23.8,47,67,12.4,5.7,0.0,2.11,4.500000000000014,4.5,3.0,29.54285714285714,35.285714285714285,91.22994494197505,136.31791831130099,733.2384528196368,9.546024635398341,186.12745861388856,37.33656198193728,train
367_41,36.7,4.1000000000000005,2019-06-19,2019,170,0,matched_negative,0,,31.7,21.7,26.1,38,56,9.4,6.1,0.5,2.87,0.599999999999984,32.70000000000001,14.0,32.67142857142857,33.285714285714285,93.1079361976224,156.1929752872338,427.1151322909142,10.697866367877731,163.19124642502615,39.21238180275036,train
359_24,35.9,2.4000000000000004,2023-08-01,2023,213,0,matched_negative,0,,33.2,19.1,26.1,17,37,17.6,8.7,0.0,4.2,0.7000000000000071,4.1000000000000005,17.0,35.285714285714285,15.714285714285714,97.50852955427139,260.09122572691524,748.5900476405016,29.478819369808406,278.38030033123164,77.5653924973856,train
366_68,36.6,6.800000000000001,2023-06-20,2023,171,0,matched_negative,0,,37.3,25.3,30.6,25,39,20.8,12.8,0.0,4.68,25.199999999999964,170.09999999999997,5.0,30.685714285714283,41.42857142857143,95.12542037425061,39.7338990122995,93.5746324965085,25.120106651279183,39.698659124509454,37.27419573610421,train
364_29,36.4,2.9000000000000004,2022-08-11,2022,223,0,matched_negative,0,,33.7,24.1,28.4,17,28,13.4,7.4,0.0,4.16,0.0,0.0,48.0,32.58571428571429,20.571428571428573,96.25972701085549,328.2398962422832,769.3189424167539,20.18362386302655,327.90624391969425,61.98700825465393,train
362_17,36.2,1.7000000000000002,2012-07-12,2012,194,0,matched_negative,0,,37.1,23.0,29.9,19,43,9.6,4.9,0.0,5.1,0.5999999999999965,1.7999999999999983,23.0,37.457142857142856,20.857142857142858,96.38488447514364,407.5079259974742,686.2137115633074,16.94987613740084,404.67317628411803,55.76307202124574,train
367_73,36.7,7.300000000000001,2016-07-01,2016,183,0,matched_negative,0,,32.3,19.8,25.7,38,66,15.5,8.1,0.0,2.96,0.7999999999999929,17.199999999999996,12.0,34.67142857142857,27.857142857142858,91.62898780536511,130.4061182768238,493.3828989531264,11.810864637869447,157.04244675448436,41.42683012763509,train
366_29,36.6,2.9000000000000004,2023-10-19,2023,292,0,matched_negative,0,,32.6,17.8,23.7,25,56,21.1,7.8,0.0,3.7,0.1999999999999858,6.2,26.0,31.7,25.285714285714285,95.7600658279516,159.233127903409,1144.994037467743,27.80625900528228,236.30836165149952,74.41313742044835,train
369_-23,36.9,-2.3000000000000003,2020-09-07,2020,251,0,matched_negative,0,,25.9,19.1,22.8,55,77,21.7,10.5,0.4,1.48,0.4,3.800000000000007,26.0,27.5,43.57142857142857,89.33112656461766,210.39362657823256,1189.883288225703,11.625391023166797,291.7986166391019,43.881453591686615,train
348_-3,34.800000000000004,-0.30000000000000004,2018-08-14,2018,226,0,matched_negative,0,,34.7,18.7,25.9,16,39,17.6,9.6,0.0,4.63,4.5000000000000036,4.5,3.0,34.48571428571429,20.714285714285715,96.66929784692941,195.2506982295933,835.8129994668301,26.354037290128055,246.52643346731537,72.24221540783206,train
363_23,36.300000000000004,2.3000000000000003,2022-06-07,2022,158,0,matched_negative,0,,29.6,17.7,22.9,39,64,16.6,6.6,0.0,2.48,0.0,7.1,12.0,29.642857142857142,34.857142857142854,92.79767028114087,126.01761820872436,242.67234516727524,14.722444531932702,125.65800527527946,44.59059836387316,train
369_69,36.9,6.9,2014-06-10,2014,161,0,matched_negative,0,,26.4,16.9,22.7,59,74,14.4,6.4,0.0,1.3,0.0,62.49999999999999,7.0,28.171428571428574,47.57142857142857,88.58748650911072,38.438196828691744,260.60455158389914,7.23257173711344,56.16578537851717,18.693189799048252,train
365_22,36.5,2.2,2016-07-13,2016,195,0,matched_negative,0,,28.5,20.3,24.1,59,79,21.1,11.8,0.0,1.57,0.4000000000000036,3.1,27.0,30.67142857142857,45.285714285714285,88.91575595796708,226.35690769486672,632.1182717762081,10.626296390006091,238.86991374158265,41.09582884799034,train
361_41,36.1,4.1000000000000005,2014-06-21,2014,172,0,matched_negative,0,,33.0,16.3,24.9,19,48,18.2,11.0,0.7,4.07,3.1000000000000107,75.4,6.0,28.342857142857138,26.142857142857142,95.44808350578306,105.24716302163243,343.7043561356558,23.02781829068041,119.22406465940081,57.86035439992569,train
367_55,36.7,5.5,2013-09-12,2013,255,0,matched_negative,0,,23.6,21.5,22.3,87,94,19.1,13.1,3.2,0.38,46.8,91.9,0.0,26.771428571428572,74.85714285714286,60.394244680088214,5.39351414628085,369.56313352021203,1.0981311540720586,10.407309863671324,0.676983283476573,train
353_88,35.300000000000004,8.8,2019-06-13,2019,164,0,matched_negative,0,,33.2,13.0,23.5,13,44,13.9,8.6,0.0,4.4,0.3000000000000009,50.10000000000001,15.0,31.785714285714285,11.285714285714286,98.30089873274144,122.24952113813178,289.6635459968633,27.16538263756086,122.17771695171685,64.55849562846925,train
366_89,36.6,8.9,2020-07-09,2020,191,0,matched_negative,0,,36.4,19.0,27.0,19,55,18.2,7.6,0.0,4.91,0.0,1.2000000000000002,26.0,33.05714285714286,25.571428571428573,96.24595223826138,352.50478674648633,814.7308807507376,25.658763471021715,352.05132839936294,71.67594370679613,train
362_12,36.2,1.2000000000000002,2017-06-12,2017,163,0,matched_negative,0,,35.5,19.5,26.9,27,52,18.4,8.1,0.0,4.01,0.0,4.199999999999999,13.0,34.885714285714286,25.0,94.37100015359648,386.3679334385952,642.5914158527506,20.067115618270606,383.6834647321392,61.831591814975056,train
350_-17,35.0,-1.7000000000000002,2015-10-01,2015,274,0,matched_negative,0,,21.8,9.4,15.8,44,73,12.1,5.2,0.0,1.44,11.400000000000002,14.199999999999996,1.0,22.199999999999996,41.42857142857143,84.98274034611315,79.14628510214354,993.3868422025046,3.868010094130553,132.00035190263833,18.247365165886634,train
358_-3,35.800000000000004,-0.30000000000000004,2021-09-14,2021,257,0,matched_negative,0,,29.9,23.6,25.3,46,71,29.6,13.3,0.0,2.28,0.0,0.5,42.0,29.942857142857143,40.42857142857143,91.35364486266431,373.34189907501815,1215.6366679496978,23.113646211328355,422.3824245133034,67.36844726078883,train
365_33,36.5,3.3000000000000003,2021-09-01,2021,244,0,matched_negative,0,,36.7,25.7,30.2,21,31,24.1,15.1,0.0,4.87,0.0,2.699999999999986,12.0,32.91428571428571,27.714285714285715,95.88268857956102,440.89613907317124,1099.7314719089604,32.886516278167626,440.87735804500016,83.06518674961906,train
369_-25,36.9,-2.5,2016-08-14,2016,227,0,matched_negative,0,,26.4,16.2,21.5,39,56,15.7,10.1,0.0,2.11,0.49999999999999656,2.1999999999999997,93.0,26.38571428571429,37.714285714285715,91.17794916832509,432.34171272580744,1032.6046142387584,11.189918222329828,431.97703679109156,42.9625653519544,train
361_55,36.1,5.5,2013-06-08,2013,159,0,matched_negative,0,,28.7,12.7,19.5,22,55,14.2,8.1,0.0,3.02,0.29999999999999816,35.6,11.0,25.585714285714285,28.428571428571427,94.24802031935555,90.13932697942933,331.14119540304034,15.96600615446822,107.27549684032539,44.128213401739636,train
368_41,36.800000000000004,4.1000000000000005,2023-08-17,2023,229,0,matched_negative,0,,36.7,23.1,29.9,26,48,9.0,4.6,0.0,4.28,0.0,2.2000000000000144,13.0,36.614285714285714,23.571428571428573,96.71141867856349,210.25717897542026,787.8557823420344,17.1829799905445,252.23067290271453,55.797466074685666,train
354_-5,35.4,-0.5,2015-08-04,2015,216,0,matched_negative,0,,34.8,23.6,28.4,35,64,13.7,10.1,0.0,3.58,0.20000000000001422,0.2,53.0,35.785714285714285,30.857142857142858,93.7477719770401,405.56519432312524,966.2189036644085,14.526037694982543,405.21778905419353,50.6664906074298,train
365_21,36.5,2.1,2016-07-18,2016,200,0,matched_negative,0,,28.5,19.5,23.7,58,79,14.8,10.5,0.0,1.66,0.0,1.7,32.0,27.74285714285714,50.57142857142857,88.72021451545781,246.2691272540324,693.3246670804695,7.521779533405358,260.87821037713235,32.92305146247702,train
366_60,36.6,6.0,2013-10-07,2013,280,0,matched_negative,0,,19.7,12.0,15.2,55,82,8.1,4.8,0.3,1.02,22.099999999999987,62.5,1.0,24.914285714285715,49.714285714285715,76.17536513279629,15.003813506799274,426.366030114503,1.2365800716253146,27.581174347465886,2.1424140460630423,train
354_11,35.4,1.1,2018-06-24,2018,175,0,matched_negative,0,,37.3,22.6,30.0,11,24,19.2,11.4,0.0,5.66,0.0,18.599999999999998,19.0,32.57142857142857,19.714285714285715,98.10723773308598,135.2221698391036,338.1236145579768,34.58824596048373,135.23580645581006,77.10486644273512,train
365_63,36.5,6.300000000000001,2023-09-16,2023,259,0,matched_negative,0,,37.6,21.5,29.6,19,44,16.3,5.8,0.0,5.26,0.8000000000000249,1.8,93.0,36.25714285714286,23.142857142857142,96.51669898651113,645.3635901306458,1044.5062591637738,24.18212043381587,638.8001436234194,69.23319890124023,train
363_44,36.300000000000004,4.4,2016-08-28,2016,241,0,matched_negative,0,,38.1,20.7,29.1,14,51,14.4,6.0,0.0,5.74,0.0,1.9,28.0,34.8,20.571428571428573,97.6109818274359,450.9304498420718,1109.139333330602,25.432359090084184,450.791470690947,71.34807139851833,train
365_53,36.5,5.300000000000001,2014-10-07,2014,280,0,matched_negative,0,,22.6,14.5,18.4,40,55,15.9,9.2,0.0,1.55,22.599999999999987,36.099999999999994,2.0,20.157142857142855,59.857142857142854,88.37058013654443,28.760719928113097,766.9903288234146,7.561374248551431,52.591252871871454,18.65505877508541,train
365_28,36.5,2.8000000000000003,2013-09-05,2013,248,0,matched_negative,0,,28.6,18.8,23.7,58,80,13.0,6.7,0.0,1.64,9.600000000000001,15.0,4.0,26.628571428571426,60.714285714285715,88.95312294244665,72.47100524189017,810.289369831664,7.103142462130841,118.4557672659772,26.921252192194814,train
367_40,36.7,4.0,2018-07-20,2018,201,0,matched_negative,0,,35.0,23.2,29.0,39,64,15.3,5.7,0.0,3.35,0.0,0.30000000000000004,43.0,35.785714285714285,32.0,93.48937282108975,241.0113998957222,564.7900237601553,15.189550758450588,240.8014394629198,51.5637165863204,train
355_-11,35.5,-1.1,2016-09-14,2016,258,0,matched_negative,0,,23.6,20.5,22.2,41,61,24.5,18.8,0.0,1.65,0.10000000000000356,0.2,123.0,28.900000000000002,44.57142857142857,89.43235792567499,467.6076374626237,1142.4626101721417,13.582887168927755,467.39945392647707,48.58689070073355,train
364_21,36.4,2.1,2018-09-04,2018,247,0,matched_negative,0,,33.8,22.6,28.2,20,37,12.0,7.3,0.1,4.13,3.1999999999999997,7.199999999999999,5.0,33.21428571428571,21.0,96.67688813507935,216.80372811352188,905.5302383692909,19.89475609106122,271.2496945930267,61.21579891191779,train
367_61,36.7,6.1000000000000005,2022-06-06,2022,157,0,matched_negative,0,,31.0,17.8,23.3,56,73,8.7,4.8,0.0,1.89,0.0,90.5,10.0,28.385714285714283,49.57142857142857,88.81228339847222,43.746068229018825,84.176,5.604898096485676,43.58644940886282,13.44148688381065,train
368_48,36.800000000000004,4.800000000000001,2013-09-29,2013,272,0,matched_negative,0,,24.0,18.3,20.9,53,71,20.7,12.0,1.2,1.41,1.200000000000007,76.3,0.0,24.557142857142857,58.42857142857143,85.21912774233013,23.32436026755072,480.14796474709533,6.163660570391069,41.597027482650475,14.109671031349471,train
367_82,36.7,8.200000000000001,2014-07-15,2014,196,0,matched_negative,0,,27.9,19.0,23.1,47,69,13.7,8.0,0.0,1.98,0.4999999999999929,2.7,29.0,27.97142857142857,44.142857142857146,90.84460673290666,199.9192447671384,563.3174116234945,9.647886921611047,211.86407121740984,38.2303980965881,train
362_47,36.2,4.7,2020-07-26,2020,208,0,matched_negative,0,,37.6,22.4,29.9,13,29,15.0,8.4,0.0,5.63,0.0,6.099999999999986,12.0,35.1,17.142857142857142,97.75732806840854,169.06135053452513,745.9564579525637,26.72635779584823,215.83321057391777,72.19921606632319,train
365_50,36.5,5.0,2013-06-21,2013,172,0,matched_negative,0,,23.8,11.5,17.4,55,82,12.9,5.7,0.0,1.31,0.4000000000000071,14.2,22.0,26.7,38.142857142857146,88.7822747329196,96.63357817406263,245.8688888497627,6.896202098410585,97.48303351682253,24.11702168357118,train
359_23,35.9,2.3000000000000003,2021-09-21,2021,264,0,matched_negative,0,,19.6,13.0,15.1,53,78,8.3,5.4,8.9,1.08,11.399999999999993,13.099999999999998,0.0,25.2,29.142857142857142,61.218655034413224,72.63696815889686,1067.4783015906385,0.6687784535197226,124.15371850130491,3.7738613279959563,train
364_48,36.4,4.800000000000001,2014-07-08,2014,189,0,matched_negative,0,,31.4,17.3,23.9,37,68,11.4,5.5,0.0,2.89,0.0,5.3,23.0,34.05714285714286,25.142857142857142,93.51137009186066,214.37037403120385,487.1929072795975,12.517802212799284,214.10897440204394,45.247464308584924,train
356_-3,35.6,-0.30000000000000004,2013-09-14,2013,257,0,matched_negative,0,,29.6,20.8,24.1,55,82,9.8,4.7,1.8,1.87,21.599999999999998,24.3,0.0,27.61428571428571,59.714285714285715,82.40909466278087,67.32640487243727,844.6851703458734,2.4559283852398095,112.27946570918445,11.971747454515649,train
363_18,36.300000000000004,1.8,2013-06-14,2013,165,0,matched_negative,0,,32.2,16.3,24.5,28,55,10.5,6.8,0.0,3.46,0.0,78.3,18.0,27.142857142857142,35.42857142857143,93.56384405423687,83.2940381582797,163.12050967427166,12.050540657935555,83.07101856917832,32.60499172907275,train
356_3,35.6,0.30000000000000004,2021-09-23,2021,266,0,matched_negative,0,,29.5,18.0,22.9,47,75,18.1,8.0,0.0,2.15,8.400000000000011,10.100000000000007,1.0,29.47142857142857,40.285714285714285,89.143878088415,103.92458159584338,1215.7455576537423,9.439574258761622,171.25173396784868,36.5129082255818,train
369_-25,36.9,-2.5,2018-09-23,2018,266,0,matched_negative,0,,29.0,18.0,23.6,26,44,8.7,5.8,0.0,2.97,16.799999999999994,66.1,4.0,25.928571428571427,54.714285714285715,93.01716459774343,18.857463507107312,569.3245753320734,10.196710354112513,34.83072382050804,18.79269387327577,train
364_41,36.4,4.1000000000000005,2012-10-25,2012,299,0,matched_negative,0,,26.0,9.4,17.5,31,57,12.6,7.7,0.1,2.32,10.9,23.599999999999998,4.0,21.557142857142857,41.57142857142857,91.65154749833042,48.420464782601535,1036.592859295422,10.237816271503215,86.7145808486621,29.856832943406246,train
353_14,35.300000000000004,1.4000000000000001,2012-09-11,2012,255,0,matched_negative,0,,31.0,16.3,23.1,30,67,14.0,7.2,0.3,3.14,9.000000000000007,17.3,1.0,29.771428571428572,29.571428571428573,92.72099395407373,116.31222450460815,1191.221644828085,12.776318389403224,186.98169114549287,45.08304606325538,train
370_65,37.0,6.5,2014-06-18,2014,169,0,matched_negative,0,,23.8,18.4,21.1,58,71,11.2,5.5,0.0,1.23,5.3,49.0,2.0,24.95714285714286,56.285714285714285,85.30571944032224,44.40785369640931,340.7904639510205,3.864937252152136,66.99174332237124,12.789103981266525,train
364_82,36.4,8.200000000000001,2021-07-16,2021,197,0,matched_negative,0,,25.4,14.8,18.8,35,71,15.5,9.5,0.0,2.09,0.30000000000000354,0.7999999999999998,44.0,30.714285714285715,25.571428571428573,92.8031448010592,331.84544453442294,597.8976411054848,13.93930453051259,330.1376128234942,49.31908417081739,train
367_58,36.7,5.800000000000001,2013-08-29,2013,241,0,matched_negative,0,,29.6,21.2,25.0,55,74,18.2,10.7,0.9,1.78,4.600000000000028,14.0,2.0,30.32857142857143,52.285714285714285,86.83066844711938,90.25079444774688,759.3364313414384,6.813299361983442,139.15383042012084,27.786331254222763,train
367_79,36.7,7.9,2018-09-07,2018,250,0,matched_negative,0,,28.8,22.9,25.4,62,79,13.1,6.3,2.1,1.47,2.1,40.5,0.0,33.285714285714285,43.57142857142857,81.42263064545982,53.84339129505699,666.291482540374,2.5752210508061646,89.5877007563707,10.958411416453556,train
365_56,36.5,5.6000000000000005,2019-06-21,2019,172,0,matched_negative,0,,34.8,17.0,26.9,17,42,22.3,7.5,0.0,4.58,0.40000000000001423,67.0,25.0,29.857142857142858,32.0,96.45652516282458,124.5745141846636,243.89725164636755,32.45513768058754,124.24184020187423,72.25878405816019,train
364_34,36.4,3.4000000000000004,2019-08-08,2019,220,0,matched_negative,0,,39.5,21.8,30.1,17,38,14.7,5.9,0.0,5.96,0.8999999999999928,1.4999999999999931,74.0,39.55714285714286,21.714285714285715,98.56762781554085,558.1293705749875,966.2989517901801,29.290700911237607,553.7408129280105,77.60024950063848,train
368_68,36.800000000000004,6.800000000000001,2023-07-02,2023,183,0,matched_negative,0,,29.1,16.8,22.8,43,72,15.6,6.9,0.0,2.28,1.2000000000000124,68.40000000000003,1.0,30.414285714285715,44.285714285714285,89.55144974853178,106.30357742842615,236.38468598361928,8.823566209145886,106.16866181688741,29.76151860832221,train
357_3,35.7,0.30000000000000004,2014-10-26,2014,299,0,matched_negative,0,,26.9,11.7,18.7,33,61,8.1,5.5,0.0,2.37,0.0,83.9,11.0,26.985714285714288,39.57142857142857,92.35415608208604,36.458771290591955,567.8975835042621,9.013068880147127,62.832927806614904,23.216832272872672,train
364_71,36.4,7.1000000000000005,2020-06-09,2020,161,0,matched_negative,0,,20.7,12.2,16.4,51,75,15.1,8.5,1.7,1.19,5.89999999999999,24.699999999999985,0.0,26.957142857142856,30.0,81.49609320631845,81.48822006659044,306.2201667684931,2.872863732258888,97.8675971922485,12.599940969671904,train
365_53,36.5,5.300000000000001,2021-10-16,2021,289,0,matched_negative,0,,18.2,6.3,11.5,35,70,10.0,6.0,0.0,1.33,12.899999999999986,36.20000000000001,2.0,16.52857142857143,53.57142857142857,86.15077898841669,43.44966552616388,874.0048438930211,4.093982985649698,77.29309401105525,14.521798957318053,train
365_42,36.5,4.2,2018-10-07,2018,280,0,matched_negative,0,,26.4,14.7,19.5,29,56,11.8,5.9,0.0,2.45,66.60000000000001,100.5,2.0,21.471428571428568,51.57142857142857,91.47155968909841,10.777154463038347,418.21704366655405,9.585331118518582,20.249754646381433,13.686072915334972,train
367_83,36.7,8.3,2015-10-09,2015,282,0,matched_negative,0,,23.7,16.5,18.8,65,91,15.7,9.7,15.5,1.02,28.599999999999994,47.599999999999994,0.0,27.87142857142857,43.142857142857146,55.94089017066409,14.174269556506193,693.2397059241455,0.6689090579814464,26.96994225750045,0.7356804260864311,train
359_23,35.9,2.3000000000000003,2020-08-21,2020,234,0,matched_negative,0,,34.7,22.8,28.2,14,23,14.3,7.6,0.0,4.73,0.0,0.2999999999999965,74.0,32.957142857142856,12.571428571428571,98.34809750129786,560.2929480685923,931.273325916531,27.89099896957623,555.3989213990327,75.38264648282053,train
361_77,36.1,7.7,2014-06-27,2014,178,0,matched_negative,0,,28.8,14.8,21.6,27,54,10.8,4.5,0.0,2.89,2.6000000000000054,30.0,3.0,31.5,26.285714285714285,93.1545819785213,107.0958589417674,429.7879825291441,11.554964420334581,131.9761717811565,38.817756486229456,train
368_63,36.800000000000004,6.300000000000001,2013-06-04,2013,155,0,matched_negative,0,,23.1,12.5,18.1,51,71,9.8,6.5,0.0,1.38,6.899999999999986,91.99999999999999,3.0,21.514285714285716,53.857142857142854,87.45529677554508,27.36396403355815,137.7263018266295,4.877310887734752,36.56550719283341,10.903035555799573,train
351_75,35.1,7.5,2021-10-16,2021,289,0,matched_negative,0,,19.4,6.6,12.3,28,52,19.4,8.8,0.0,1.61,0.0,4.6000000000000005,25.0,19.02857142857143,33.57142857142857,91.2937833813287,195.6114175133842,1607.8568523349902,13.707384996165093,299.98316419777177,48.73515372030255,train
365_81,36.5,8.1,2014-07-14,2014,195,0,matched_negative,0,,31.1,17.1,24.7,35,55,15.9,7.1,0.0,2.82,0.20000000000001433,6.9,28.0,29.557142857142857,39.857142857142854,92.21501115478553,197.70255756516914,503.5841777188066,13.093193352789285,199.55067515756429,46.19995759178563,train
366_71,36.6,7.1000000000000005,2016-08-06,2016,219,0,matched_negative,0,,26.5,19.0,22.1,40,65,19.8,11.6,0.0,2.06,0.6999999999999855,2.999999999999993,27.0,31.585714285714282,30.571428571428573,92.05082965944369,294.93285743832666,718.1884026868572,15.571238485064491,294.8174153190916,52.76039567395532,train
363_62,36.300000000000004,6.2,2020-10-24,2020,298,0,matched_negative,0,,19.7,11.8,14.7,44,76,12.9,6.1,1.7,1.28,1.7000000000000008,18.2,0.0,22.800000000000004,29.857142857142858,82.94366805626507,63.96944754614344,887.6574170041222,3.070968897469167,108.40775583315354,14.026616587303081,train
344_59,34.4,5.9,2020-09-24,2020,268,0,matched_negative,0,,37.7,24.6,31.0,17,26,14.8,8.9,0.0,5.36,0.0,60.400000000000006,21.0,36.97142857142857,19.571428571428573,96.9043924599642,153.01446617363592,732.8850138898531,23.618660524380832,201.07563178060315,66.56767863463853,train
365_49,36.5,4.9,2018-07-25,2018,206,0,matched_negative,0,,32.5,18.2,24.8,21,43,13.0,7.5,0.0,3.76,0.0,0.0,41.0,32.871428571428574,26.142857142857142,95.26693626619175,253.00498633017625,540.0465988599211,17.287205817527315,252.45501263995,56.00830456775973,train
368_86,36.800000000000004,8.6,2023-07-02,2023,183,0,matched_negative,0,,25.4,16.7,21.2,56,73,16.0,8.6,0.0,1.44,1.1000000000000285,141.4,1.0,27.142857142857142,59.42857142857143,86.70102810173218,69.91693243145967,153.49200000000002,5.987162955084147,69.81311640351724,18.27450905680533,train
365_53,36.5,5.300000000000001,2012-09-01,2012,245,0,matched_negative,0,,19.3,14.0,16.2,50,71,14.4,8.5,1.3,1.13,10.799999999999999,18.4,0.0,25.685714285714287,46.0,73.48635775557236,84.25820637932834,864.6861457705863,1.4684954327026782,135.5059212284757,8.528843638872813,train
363_57,36.300000000000004,5.7,2019-10-07,2019,280,0,matched_negative,0,,16.8,9.0,12.1,66,78,23.2,14.5,5.4,0.66,8.499999999999993,71.0,0.0,21.157142857142862,38.285714285714285,64.94657978412219,47.892271338554636,629.4980812028546,1.6939935804472543,80.47767127947577,7.128631554913417,train
365_56,36.5,5.6000000000000005,2015-08-11,2015,223,0,matched_negative,0,,28.0,18.1,23.0,36,62,12.0,6.1,0.0,2.42,2.400000000000014,8.1,19.0,31.099999999999998,30.857142857142858,90.96665990773894,217.601701127301,877.430452819637,9.011288560103498,268.64457213146244,37.135677376472565,train
347_-5,34.7,-0.5,2021-07-04,2021,185,0,matched_negative,0,,37.4,19.4,28.2,7,21,17.8,7.8,0.0,5.99,0.0,5.100000000000007,17.0,34.8,10.857142857142858,99.06778365198244,261.6064071501438,704.8784695332513,36.55507946053117,271.3981484224505,87.93274913128674,train
363_55,36.300000000000004,5.5,2020-10-24,2020,298,0,matched_negative,0,,17.0,8.7,12.5,43,79,11.7,5.0,3.5,1.11,4.599999999999973,14.4,0.0,20.97142857142857,28.857142857142858,73.20196389701698,65.68994662895417,1043.0354429028976,1.2659883543041361,113.50815070890346,6.821302684294618,train
362_37,36.2,3.7,2020-08-04,2020,217,0,matched_negative,0,,28.9,19.1,23.2,36,66,19.2,11.4,0.7,2.52,0.6999999999999857,1.2,46.0,36.528571428571425,16.428571428571427,92.21740571328667,435.38205220591504,809.8483333622875,15.467134912844907,433.011169376687,52.69509038938297,train
364_37,36.4,3.7,2023-09-12,2023,255,0,matched_negative,0,,34.5,18.1,24.3,20,64,15.1,8.0,2.6,4.4,3.3000000000000105,10.899999999999999,0.0,31.642857142857142,25.571428571428573,93.19866401799032,113.95516554441488,1036.4899711818496,14.439326665853258,178.77306346370398,48.35762831096028,train
364_80,36.4,8.0,2022-07-02,2022,183,0,matched_negative,0,,35.3,17.4,26.7,19,56,16.9,5.5,0.0,4.63,1.0000000000000249,2.1000000000000285,35.0,34.642857142857146,18.571428571428573,97.54114634290167,241.57178137842334,442.0693754711464,28.58065508802217,240.5634037800483,75.7142190264935,train
367_70,36.7,7.0,2021-07-05,2021,186,0,matched_negative,0,,36.0,20.6,28.4,24,44,16.3,7.2,0.0,4.53,0.0,1.399999999999993,34.0,34.0,32.714285714285715,95.33853368745908,334.5866437943859,560.3595569647697,20.615143822507957,332.48020071917057,62.79801013977994,train
368_75,36.800000000000004,7.5,2016-10-08,2016,282,0,matched_negative,0,,30.1,17.2,23.3,35,68,10.6,4.6,0.0,2.76,5.599999999999996,22.4,2.0,29.82857142857143,45.0,91.45754186208998,63.4892573014165,1022.1796297564274,9.004956281017934,109.91154734349098,30.64342276077503,train
368_73,36.800000000000004,7.300000000000001,2020-09-17,2020,261,0,matched_negative,0,,34.0,17.8,24.5,24,69,13.6,4.6,0.0,4.02,24.599999999999987,43.599999999999994,3.0,29.58571428571429,47.42857142857143,94.68139432085454,22.06926079061109,791.5560317450864,16.44409782574281,41.262441004293954,28.606065221878495,train
346_-17,34.6,-1.7000000000000002,2023-07-26,2023,207,0,matched_negative,0,,31.7,20.0,24.9,15,27,14.2,8.2,0.0,3.97,0.0,0.39999999999998936,47.0,35.15714285714286,13.428571428571429,97.6853604255777,334.16674771238297,727.2918437813537,25.42684531108419,333.430852849971,71.25826766195723,train
366_54,36.6,5.4,2022-06-08,2022,159,0,matched_negative,0,,26.7,15.1,21.4,39,61,8.3,4.1,0.0,2.15,0.0,47.5,12.0,26.885714285714283,43.857142857142854,90.39307900870504,55.11244302819108,140.31555620455237,6.890506649656687,55.61471318870732,17.943853886751157,train
367_60,36.7,6.0,2012-06-22,2012,174,0,matched_negative,0,,31.5,21.6,26.7,39,53,10.9,6.4,0.0,2.81,0.0,3.3,15.0,31.099999999999998,47.857142857142854,91.81568227019973,163.70263773896755,419.6709247646121,9.61847707240157,165.75933548427338,36.71268164862812,train
363_55,36.300000000000004,5.5,2020-09-22,2020,266,0,matched_negative,0,,26.5,13.6,19.0,25,68,14.4,5.4,0.0,2.57,3.6999999999999735,28.0,1.0,27.671428571428574,28.142857142857142,92.28930811928028,63.08641603728666,977.514532301313,12.267941983037936,108.64381204459445,37.43063397601924,train
352_4,35.2,0.4,2013-06-23,2013,174,0,matched_negative,0,,26.3,13.4,19.4,28,55,12.6,7.6,0.0,2.45,0.1999999999999929,7.4,7.0,25.37142857142857,31.857142857142858,92.53345471445803,111.21557060561332,294.87085300360354,11.596249802108943,114.4830524602701,36.87963587176991,train
368_67,36.800000000000004,6.7,2021-06-08,2021,159,0,matched_negative,0,,30.2,14.9,22.2,28,59,13.3,5.3,0.0,3.05,1.3000000000000143,3.9000000000000288,2.0,30.41428571428571,40.714285714285715,92.98102839527225,142.0345132851269,296.55411617603573,12.7917131690429,141.74808086865193,42.40856303340436,train
367_62,36.7,6.2,2016-06-06,2016,158,0,matched_negative,0,,26.2,16.1,21.1,61,82,10.0,5.0,0.0,1.32,36.999999999999986,53.19999999999999,1.0,23.97142857142857,56.285714285714285,78.50650709774588,18.890924269186126,188.139662208631,1.6291304333710532,30.20077173360638,3.352809623220174,train
353_74,35.300000000000004,7.4,2013-07-19,2013,200,0,matched_negative,0,,30.2,15.6,23.1,25,48,15.2,8.1,0.9,3.19,8.8,22.1,1.0,30.614285714285717,21.428571428571427,92.69345771985144,81.03968692423614,735.2824535551922,13.520311290957059,127.06732989459243,42.39681627037294,train
366_48,36.6,4.800000000000001,2019-09-26,2019,269,0,matched_negative,0,,25.8,13.6,19.0,40,74,12.4,5.3,0.0,1.95,0.20000000000001067,53.60000000000001,14.0,27.642857142857142,43.57142857142857,91.80770287681692,52.600727358448744,622.9684788660521,10.361954303433707,86.86516945372564,30.127307838219433,train
367_36,36.7,3.6,2023-07-02,2023,183,0,matched_negative,0,,28.4,18.8,23.7,53,76,18.0,7.5,0.0,1.79,0.6000000000000266,48.30000000000001,18.0,29.442857142857143,48.285714285714285,88.01351452026553,91.78535875617436,364.75734104133005,7.985847882561369,112.68332210334653,28.556871241672535,train
369_83,36.9,8.3,2013-07-10,2013,191,0,matched_negative,0,,26.7,20.0,23.6,68,82,15.5,7.5,0.0,1.11,0.0,1.2999999999999998,39.0,25.571428571428573,64.28571428571429,86.38475754224505,137.16308990437386,524.3524737763988,5.582604820838811,165.85980914025996,25.444351035637556,train
364_32,36.4,3.2,2013-07-30,2013,211,0,matched_negative,0,,30.5,19.6,24.3,44,59,16.7,8.7,0.0,2.43,1.0,2.6,38.0,33.785714285714285,31.142857142857142,91.89408616345563,237.25691535602314,546.4307145835052,13.027309885694232,236.99672329300998,46.77846019164581,train
353_14,35.300000000000004,1.4000000000000001,2012-07-16,2012,198,0,matched_negative,0,,34.7,20.2,27.6,26,48,10.2,5.6,0.0,4.11,1.000000000000007,13.1,7.0,35.885714285714286,19.285714285714285,96.16161362513358,255.21535418256528,682.0816448280843,16.95189833610937,263.73012237184366,55.43626437969679,train
364_31,36.4,3.1,2023-10-22,2023,295,0,matched_negative,0,,23.5,9.8,16.9,21,40,22.0,15.6,0.0,2.29,0.29999999999997157,2.8,30.0,24.54285714285714,22.142857142857142,93.53665410931373,143.60084098074668,954.9423742746951,21.430345921371046,208.73108485623584,63.01742815894488,train
367_81,36.7,8.1,2018-09-12,2018,255,0,matched_negative,0,,35.4,22.2,27.9,41,67,11.8,6.2,1.4,3.4,2.7000000000000073,53.70000000000001,0.0,33.542857142857144,43.57142857142857,90.08384216091119,75.97600670181869,640.7391066766286,7.863695485328154,117.20722789300778,28.735387941760163,train
364_24,36.4,2.4000000000000004,2013-07-07,2013,188,0,matched_negative,0,,27.8,15.4,21.9,47,71,16.1,8.5,0.0,1.97,0.1,1.0,41.0,26.814285714285713,54.857142857142854,89.15818320285724,151.33219006571755,337.02266811456576,8.552164145832169,151.13313884636474,33.20891278653751,train
369_71,36.9,7.1000000000000005,2015-09-25,2015,268,0,matched_negative,0,,18.7,16.2,17.2,63,66,18.4,12.2,1.0,0.79,5.399999999999999,23.5,0.0,22.185714285714287,51.857142857142854,80.19804437266248,69.56972707336871,956.9424228639344,2.934474617757186,117.7401736147076,14.10213037030178,train
351_81,35.1,8.1,2013-08-02,2013,214,0,matched_negative,0,,31.0,15.3,23.7,16,41,11.0,7.3,0.0,3.78,0.7,13.599999999999998,9.0,33.628571428571426,15.285714285714286,97.06616082428694,141.14736453942695,1029.2069629652804,19.929115250894114,210.21986656885244,60.3344486845058,train
360_18,36.0,1.8,2017-10-01,2017,274,0,matched_negative,0,,27.0,15.4,20.1,30,71,13.4,7.3,0.0,2.49,0.0,31.400000000000002,21.0,28.042857142857144,29.0,92.71915675458472,154.58817796202425,869.7396939582655,12.39262177908547,214.05889099400906,44.958335480427515,train
364_54,36.4,5.4,2015-09-16,2015,259,0,matched_negative,0,,34.1,21.0,27.2,22,42,9.4,5.2,0.0,4.18,2.500000000000014,41.6,3.0,30.114285714285717,34.42857142857143,95.13443068251631,50.286769572853046,902.7009715017565,14.16047944343114,88.27912456336193,37.36836865491164,train
351_66,35.1,6.6000000000000005,2023-08-25,2023,237,0,matched_negative,0,,30.3,19.9,25.2,25,34,19.0,10.8,0.0,3.22,0.0,4.600000000000015,12.0,31.428571428571427,20.0,95.26953602449457,301.31682221198014,865.4566680123223,23.398260114976157,322.1953465353038,67.7698654316878,train
366_45,36.6,4.5,2020-09-09,2020,253,0,matched_negative,0,,27.0,14.9,19.3,47,80,13.7,6.5,9.9,1.9,18.900000000000027,32.99999999999999,0.0,25.5,43.142857142857146,71.38413552789918,24.53775085757943,744.8582374395424,1.3062626572792937,45.34132121104512,3.594415832761009,train
355_-5,35.5,-0.5,2019-10-25,2019,298,0,matched_negative,0,,22.4,10.8,16.3,43,68,10.6,7.3,0.0,1.54,40.100000000000016,42.4,1.0,21.5,50.285714285714285,84.85388684393921,18.318879350867586,718.5465767359011,3.523588805471452,34.44253351904824,7.984722783301863,train
354_-7,35.4,-0.7000000000000001,2017-08-01,2017,213,0,matched_negative,0,,33.6,23.9,28.2,29,48,17.9,9.3,0.0,3.64,0.0,0.2,62.0,36.471428571428575,30.0,94.78548249077895,455.31822178151316,1072.7203697237749,20.716841673328936,454.8033834850922,63.06047670327468,train
364_17,36.4,1.7000000000000002,2015-06-16,2015,167,0,matched_negative,0,,25.2,16.3,20.3,39,64,19.5,13.3,0.0,1.94,2.3,23.0,2.0,26.97142857142857,41.0,90.44036768328253,144.20758218271985,494.9787875007171,12.198024544502129,166.87289888211274,42.88047470147293,train
365_89,36.5,8.9,2017-07-11,2017,192,0,matched_negative,0,,45.6,25.4,35.4,6,20,19.1,7.7,0.0,9.24,1.5000000000000142,5.7,1.0,41.84285714285714,9.142857142857142,99.98256636785767,298.97461666564027,702.3437530756781,43.93788483629319,298.6958972431269,98.02228186132183,train
368_61,36.800000000000004,6.1000000000000005,2012-09-09,2012,253,0,matched_negative,0,,27.4,20.5,23.6,61,81,10.9,5.8,0.4,1.43,8.1,34.1,6.0,25.67142857142857,60.285714285714285,86.58797671069105,37.547331269044165,737.1929393470562,4.556731431771008,66.61272419896353,14.497128193133173,train
366_38,36.6,3.8000000000000003,2016-07-01,2016,183,0,matched_negative,0,,29.5,18.0,23.4,38,60,14.1,5.9,0.0,2.55,2.500000000000014,5.100000000000003,2.0,31.74285714285714,31.0,91.9621418323346,197.9706471185173,439.0995390334107,11.538195362638053,197.67718194997832,42.57391932569849,train
363_47,36.300000000000004,4.7,2021-08-07,2021,219,0,matched_negative,0,,39.8,22.4,29.7,12,30,17.0,9.1,0.0,6.38,0.0,0.5,62.0,36.54285714285714,14.857142857142858,98.43693725076152,512.5652856686294,928.3560342029988,32.33096737383958,509.20604145323955,82.24596996624278,train
363_76,36.300000000000004,7.6000000000000005,2019-06-03,2019,154,0,matched_negative,0,,24.9,12.1,18.5,44,64,11.5,7.6,0.0,1.7,4.100000000000022,127.10000000000004,5.0,19.699999999999996,47.857142857142854,89.56978082969498,19.879984351249337,46.37285368152001,7.195506379268399,19.845347149509788,10.768774505712562,train
367_38,36.7,3.8000000000000003,2014-07-06,2014,187,0,matched_negative,0,,29.3,14.7,22.7,30,52,15.4,7.0,0.1,2.86,0.10000000000000711,0.8999999999999999,34.0,28.32857142857143,34.57142857142857,92.6753920185067,165.05196545241023,464.48630950208866,13.622634294306215,174.8100794104715,46.427288446822196,train
366_35,36.6,3.5,2015-07-23,2015,204,0,matched_negative,0,,30.7,19.9,25.3,40,60,12.6,7.3,0.0,2.61,0.0,0.1999999999999929,38.0,32.614285714285714,32.142857142857146,92.88223987142132,277.49226826712464,741.0707362733618,12.1785693827968,286.64789225888256,45.18076236354933,train
367_58,36.7,5.800000000000001,2018-09-08,2018,251,0,matched_negative,0,,29.7,21.3,24.8,53,70,11.0,5.2,0.2,1.97,1.5000000000000284,28.2,2.0,31.157142857142855,40.57142857142857,90.06139759865002,80.15060559887799,636.4466331541012,7.528760334793457,121.91723723781111,28.346963057600945,train
365_26,36.5,2.6,2014-06-20,2014,171,0,matched_negative,0,,32.3,19.4,25.2,41,67,14.8,8.9,0.0,2.87,0.2,59.8,18.0,28.300000000000004,47.0,91.057143638362,72.10963541476546,283.11118447796616,10.51141890843588,88.11261593068797,30.637011929683,train
368_44,36.800000000000004,4.4,2015-10-18,2015,291,0,matched_negative,0,,22.6,16.7,19.3,51,64,14.0,10.5,0.1,1.34,12.799999999999986,91.5,4.0,21.5,58.285714285714285,87.32499925394607,10.800505320023673,455.3477941895346,5.915807440535073,20.39181458838536,9.273496983496653,train
363_29,36.300000000000004,2.9000000000000004,2015-06-04,2015,155,0,matched_negative,0,,27.5,15.7,21.6,41,66,9.7,3.9,4.5,2.17,18.39999999999999,35.7,0.0,26.385714285714283,41.714285714285715,78.58623799223749,36.72237017714448,359.8151432411441,1.61618507449657,58.51482936323657,5.46859429368403,train
350_-11,35.0,-1.1,2023-10-02,2023,275,0,matched_negative,0,,31.5,16.2,23.0,25,52,10.2,4.9,0.0,3.24,0.0,24.299999999999983,13.0,29.314285714285713,29.857142857142858,94.10420297483708,74.70039092972029,973.7965171465445,12.794451005895183,125.3597648754811,40.71994311816088,train
366_59,36.6,5.9,2022-08-29,2022,241,0,matched_negative,0,,32.1,17.4,24.2,21,48,13.4,6.2,0.0,3.76,4.800000000000007,6.7,1.0,27.885714285714283,32.142857142857146,94.19116934166232,110.5563979807419,824.197042562588,15.21514170525906,165.58467500316476,49.249075723529565,train
363_70,36.300000000000004,7.0,2014-07-10,2014,191,0,matched_negative,0,,24.1,14.0,18.4,42,65,15.5,9.4,0.0,1.73,0.3999999999999929,14.299999999999999,8.0,29.32857142857143,32.714285714285715,91.36660080341582,177.00947895387557,412.45367695506275,11.37895534452475,176.8611077750058,41.478679373992776,train
358_74,35.800000000000004,7.4,2017-09-24,2017,267,0,matched_negative,0,,24.1,13.3,18.5,36,60,13.8,10.2,2.2,1.88,8.400000000000004,26.4,0.0,25.628571428571433,26.857142857142858,84.25468424530625,69.19361091881672,969.510812410557,3.8166800955507383,117.43414780357509,17.19928068131305,train
367_30,36.7,3.0,2023-07-31,2023,212,0,matched_negative,0,,31.7,23.7,27.1,55,79,14.1,7.0,0.0,2.08,0.10000000000001422,0.0999999999999858,47.0,31.514285714285712,52.285714285714285,88.90272128333918,245.91305661156653,610.5740558401139,7.453847976436128,245.89008423802906,32.629190393129704,train
359_3,35.9,0.30000000000000004,2023-07-24,2023,205,0,matched_negative,0,,35.9,23.9,29.4,25,56,24.5,12.6,0.0,3.71,0.0,0.0,45.0,38.98571428571428,19.285714285714285,95.95921372049806,366.85733206761523,927.4939661582131,33.90577479830016,368.9158433596466,84.52689336404042,train
356_62,35.6,6.2,2021-07-04,2021,185,0,matched_negative,0,,39.1,19.0,30.1,7,22,24.4,12.3,0.0,6.55,0.0,2.8,29.0,37.94285714285714,7.142857142857143,99.66671661525726,361.58441988195216,529.9557362170756,55.0972723702166,358.4467906596643,111.73326500563995,train
366_29,36.6,2.9000000000000004,2012-10-01,2012,275,0,matched_negative,0,,24.6,16.6,20.3,55,78,11.6,6.3,0.0,1.38,7.8000000000000025,17.1,2.0,27.842857142857145,46.285714285714285,87.0634302804507,82.08052484425097,1182.1155090178504,5.050084904702058,139.87960057716094,22.594404191487296,train
368_60,36.800000000000004,6.0,2013-08-29,2013,241,0,matched_negative,0,,28.6,20.3,24.1,57,73,16.0,9.6,0.7,1.69,7.0,25.2,2.0,29.114285714285717,55.0,86.59182274165053,56.52803487526297,659.226490992571,5.895205033046129,93.09833828335353,21.07961763389421,train
365_57,36.5,5.7,2014-06-03,2014,154,0,matched_negative,0,,15.9,6.6,11.8,60,79,12.2,6.1,0.9,0.73,37.4,102.89999999999999,1.0,17.042857142857144,65.28571428571429,55.026992002966985,5.611353550528934,95.99377529183118,0.5173514974432402,9.79175496800121,0.3085705628923223,train
354_-1,35.4,-0.1,2023-07-01,2023,182,0,matched_negative,0,,33.0,18.6,24.7,35,66,14.4,6.6,0.0,3.22,0.0,22.70000000000001,22.0,35.82857142857143,20.428571428571427,94.26261295423636,169.48821180483043,615.0586186731771,16.160277548440785,200.70711973027605,52.75953268330195,train
369_67,36.9,6.7,2013-07-25,2013,206,0,matched_negative,0,,31.7,20.8,26.4,43,68,15.5,7.4,0.0,2.67,0.1,3.5,14.0,29.400000000000002,56.142857142857146,90.40973179455922,152.62859701031513,584.4285087323042,9.927749748562992,184.68013089952382,38.255914860928165,train
354_30,35.4,3.0,2015-07-19,2015,200,0,matched_negative,0,,36.7,21.3,29.6,15,32,15.9,6.3,0.0,5.28,0.0,0.29999999999999294,30.0,36.871428571428574,11.571428571428571,98.5717425998925,382.00868574986987,958.2364803936712,31.133279694102445,382.6505586268649,80.41254017021139,train
354_71,35.4,7.1000000000000005,2021-07-03,2021,184,0,matched_negative,0,,37.3,23.0,30.3,7,21,17.1,10.0,0.0,5.91,0.0,1.0,31.0,36.92857142857143,7.857142857142857,99.36618735922977,329.0618553084359,610.5279447084158,36.6838080370088,327.52479578256356,88.42586522244852,train
352_88,35.2,8.8,2015-07-28,2015,209,0,matched_negative,0,,39.1,20.7,30.9,17,37,9.7,4.4,0.0,5.8,2.5,2.5,6.0,37.08571428571429,16.714285714285715,97.91829190019358,238.40736058050172,1024.8828558839487,20.90259020279012,301.48612134115876,63.24549063390782,train
358_5,35.800000000000004,0.5,2022-07-03,2022,184,0,matched_negative,0,,40.7,22.2,28.9,20,58,19.2,10.5,0.0,6.1,0.0,16.699999999999996,9.0,34.714285714285715,30.857142857142858,96.73136035419233,132.776937652453,547.2011391717552,28.805667225099796,165.28744833823134,72.72571375218364,train
346_-3,34.6,-0.30000000000000004,2017-07-04,2017,185,0,matched_negative,0,,35.6,17.6,26.4,11,28,18.3,11.8,0.1,5.19,0.10000000000000711,9.600000000000001,8.0,29.785714285714285,14.428571428571429,97.89903217432115,193.1533244277289,658.5218150814119,32.15866643008225,222.87560284595986,80.77170197236468,train
368_44,36.800000000000004,4.4,2023-06-17,2023,168,0,matched_negative,0,,28.1,14.1,21.6,40,54,14.8,8.2,0.0,2.22,18.199999999999996,161.0,2.0,24.814285714285717,52.57142857142857,90.20716458818706,18.851193711603624,120.63287417437293,9.309934604063049,27.110897023461977,15.47868734365458,train
359_14,35.9,1.4000000000000001,2022-08-21,2022,233,0,matched_negative,0,,34.6,19.7,26.9,13,33,10.6,5.5,0.0,4.77,0.6,0.6000000000000071,58.0,33.07142857142857,17.428571428571427,97.57830039153731,531.1395091514393,1001.7941576222148,20.909518633327888,528.0212790799017,63.419603541746945,train
365_37,36.5,3.7,2019-08-22,2019,234,0,matched_negative,0,,28.2,22.4,25.0,54,83,15.6,8.7,4.5,1.75,4.700000000000014,5.800000000000007,0.0,35.971428571428575,30.857142857142858,78.39401290483063,106.92172348739118,922.2198892779548,2.1388517450652538,165.78954873223302,12.50146778001398,train
367_78,36.7,7.800000000000001,2016-06-21,2016,173,0,matched_negative,0,,27.1,16.1,21.1,38,65,15.3,7.3,0.0,2.22,10.7,31.200000000000003,2.0,28.800000000000004,39.857142857142854,90.24289995014965,62.76003005963646,442.7374774575207,9.596431448852435,92.67670869836459,29.536963700236896,train
352_-11,35.2,-1.1,2021-09-07,2021,250,0,matched_negative,0,,37.7,23.1,30.6,17,32,13.2,7.8,0.0,5.29,0.3999999999999929,0.7,35.0,32.471428571428575,35.142857142857146,97.11826304897214,327.7960480658493,1192.1803479120051,22.42095265374601,388.52487306329385,66.1323201631712,train
362_55,36.2,5.5,2021-10-05,2021,278,0,matched_negative,0,,22.5,10.9,16.2,27,73,15.1,8.2,0.8,1.99,2.1999999999999913,19.900000000000006,4.0,24.82857142857143,29.142857142857142,91.13068139224615,143.51286695102445,1015.5120966601429,10.783865019688571,212.09293559438822,41.092860671431445,train
360_21,36.0,2.1,2012-09-06,2012,250,0,matched_negative,0,,30.0,15.6,21.9,29,56,9.2,6.6,0.9,3.02,12.0,22.6,1.0,25.228571428571428,35.142857142857146,91.71395533675788,87.95998787659349,975.9209221775734,8.702499085054932,143.56998287441365,33.102215384186124,train
367_36,36.7,3.6,2022-07-02,2022,183,0,matched_negative,0,,35.9,22.6,27.9,34,67,17.1,9.6,0.0,3.45,0.0,1.900000000000007,8.0,28.442857142857143,50.857142857142854,92.82289560694662,200.03397238694313,435.31904953402494,15.151630977695637,199.68910776295243,50.650664475926646,train
360_18,36.0,1.8,2021-09-14,2021,257,0,matched_negative,0,,40.0,24.9,30.5,9,30,27.1,14.7,0.0,6.74,0.0,3.1,20.0,34.542857142857144,18.142857142857142,98.88618285678653,301.4560857930778,1445.9064197591438,57.04099173648887,396.3337561823662,113.98630249152106,train
364_80,36.4,8.0,2013-06-11,2013,162,0,matched_negative,0,,21.8,9.4,15.3,33,62,14.8,7.6,0.0,1.74,1.3000000000000054,37.0,2.0,22.557142857142857,38.714285714285715,90.61140296559431,72.58111704796865,275.9030804215471,9.863901155282829,87.5701175139636,29.257132832309612,train
364_72,36.4,7.2,2017-07-25,2017,206,0,matched_negative,0,,27.3,15.6,20.7,35,68,15.0,7.6,0.0,2.35,4.0000000000000036,10.8,5.0,34.114285714285714,17.0,93.48926682014988,178.62802199333333,798.3878325869475,14.961436184644828,229.1072505221588,50.91426422703229,train
368_76,36.800000000000004,7.6000000000000005,2014-09-05,2014,248,0,matched_negative,0,,32.1,20.5,25.6,32,60,12.6,5.0,0.0,3.27,0.19999999999998935,1.5,20.0,32.72857142857143,31.714285714285715,94.25930265197819,497.80586198931445,1074.4738688171562,14.752268187722795,496.3356058229211,51.169009777344264,train
358_55,35.800000000000004,5.5,2013-08-07,2013,219,0,matched_negative,0,,35.2,22.7,29.0,13,24,13.6,7.8,0.0,4.94,0.0,9.0,16.0,34.128571428571426,14.428571428571429,97.72045353267733,247.1855165703992,971.3895210542017,24.784562659756524,302.1523517362624,70.08677816562977,train
364_19,36.4,1.9000000000000001,2018-08-29,2018,241,0,matched_negative,0,,32.8,19.3,25.4,18,34,14.1,7.2,0.0,4.08,0.0,3.100000000000003,18.0,31.814285714285713,19.857142857142858,97.19228210356287,450.95268869554167,812.1735578250058,23.69398887287025,448.1749875829891,68.38518681343535,train
363_69,36.300000000000004,6.9,2022-06-17,2022,168,0,matched_negative,0,,32.3,18.9,25.2,12,27,19.4,8.9,0.0,4.25,0.0,34.5,10.0,31.214285714285715,14.571428571428571,97.3335562074408,173.31140546073243,399.96265416588284,31.535362792080385,173.14738038036228,77.41513376990662,train
362_11,36.2,1.1,2012-10-21,2012,295,0,matched_negative,0,,20.3,13.3,16.5,48,69,20.3,12.9,0.0,1.24,26.2,33.4,1.0,26.099999999999998,40.0,84.43152654226319,43.78597734126934,864.4226323148412,5.4236571362076536,77.72886878828086,18.01007263344854,train
349_85,34.9,8.5,2015-07-10,2015,191,0,matched_negative,0,,34.7,18.2,27.0,13,37,11.6,6.2,0.0,4.79,1.399999999999993,2.3000000000000034,1.0,32.871428571428574,15.142857142857142,97.33232832378502,302.8257919623152,804.8390563333214,21.282903634259988,312.08844718183525,63.976098477281155,train
361_10,36.1,1.0,2018-10-13,2018,286,0,matched_negative,0,,30.2,16.6,22.5,32,64,10.3,5.3,0.0,2.93,7.3,22.200000000000006,4.0,27.97142857142857,40.57142857142857,92.33928571406061,72.7317476904307,871.7452758394116,10.048641864019869,120.35892805437805,34.24207829810491,train
366_77,36.6,7.7,2015-09-15,2015,258,0,matched_negative,0,,37.6,20.0,28.3,24,55,9.5,5.3,1.3,4.94,6.299999999999994,14.4,0.0,32.97142857142857,31.714285714285715,94.4089860717034,139.90384401751035,1234.0710971176763,12.882272841223116,218.01735437633434,46.15594266661903,train
360_20,36.0,2.0,2021-08-04,2021,216,0,matched_negative,0,,33.4,18.2,25.4,22,58,12.8,7.3,0.0,3.99,0.09999999999999645,0.2000000000000009,60.0,35.25714285714286,20.428571428571427,95.0338381525037,529.0040878283481,988.5660167136309,16.576983010320678,525.8058133113939,55.014722848867294,train
364_24,36.4,2.4000000000000004,2013-06-06,2013,157,0,matched_negative,0,,21.4,13.9,17.5,67,84,12.5,7.7,0.0,0.83,0.0,184.6,10.0,21.857142857142858,52.0,86.73600648954934,35.85918633571756,84.7866681145656,5.044077072593312,35.82745610884885,11.07916722746959,train
369_37,36.9,3.7,2022-06-16,2022,167,0,matched_negative,0,,33.0,21.7,27.1,38,55,24.8,14.2,0.0,3.05,0.0,17.5,20.0,29.82857142857143,40.857142857142854,92.81601985859359,102.10437711847246,313.18401018811824,22.312484311072794,112.50854850885227,55.50692239821557,train
368_43,36.800000000000004,4.3,2022-06-12,2022,163,0,matched_negative,0,,29.9,16.4,22.4,25,45,15.6,6.7,0.0,3.08,0.0,22.29999999999999,16.0,28.071428571428573,38.57142857142857,93.59627733334236,94.60192454744552,245.66431724068957,15.652237161640127,96.39902608710905,41.560892240690656,train
362_76,36.2,7.6000000000000005,2021-09-12,2021,255,0,matched_negative,0,,26.8,15.0,20.1,30,61,16.9,8.8,0.1,2.45,1.9999999999999982,8.800000000000002,17.0,27.985714285714284,29.857142857142858,91.92481198037375,233.64209522563047,1128.2573442806956,13.216603672898435,307.88854251940387,47.65083121080855,train
364_24,36.4,2.4000000000000004,2015-08-31,2015,243,0,matched_negative,0,,34.3,20.5,27.5,34,64,13.7,7.6,0.0,3.52,0.2,2.1,20.0,32.44285714285714,42.714285714285715,92.74745855170403,483.89377579133236,1182.0742015833864,12.631491792368342,483.6723013480735,46.4118108008607,train
351_-10,35.1,-1.0,2020-06-24,2020,176,0,matched_negative,0,,37.8,19.8,26.9,19,44,15.0,7.5,0.0,5.32,0.0,4.099999999999985,11.0,33.857142857142854,20.0,97.9682061610859,200.2457282275176,524.9139787820333,27.48205405356626,204.99050490278833,73.04649781165416,train
361_40,36.1,4.0,2020-09-14,2020,258,0,matched_negative,0,,28.8,13.7,20.6,24,64,12.9,9.3,0.0,2.97,12.399999999999999,16.400000000000006,3.0,25.571428571428573,42.857142857142854,93.57583008169779,77.82603694651606,1035.6803079514946,13.62238498206266,131.03547290742415,43.05881220427355,train
361_57,36.1,5.7,2023-06-19,2023,170,0,matched_negative,0,,33.1,20.4,26.8,20,35,20.2,10.7,0.0,3.97,16.70000000000001,145.8,5.0,27.914285714285715,33.42857142857143,95.4732786087686,45.73400874913652,188.48688708674555,25.557103025002515,56.93287498741148,44.45031652176257,train
365_41,36.5,4.1000000000000005,2023-08-30,2023,242,0,matched_negative,0,,26.3,14.8,20.5,26,50,13.2,6.3,0.0,2.53,8.099999999999957,10.5,3.0,29.285714285714285,23.857142857142858,93.027634748654,103.89054210940199,703.8292703131012,12.810771771533679,151.77370668305156,43.26899606351873,train
368_69,36.800000000000004,6.9,2018-08-02,2018,214,0,matched_negative,0,,35.2,19.3,26.2,27,71,17.8,6.6,0.0,4.05,0.0,0.0,48.0,33.67142857142857,29.285714285714285,94.33806964351507,321.67465043429775,735.7472311737075,19.381196125225813,321.2290462552621,60.4592924973781,train
364_72,36.4,7.2,2019-07-27,2019,208,0,matched_negative,0,,34.1,18.5,24.2,12,44,21.4,7.9,0.0,4.66,0.0,0.1999999999999858,61.0,33.44285714285714,16.142857142857142,97.48682637528489,375.44873529079086,622.5944441164389,35.597347981676094,372.86513018777924,86.9677246452753,train
359_25,35.9,2.5,2023-09-11,2023,254,0,matched_negative,0,,30.5,19.7,24.5,26,45,12.0,7.1,0.0,3.18,0.0,7.9,8.0,30.38571428571428,22.571428571428573,95.32073242688219,120.00469416974975,1048.7887329444204,16.55883924074067,186.62444756990027,53.046416893469164,train
345_70,34.5,7.0,2016-09-18,2016,262,0,matched_negative,0,,34.9,22.8,29.5,23,42,14.2,8.7,0.0,3.92,0.2,0.20000000000000712,110.0,36.42857142857143,23.857142857142858,95.7421112871146,1020.8033250525681,1724.3354080293411,19.592225531405365,1008.0728868273427,60.95978835870915,train
361_87,36.1,8.700000000000001,2022-08-13,2022,225,0,matched_negative,0,,37.9,20.9,29.3,13,26,15.9,9.1,0.0,5.75,0.0,0.10000000000000711,77.0,34.74285714285715,17.0,97.79121219521407,648.8966931407535,996.1624941542278,28.09204726502784,641.4982871808288,75.70490284365856,train
366_56,36.6,5.6000000000000005,2019-08-30,2019,242,0,matched_negative,0,,24.3,17.1,20.1,68,87,11.0,5.5,1.2,0.98,20.400000000000016,37.1,0.0,25.771428571428572,62.142857142857146,78.37687877116961,22.452007895660056,634.8080324666306,1.6937912501237162,41.256129725865364,4.44996201664354,train
366_32,36.6,3.2,2020-09-30,2020,274,0,matched_negative,0,,26.9,17.5,21.3,54,77,11.7,6.4,0.0,1.61,13.8,73.19999999999999,3.0,27.428571428571427,34.142857142857146,89.9060341015925,49.138838117721725,577.3920690332079,7.627393472685969,81.03624263269295,23.534335852778362,train
365_19,36.5,1.9000000000000001,2018-08-17,2018,229,0,matched_negative,0,,26.4,17.7,21.0,51,73,15.7,7.7,2.0,1.59,7.3999999999999995,8.1,0.0,28.95714285714286,40.285714285714285,83.49999713954765,110.83095538047039,637.5479999999999,3.7998777828084522,154.51146411005203,18.993242896055857,train
353_69,35.300000000000004,6.9,2019-08-24,2019,236,0,matched_negative,0,,23.8,13.1,17.9,41,71,10.2,6.2,11.3,1.75,21.099999999999987,25.700000000000003,0.0,27.114285714285717,28.857142857142858,67.18687207985035,32.82659806735636,718.4914656267023,0.9552807305830711,58.922980501071805,3.0949336296250367,train
363_19,36.300000000000004,1.9000000000000001,2023-10-20,2023,293,0,matched_negative,0,,23.7,16.3,20.4,27,53,29.8,20.0,2.7,2.12,2.699999999999993,2.800000000000004,0.0,30.228571428571424,23.142857142857142,87.5795263903622,120.14690061447297,1401.961807957424,13.60106310086569,197.89518961281652,47.276234734373716,train
366_58,36.6,5.800000000000001,2017-06-21,2017,172,0,matched_negative,0,,28.6,18.7,23.5,41,64,11.9,6.2,0.0,2.29,2.7000000000000073,60.39999999999999,1.0,29.1,33.285714285714285,90.13865418572477,78.85943382212355,349.1644226032294,7.9656931484960865,100.80268386994054,27.09359577613099,train
365_22,36.5,2.2,2016-06-27,2016,179,0,matched_negative,0,,29.5,21.7,25.0,45,63,17.7,11.0,0.0,2.25,0.0,4.6,11.0,28.314285714285713,41.42857142857143,90.81245309932031,164.5961984608668,488.29027177620816,11.748343714930495,178.6451218885911,42.414441572451835,train
363_29,36.300000000000004,2.9000000000000004,2022-09-05,2022,248,0,matched_negative,0,,34.9,19.5,26.3,31,60,10.1,5.8,0.0,3.89,2.5999999999999863,6.600000000000008,2.0,34.7,25.571428571428573,95.153487759643,259.3716181645,1097.915195369638,14.707153195136947,326.13047780669007,50.996314263932035,train
365_71,36.5,7.1000000000000005,2023-09-08,2023,251,0,matched_negative,0,,26.0,11.2,18.2,25,62,14.2,6.3,0.0,2.51,0.0,0.29999999999998583,35.0,29.557142857142857,23.285714285714285,93.55626643477248,315.90676449546623,779.5644976679531,14.505057041575,315.843374900768,50.5369574055501,train
368_77,36.800000000000004,7.7,2023-06-22,2023,173,0,matched_negative,0,,33.6,22.2,29.1,24,49,11.3,7.6,0.0,3.23,0.0,156.29999999999998,7.0,34.65714285714286,33.42857142857143,96.25919043693628,55.843746598563015,104.8543996169164,18.15562065027983,55.646974151346605,35.240205383507174,train
351_-14,35.1,-1.4000000000000001,2012-07-07,2012,189,0,matched_negative,0,,30.1,20.7,25.6,40,52,13.5,5.1,0.0,2.57,0.0,1.1999999999999982,47.0,30.014285714285712,35.142857142857146,92.53773320440177,264.9384421731107,637.4733777043219,12.141566129343461,264.7955449878548,44.98302627146391,train
364_24,36.4,2.4000000000000004,2015-10-16,2015,289,0,matched_negative,0,,24.8,12.0,18.2,37,69,14.5,7.6,0.0,1.98,10.7,40.1,2.0,24.142857142857142,44.714285714285715,89.69878061280565,23.313202416821554,819.284905948063,8.526067457795042,43.52974758637006,18.4623244019823,train
364_31,36.4,3.1,2012-06-16,2012,168,0,matched_negative,0,,25.2,14.2,19.4,56,79,9.6,5.8,0.0,1.42,0.3000000000000018,17.799999999999997,14.0,26.057142857142857,41.57142857142857,89.00807960473972,140.71148210924284,332.7322121307746,6.032135220371361,140.62374859761803,25.638129963953514,train
368_61,36.800000000000004,6.1000000000000005,2015-10-15,2015,288,0,matched_negative,0,,20.2,15.3,17.8,69,85,11.4,7.4,1.8,0.73,49.199999999999996,97.2,0.0,22.62857142857143,61.857142857142854,69.71714217167505,6.309608466962811,416.19274814632377,1.1011211128665446,12.158404183565022,0.7403095162962838,train
360_28,36.0,2.8000000000000003,2023-06-12,2023,163,0,matched_negative,0,,33.2,17.3,23.9,27,54,21.3,7.9,1.7,3.69,6.600000000000001,65.8,0.0,29.071428571428577,35.57142857142857,92.46331206068969,43.954782898510345,440.84327553238904,17.800052951918108,70.36900941692772,38.897039987043605,train
363_55,36.300000000000004,5.5,2015-10-20,2015,293,0,matched_negative,0,,21.2,11.1,15.3,53,80,6.2,3.4,4.4,1.18,6.899999999999997,58.7,0.0,20.657142857142855,45.857142857142854,67.4462631260942,19.89817351209932,591.3669614963434,0.7877237258172106,36.708453918132626,1.3103748691533545,train
366_69,36.6,6.9,2017-06-19,2017,170,0,matched_negative,0,,34.0,19.3,26.5,25,52,18.9,9.2,0.0,3.93,0.0,26.599999999999994,13.0,34.857142857142854,24.142857142857142,94.5491152947279,121.76564387430358,532.5149178716437,21.090680548214486,154.95225930102,59.40149090485359,train
364_23,36.4,2.3000000000000003,2012-10-22,2012,296,0,matched_negative,0,,17.8,7.2,12.4,40,65,14.3,10.0,0.0,1.21,10.4,37.2,2.0,22.185714285714287,34.285714285714285,88.20617141071415,31.797160530951235,804.8713390070739,6.81309405053895,57.87801452372361,18.176815763499345,train
366_36,36.6,3.6,2021-06-06,2021,157,0,matched_negative,0,,21.4,15.0,18.3,64,87,14.9,8.5,4.8,0.93,9.499999999999982,18.399999999999988,0.0,27.52857142857143,37.714285714285715,67.5728580358607,66.06158157919883,331.08362078404,1.2262826842559047,88.15095324360304,5.601736089381484,train
355_69,35.5,6.9,2020-06-15,2020,167,0,matched_negative,0,,28.0,12.7,20.5,13,42,11.5,6.7,0.0,3.29,0.30000000000000004,18.2,14.0,28.228571428571428,21.142857142857142,96.14347095690714,157.4721056951796,454.658207615316,18.055242611002697,168.79108445564808,55.00406048069361,train
367_77,36.7,7.7,2017-09-10,2017,253,0,matched_negative,0,,29.5,17.1,21.6,36,62,29.5,13.5,4.0,2.64,13.700000000000001,22.000000000000004,0.0,31.557142857142853,35.42857142857143,87.16891510670658,58.17124619923596,965.2921561204404,12.634266664274971,101.10961166855985,36.96445716647664,train
368_78,36.800000000000004,7.800000000000001,2020-09-14,2020,258,0,matched_negative,0,,28.0,19.3,22.5,62,88,11.4,7.0,8.7,1.44,36.9,42.6,0.0,28.228571428571428,57.714285714285715,64.97714151387645,11.045728125349278,722.2110092295928,0.935862539238959,21.27787937477801,0.8823255472738155,train
362_24,36.2,2.4000000000000004,2013-06-03,2013,154,0,matched_negative,0,,24.4,12.7,18.7,45,71,10.8,4.7,0.0,1.68,0.9,156.5,7.0,21.97142857142857,46.0,89.5007852557919,34.469325207855746,69.59412191348355,6.877709663361223,34.349654441429415,13.861621061119436,train
366_72,36.6,7.2,2023-08-03,2023,215,0,matched_negative,0,,39.2,22.9,29.8,20,43,19.7,8.7,0.0,5.68,0.0,0.1,33.0,36.01428571428572,32.57142857142857,96.46883845277362,343.7612966458245,545.156790818631,28.517036284983778,341.27456783277245,76.3049825666039,train
366_34,36.6,3.4000000000000004,2013-07-06,2013,187,0,matched_negative,0,,27.2,12.8,20.4,45,73,14.4,6.4,0.0,1.96,0.29999999999999294,8.0,14.0,27.442857142857143,45.714285714285715,89.80501682978726,110.74626303224426,320.3108427983651,8.613414144482729,118.80316397619742,30.733339077470575,train
367_77,36.7,7.7,2013-10-03,2013,276,0,matched_negative,0,,38.1,18.9,27.7,23,58,9.6,5.4,0.2,5.08,0.30000000000000093,18.7,13.0,32.55714285714286,34.0,95.57083313197228,71.48181371362055,686.1636580099891,15.181250866583122,113.42357879719762,43.72900424722285,train
366_89,36.6,8.9,2020-09-11,2020,255,0,matched_negative,0,,28.5,18.9,23.0,43,73,17.9,7.5,1.3,2.23,15.599999999999993,15.9,0.0,31.25714285714286,40.57142857142857,87.47674047915775,68.64321074434878,1134.1268731559412,7.358208543454427,119.24336243730663,27.656970424168343,train
355_61,35.5,6.1000000000000005,2020-06-13,2020,165,0,matched_negative,0,,27.2,11.3,18.6,34,63,19.6,13.2,0.1,2.38,1.5000000000000075,17.799999999999997,6.0,26.7,22.857142857142858,93.29882136284245,145.86514121685877,470.0919553332141,18.36971723203558,164.2878334131258,55.28824695118488,train
359_45,35.9,4.5,2019-06-02,2019,153,0,matched_negative,0,,25.8,10.4,19.0,24,46,17.7,11.6,0.0,2.52,0.0,28.500000000000007,7.0,23.32857142857143,27.714285714285715,94.58867725148224,63.11141081352186,327.7880701830933,19.961594555281,85.20836348986327,45.82903753154101,train
359_13,35.9,1.3,2013-09-11,2013,254,0,matched_negative,0,,29.0,14.3,21.7,40,71,12.6,6.7,0.0,2.39,7.5,10.0,1.0,27.871428571428574,42.714285714285715,88.14674185835138,85.88664507778988,906.485364768842,6.200697301456673,138.8777193708788,26.024553184747482,train
360_42,36.0,4.2,2019-06-21,2019,172,0,matched_negative,0,,34.3,15.0,25.3,9,30,22.7,12.3,0.0,4.91,0.0999999999999929,14.100000000000007,15.0,30.74285714285714,16.285714285714285,98.17971496674544,166.7321878966641,379.39314140077244,41.65528428779915,166.54882981571058,90.46822225695355,train
353_-5,35.300000000000004,-0.5,2023-09-26,2023,269,0,matched_negative,0,,27.1,15.9,20.2,44,78,12.4,5.9,0.0,2.01,1.3,37.1,6.0,27.82857142857143,46.0,90.95958520351932,56.523808113505055,882.7074092947543,9.185496276699363,97.44757685575004,29.38174460851483,train
367_74,36.7,7.4,2013-07-14,2013,195,0,matched_negative,0,,33.5,20.0,26.4,30,57,15.8,7.5,0.0,3.61,0.19999999999999646,2.2999999999999963,35.0,34.18571428571429,27.428571428571427,94.99881262550085,295.90047513489225,631.6387797314826,19.189977916098538,295.2050733369519,60.01383459742223,train
362_12,36.2,1.2000000000000002,2017-10-20,2017,293,0,matched_negative,0,,22.5,14.1,17.5,49,82,12.3,7.9,0.6,1.39,22.199999999999985,22.2,1.0,28.17142857142857,29.571428571428573,77.5243781910271,58.15510377476092,860.7187610745227,1.684363542230073,99.50276208473116,8.150291347411594,train
361_25,36.1,2.5,2015-08-12,2015,224,0,matched_negative,0,,33.9,22.4,28.4,29,48,14.7,6.6,0.2,3.75,8.099999999999998,18.500000000000004,1.0,35.18571428571429,26.428571428571427,93.58293861777906,112.73736902239398,980.2644577876333,14.930499169107533,175.12359702096708,49.205404239126324,train
369_-22,36.9,-2.2,2020-10-19,2020,293,0,matched_negative,0,,23.0,14.0,18.3,30,42,22.6,16.4,0.0,1.82,0.0,1.2000000000000073,17.0,21.87142857142857,36.0,92.03619117965731,157.12648339505222,1154.392807609131,17.893695481984555,234.46823335318527,56.97890017823296,train
360_18,36.0,1.8,2015-06-29,2015,180,0,matched_negative,0,,38.2,19.8,29.2,13,29,16.6,8.6,0.0,5.86,0.9999999999999953,14.0,6.0,33.34285714285714,18.857142857142858,97.89028377524528,179.75014620729453,625.04208245738,29.484441025946865,209.13920547197907,76.31702535366001,train
365_34,36.5,3.4000000000000004,2015-10-24,2015,297,0,matched_negative,0,,21.6,7.6,14.1,46,76,8.0,6.0,0.6,1.4,33.59999999999999,77.79999999999998,2.0,20.657142857142855,58.57142857142857,83.50239282477071,7.789455122642323,489.88015500516514,2.578684137601049,14.983296626971207,3.4057088190557376,train
360_58,36.0,5.800000000000001,2018-10-05,2018,278,0,matched_negative,0,,19.1,11.3,14.9,56,79,11.7,7.1,0.7,0.98,17.499999999999996,39.8,1.0,21.0,37.0,75.0074917141976,29.310408727815524,789.1267678084693,1.3817809036454698,53.639965873725956,4.367333119578927,train
362_76,36.2,7.6000000000000005,2022-07-18,2022,199,0,matched_negative,0,,35.0,21.8,27.5,17,34,18.4,10.2,0.0,4.64,0.0,4.300000000000001,11.0,32.0,22.714285714285715,96.46785719271803,200.7366953388111,640.4623977722462,26.705315842534148,225.09645400451876,72.40965381419444,train
360_66,36.0,6.6000000000000005,2014-08-12,2014,224,0,matched_negative,0,,36.5,21.2,28.0,20,49,16.6,7.2,0.0,4.87,0.10000000000000711,6.0,14.0,34.642857142857146,19.714285714285715,97.46238036278304,233.1747124332882,917.4753440095252,27.858858196436703,285.16438374000654,75.05762034282907,train
350_63,35.0,6.300000000000001,2015-07-16,2015,197,0,matched_negative,0,,28.3,16.5,22.9,22,33,12.3,6.0,0.0,3.01,0.0,0.4000000000000018,36.0,29.285714285714285,18.714285714285715,95.73435220107208,282.1523128153297,693.4543973405514,17.78469717890415,282.0823387637128,57.220381972456984,train
367_62,36.7,6.2,2022-06-25,2022,176,0,matched_negative,0,,32.6,19.5,24.5,32,67,13.0,7.0,0.0,3.34,0.0,22.49999999999997,29.0,34.25714285714285,27.714285714285715,92.87966208079696,166.7666210753754,304.200565438299,12.42203979286018,166.1569066544252,43.34322503306831,train
366_43,36.6,4.3,2013-09-05,2013,248,0,matched_negative,0,,28.6,16.2,21.9,38,67,10.7,5.9,0.0,2.42,8.600000000000009,19.5,1.0,24.557142857142857,55.142857142857146,90.58825792613271,69.78442335349513,783.6278416606161,7.996282017947539,114.15436928973602,28.7424111124831,train
362_56,36.2,5.6000000000000005,2020-09-27,2020,271,0,matched_negative,0,,20.7,9.4,12.5,33,72,26.8,12.6,0.5,1.6,1.8000000000000071,26.0,7.0,25.300000000000004,30.0,90.63942436885958,88.79270036702883,1040.0575359043141,18.129922863156377,146.34967090855,53.32943449885507,train
366_30,36.6,3.0,2014-10-01,2014,274,0,matched_negative,0,,30.7,19.2,24.6,44,71,7.6,5.1,0.0,2.45,24.599999999999984,31.5,3.0,29.7,47.42857142857143,90.03650440248053,54.38750021146473,856.9721172567365,6.3207579318024765,93.87985270960472,22.251425833811755,train
365_50,36.5,5.0,2017-09-20,2017,263,0,matched_negative,0,,21.0,11.3,14.7,45,78,9.5,4.7,0.3,1.36,4.0000000000000036,26.299999999999997,4.0,25.9,34.857142857142854,89.87814497286094,66.11710439724926,942.7642863874563,6.799788023482818,112.50836749322792,25.550055793881487,train
358_74,35.800000000000004,7.4,2012-10-31,2012,305,0,matched_negative,0,,19.0,9.8,14.0,40,57,29.3,19.7,0.3,1.29,2.3,9.1,9.0,18.0,42.714285714285715,88.73467980805951,136.53994231820394,1012.0861760854723,15.650991766573453,204.2064565278459,51.821073885863655,train
365_63,36.5,6.300000000000001,2021-07-28,2021,209,0,matched_negative,0,,44.0,22.7,33.0,9,40,17.1,6.7,0.0,8.28,0.0,0.0,82.0,42.714285714285715,10.571428571428571,99.84827533149547,590.672466684192,906.265250486697,39.04416726045388,584.3272572357586,91.80736354761044,train
365_18,36.5,1.8,2018-09-11,2018,254,0,matched_negative,0,,33.8,19.1,26.3,25,53,17.9,8.7,0.0,3.94,15.300000000000013,18.8,1.0,28.657142857142855,41.714285714285715,93.96668727717717,89.34133274651467,726.9355348409737,18.503605525963664,136.68557378458624,52.94801462417232,train
364_67,36.4,6.7,2017-10-06,2017,279,0,matched_negative,0,,20.9,9.6,14.5,38,80,13.4,7.5,0.0,1.46,9.2,20.9,2.0,20.185714285714287,49.42857142857143,88.23592031597086,81.704499910539,1130.5934922463537,6.538852370455302,138.40393711472046,26.96489936144745,train
364_28,36.4,2.8000000000000003,2015-08-01,2015,213,0,matched_negative,0,,27.6,20.9,25.1,22,50,16.6,9.4,0.4,2.86,2.2000000000000073,2.9,1.0,31.67142857142857,23.0,94.54393049513547,193.11895395212053,786.1031759950012,18.76925640519449,239.28025209772628,58.74825883469932,train
367_62,36.7,6.2,2019-06-21,2019,172,0,matched_negative,0,,25.6,16.1,21.5,68,81,11.6,6.5,0.0,1.06,0.0,53.59999999999997,23.0,27.442857142857143,47.57142857142857,87.31639607107162,104.64306934365841,273.0819258218394,5.235510112927765,106.88867314436719,20.744417405775625,train
365_73,36.5,7.300000000000001,2018-10-15,2018,288,0,matched_negative,0,,22.5,14.5,17.4,62,80,12.7,6.5,9.3,0.98,16.000000000000014,147.29999999999998,0.0,23.842857142857145,52.142857142857146,62.4565817439171,10.230909373425835,247.2128595642367,0.8919108166665876,18.543283324456166,0.7711146774848,train
366_31,36.6,3.1,2019-06-17,2019,168,0,matched_negative,0,,26.5,17.9,22.1,53,71,13.3,7.8,0.4,1.63,1.6999999999999753,57.2,3.0,27.585714285714285,47.0,89.02172024793153,100.2431496720189,264.1763844566932,7.282704743912973,102.88532488166908,25.71698697217289,train
368_64,36.800000000000004,6.4,2020-07-24,2020,206,0,matched_negative,0,,28.4,19.8,23.3,55,77,16.8,8.7,0.0,1.69,0.10000000000000622,2.099999999999986,45.0,32.2,34.42857142857143,89.71874212139481,285.8645400214903,666.7708446538928,9.601195033932493,285.57434244499916,38.77571321432497,train
364_15,36.4,1.5,2020-09-21,2020,265,0,matched_negative,0,,27.4,16.7,20.6,26,52,10.2,4.5,0.0,2.71,0.2,3.9,22.0,29.985714285714288,33.285714285714285,93.2002072458419,206.21786185868046,1169.1447534311749,11.282583101235495,286.2231223154056,43.03034690375092,train
369_67,36.9,6.7,2012-10-13,2012,287,0,matched_negative,0,,23.4,17.6,20.2,55,76,13.8,6.8,0.3,1.29,1.7,11.7,1.0,25.957142857142856,53.285714285714285,86.47351350528106,86.50201835194392,842.7918173151934,5.188978239087878,137.67699198565091,22.907833154187514,train
365_33,36.5,3.3000000000000003,2021-10-13,2021,286,0,matched_negative,0,,20.7,10.9,15.5,43,71,16.3,8.7,0.2,1.39,0.4999999999999858,39.29999999999999,21.0,22.485714285714288,39.285714285714285,90.05070153210943,86.5598364365305,845.2049715028309,9.818472126036879,137.8306135193133,35.40087577853188,train
367_56,36.7,5.6000000000000005,2016-06-28,2016,180,0,matched_negative,0,,29.0,17.4,24.0,50,70,16.5,10.1,0.0,2.01,0.0,42.4,8.0,26.957142857142856,49.57142857142857,89.54583945651245,64.13336470152157,344.4366048707344,9.22550840261148,87.52452669216183,27.945938785333485,train
369_42,36.9,4.2,2013-08-10,2013,222,0,matched_negative,0,,27.5,22.1,24.8,51,67,18.4,10.8,0.0,1.72,2.2,3.100000000000002,1.0,29.97142857142857,52.285714285714285,88.09419316712464,149.4145403254267,603.9468270131666,8.243213626617962,184.63425169075956,33.85429701313806,train
350_-16,35.0,-1.6,2014-06-25,2014,176,0,matched_negative,0,,23.7,15.7,20.1,53,74,15.6,8.4,0.4,1.37,8.299999999999999,45.0,1.0,25.27142857142857,53.42857142857143,82.79133739165934,70.53364578501267,452.1343404848845,3.451076393819949,101.48698210053978,14.829366679352992,train
368_65,36.800000000000004,6.5,2023-07-14,2023,195,0,matched_negative,0,,35.0,23.8,28.2,49,72,12.8,6.7,0.0,2.84,0.0,5.799999999999986,13.0,39.471428571428575,24.428571428571427,92.00101317882789,146.01750292630476,332.76853591421695,10.866157173211722,145.86496005904547,38.489247559661415,train
358_14,35.800000000000004,1.4000000000000001,2020-07-12,2020,194,0,matched_negative,0,,35.2,21.9,28.7,21,40,12.9,7.0,0.0,4.49,0.2,2.8,29.0,36.08571428571428,15.285714285714286,97.13713711142265,345.3338854172128,595.3833827489567,22.140259835079082,343.27764102644494,65.58995588461937,train
359_60,35.9,6.0,2023-09-08,2023,251,0,matched_negative,0,,29.6,15.3,21.9,19,49,16.2,7.2,0.0,3.34,0.7,0.9,68.0,33.3,18.0,96.07781551707353,610.1875550466951,1016.2293284304184,22.67800917559601,604.5854153916708,66.61124410079027,train
367_66,36.7,6.6000000000000005,2019-07-16,2019,197,0,matched_negative,0,,30.5,20.7,25.0,36,66,16.2,10.0,0.0,2.77,1.7,1.9,1.0,33.55714285714286,32.714285714285715,91.56265148143727,177.90222099377667,591.444128943002,12.120296484622322,203.08677182324982,44.080164131447226,train
364_78,36.4,7.800000000000001,2015-08-22,2015,234,0,matched_negative,0,,33.9,16.7,25.5,22,52,11.8,5.4,0.0,4.11,1.3999999999999928,2.5,70.0,31.942857142857147,33.57142857142857,95.11127574606263,485.8521451254157,1066.2201227738196,15.930312298784262,484.5978482036509,53.67441642906442,train
368_88,36.800000000000004,8.8,2016-06-01,2016,153,0,matched_negative,0,,19.5,13.6,16.4,66,81,11.6,5.7,8.5,0.78,16.799999999999997,41.6,0.0,25.62857142857143,47.285714285714285,54.99016119695355,25.700888248207868,217.9120065857561,0.5002652053484917,39.696967859139654,0.715469795414326,train
367_72,36.7,7.2,2022-09-16,2022,259,0,matched_negative,0,,29.3,21.7,24.9,50,71,16.7,7.7,0.5,1.96,0.5000000000000009,9.0,10.0,35.7,23.714285714285715,91.12634006414665,185.91089714711848,1173.9943027598388,11.682090871164561,266.368225216037,43.900856247456154,train
365_80,36.5,8.0,2012-09-05,2012,249,0,matched_negative,0,,27.3,13.2,19.9,40,72,13.8,6.3,0.0,2.15,29.9,35.699999999999996,3.0,24.32857142857143,48.0,89.77939429953854,31.913592876977383,749.58272624973,8.326253717482583,57.68709476675744,20.99669488971254,train
362_28,36.2,2.8000000000000003,2015-07-13,2015,194,0,matched_negative,0,,32.3,19.8,25.4,30,55,12.7,5.5,0.0,3.4,0.0,18.299999999999994,28.0,33.800000000000004,21.714285714285715,94.90467514639498,211.87910819724024,665.8799834405402,16.20429675583637,236.01318541362824,53.61503731008159,train
358_-3,35.800000000000004,-0.30000000000000004,2022-07-08,2022,189,0,matched_negative,0,,27.1,21.6,24.0,60,77,17.1,11.6,0.0,1.41,1.499999999999993,17.2,1.0,28.342857142857145,64.28571428571429,85.82002180875578,93.90044337535991,534.0486547417347,5.589336765306894,130.45634992609524,23.675540717245564,train
368_36,36.800000000000004,3.6,2016-07-12,2016,194,0,matched_negative,0,,30.6,21.5,26.2,49,69,12.7,6.6,0.0,2.22,0.8000000000000111,3.2000000000000073,23.0,30.428571428571427,46.0,89.78071335087199,205.2891718027538,585.5440060069654,7.878785147618893,218.80134933441752,33.56726869600216,train
350_-23,35.0,-2.3000000000000003,2016-07-30,2016,212,0,matched_negative,0,,33.3,23.0,27.8,48,71,13.8,5.6,0.0,2.66,0.0,0.4999999999999929,78.0,32.542857142857144,43.857142857142854,91.57183676441996,393.0715544744551,866.7720907844068,10.753689331829856,392.2114692370059,41.87245490964059,train
366_29,36.6,2.9000000000000004,2022-08-22,2022,234,0,matched_negative,0,,35.5,20.7,27.5,18,42,16.3,7.2,0.0,4.72,0.5999999999999859,0.9,52.0,33.98571428571428,23.857142857142858,97.32001425387723,424.9078247913392,954.3962745970258,26.926148337108287,424.0767706836628,73.81207331614205,train
368_58,36.800000000000004,5.800000000000001,2022-06-29,2022,180,0,matched_negative,0,,27.9,20.3,24.3,67,80,16.6,8.8,0.0,1.23,0.9000000000000142,1.3,33.0,26.542857142857144,68.57142857142857,85.97730498012292,109.4132986406089,323.397062061129,5.571753518080968,118.5529996292639,22.73193041777291,train
348_-8,34.800000000000004,-0.8,2023-06-27,2023,178,0,matched_negative,0,,36.6,21.0,29.1,13,21,14.0,8.7,0.0,5.31,0.0,37.1,18.0,34.25714285714286,18.571428571428573,97.894662432559,138.74540105251685,545.4894436569724,25.878886524613396,169.6282887727521,68.55627672762772,train
366_52,36.6,5.2,2021-09-19,2021,262,0,matched_negative,0,,25.1,19.5,22.2,72,80,9.8,4.2,0.2,0.83,5.8999999999999995,6.699999999999999,2.0,28.985714285714288,48.57142857142857,82.4352928797928,97.96727233236592,977.8718253197128,2.4639307977075053,156.68992212133466,13.754174923721395,train
364_56,36.4,5.6000000000000005,2015-10-05,2015,278,0,matched_negative,0,,28.0,14.0,21.2,36,57,9.1,5.5,0.0,2.43,14.200000000000014,48.5,4.0,22.099999999999998,42.857142857142854,91.22648118798689,26.62331904377134,790.3261417934975,8.079621437204215,49.110717977939984,18.894621438017186,train
368_68,36.800000000000004,6.800000000000001,2018-07-25,2018,206,0,matched_negative,0,,35.2,18.0,26.1,21,58,15.5,6.0,0.0,4.46,0.0,0.0,34.0,34.98571428571429,28.571428571428573,95.61562817281772,281.1657258763849,666.0821537212134,20.56220653042483,280.94607942767215,62.52150710105833,train
361_48,36.1,4.800000000000001,2015-08-14,2015,226,0,matched_negative,0,,29.1,20.5,24.9,25,44,14.6,7.1,0.1,3.02,1.6999999999999955,10.4,4.0,32.714285714285715,22.285714285714285,95.27093068655981,164.43966770393286,1015.5599974752399,18.748918974154805,234.11106508418993,58.63038780880724,train
358_5,35.800000000000004,0.5,2013-10-08,2013,281,0,matched_negative,0,,30.4,16.6,23.0,27,59,14.2,7.8,0.0,3.18,0.6999999999999929,17.099999999999998,24.0,30.914285714285715,39.142857142857146,93.42207847620573,147.42201748219497,1087.9117612396617,14.236335992192172,220.23453763589066,49.2020421030646,train
354_30,35.4,3.0,2013-06-14,2013,165,0,matched_negative,0,,35.8,16.8,26.9,12,37,19.7,8.1,0.0,5.14,0.0,11.799999999999995,18.0,29.67142857142857,19.0,97.71611509559094,170.67106870238163,519.6048900214035,33.68407924896019,187.43137719112167,81.4937188252346,train
353_14,35.300000000000004,1.4000000000000001,2015-10-20,2015,293,0,matched_negative,0,,22.2,14.3,17.0,48,74,16.4,9.9,1.5,1.4,6.0,81.39999999999999,0.0,22.042857142857144,46.285714285714285,83.21969993198125,27.29818750085855,506.1647738953807,3.7954402064255817,48.109799854681484,10.387736850227288,train
368_68,36.800000000000004,6.800000000000001,2012-10-25,2012,299,0,matched_negative,0,,24.7,13.2,18.7,42,70,9.9,6.3,0.0,1.8,6.6,11.899999999999999,3.0,24.957142857142856,49.714285714285715,88.91792934138425,68.364467001061,886.1311458736837,6.045267539203113,114.6214919007234,23.728830515861105,train
367_73,36.7,7.300000000000001,2018-09-15,2018,258,0,matched_negative,0,,34.5,19.2,25.9,34,68,14.5,6.6,0.0,3.61,10.599999999999993,34.6,1.0,34.18571428571429,36.285714285714285,92.42707499227434,74.50858743031964,757.097809782094,12.571673157777964,119.59322748276283,39.5542620983762,train
363_43,36.300000000000004,4.3,2013-07-13,2013,194,0,matched_negative,0,,34.8,22.2,28.5,27,48,13.5,6.2,1.9,4.01,1.900000000000007,10.1,0.0,34.957142857142856,20.285714285714285,92.531874088336,131.47260602389287,516.9115505250608,12.13156016946739,160.73856656897138,42.37929707106644,train
367_65,36.7,6.5,2023-08-26,2023,238,0,matched_negative,0,,38.6,22.1,29.5,14,46,14.5,7.2,0.0,5.91,0.0,3.899999999999972,22.0,35.028571428571425,22.857142857142858,97.68104259187511,232.4164732361913,712.8122019825613,25.799376072023303,256.08666325846235,71.45520196980577,train
350_1,35.0,0.1,2019-06-21,2019,172,0,matched_negative,0,,30.4,14.2,21.6,20,44,17.7,7.4,0.0,3.49,0.899999999999984,8.299999999999999,26.0,31.071428571428573,25.571428571428573,96.12612382143989,245.3622273214748,491.02869223220165,24.618798267986612,244.62353392603964,69.33157819742486,train
346_67,34.6,6.7,2013-09-07,2013,250,0,matched_negative,0,,39.9,26.5,33.7,14,23,17.8,11.7,0.0,6.33,1.7000000000000002,11.2,6.0,34.199999999999996,26.714285714285715,97.87062073771091,137.92421828410642,1314.7496973990628,31.241001220454276,218.53478956965483,79.28333080371331,train
368_69,36.800000000000004,6.9,2015-10-16,2015,289,0,matched_negative,0,,22.0,14.1,17.6,55,78,14.7,7.1,0.0,1.18,9.099999999999998,52.6,1.0,23.314285714285717,56.0,83.5088351633489,17.105567685227793,707.6773980915325,3.6173257761348836,32.261612875579786,7.856090563706521,train
360_50,36.0,5.0,2023-08-16,2023,228,0,matched_negative,0,,35.4,18.8,27.5,15,27,16.5,6.8,0.0,4.89,0.0,0.30000000000000004,38.0,35.1,14.714285714285714,97.79522586428423,471.38388885114045,736.7754280698643,28.969735611055196,467.1504341914942,77.09263568253931,train
352_68,35.2,6.800000000000001,2013-06-09,2013,160,0,matched_negative,0,,31.4,15.2,22.8,17,47,10.1,5.9,1.1,3.76,3.7000000000000006,23.7,0.0,29.88571428571429,16.428571428571427,94.6830495490783,123.68940874591982,437.2387055005683,13.788421373376048,144.90163060246974,44.77709997328093,train
352_-8,35.2,-0.8,2019-10-24,2019,297,0,matched_negative,0,,16.0,9.5,12.5,57,73,26.3,15.7,1.1,0.78,30.999999999999986,31.500000000000007,0.0,19.857142857142858,44.42857142857143,80.24730350076325,36.057112054845945,725.8452990092858,4.39224009275203,64.14771477602761,13.792704492886045,train
369_71,36.9,7.1000000000000005,2016-08-30,2016,243,0,matched_negative,0,,25.3,18.6,22.2,64,76,16.6,7.7,0.0,1.15,0.0,0.0,72.0,27.38571428571429,48.285714285714285,87.84996893160964,270.4973211249969,886.0924878858654,7.269569314702791,306.82987059391616,32.33251240164432,train
363_77,36.300000000000004,7.7,2019-07-02,2019,183,0,matched_negative,0,,32.7,19.4,25.3,24,53,16.3,8.1,0.0,3.73,0.0,2.0,34.0,32.68571428571429,26.571428571428573,94.56312752339623,199.42200280093863,313.20937230418,18.536592539737015,198.28957502111126,57.34602669813715,train
365_71,36.5,7.1000000000000005,2018-10-07,2018,280,0,matched_negative,0,,21.4,9.3,15.2,44,71,9.2,6.7,0.0,1.44,111.89999999999999,138.6,2.0,17.557142857142857,56.714285714285715,87.6409279006496,8.540953303641668,208.13571992595556,4.859299917074552,15.492545714005086,6.6992054094695215,train
362_27,36.2,2.7,2014-06-12,2014,163,0,matched_negative,0,,26.4,15.9,20.9,45,75,12.0,5.4,0.3,1.9,1.8,95.6,1.0,28.157142857142855,39.714285714285715,89.08884636533553,55.7299646382412,219.8770905811366,6.886974611886004,68.2275845267524,19.995440476121853,train
364_26,36.4,2.6,2022-08-16,2022,228,0,matched_negative,0,,35.0,22.4,27.1,23,44,15.7,8.1,0.3,4.31,0.2999999999999929,0.3,53.0,37.800000000000004,17.428571428571427,96.77263284337288,358.44297695121486,866.3167962055131,24.282135961819737,358.2424046394398,69.35712668967332,train
367_87,36.7,8.700000000000001,2022-09-25,2022,268,0,matched_negative,0,,29.6,17.1,22.1,36,62,17.1,6.3,4.0,2.67,22.99999999999999,31.1,0.0,27.071428571428573,43.42857142857143,84.98726443577814,30.08627866728247,837.2433892683093,4.979412190592025,55.212421707681855,13.974711060112332,train
370_68,37.0,6.800000000000001,2016-09-30,2016,274,0,matched_negative,0,,27.2,19.7,23.1,55,76,12.8,10.0,0.0,1.63,15.5,26.399999999999984,2.0,25.157142857142862,63.42857142857143,87.20639535187404,45.296959995461634,987.0858029946963,5.475274059656563,81.27027192270457,18.573198768106533,train
366_35,36.6,3.5,2014-09-29,2014,272,0,matched_negative,0,,29.2,17.2,22.8,32,58,15.0,9.0,1.1,2.76,14.299999999999985,19.0,0.0,27.385714285714283,38.42857142857143,89.95722560835756,95.22424210315789,989.0055159600381,9.07359249677175,153.49996070246146,34.68257878345156,train
361_68,36.1,6.800000000000001,2022-10-21,2022,294,0,matched_negative,0,,27.8,13.0,19.4,23,50,10.1,7.5,0.0,2.89,0.1999999999999929,58.29999999999999,12.0,27.071428571428573,26.142857142857142,94.41692485786743,49.7099057120665,748.3412600809222,13.292249940725988,85.26080759589244,35.24697898181983,train
364_78,36.4,7.800000000000001,2016-09-12,2016,256,0,matched_negative,0,,31.4,16.3,23.7,28,63,12.8,5.2,0.0,3.28,8.299999999999994,8.3,5.0,28.985714285714284,37.285714285714285,93.35899245739013,91.6337723165731,1018.9058129319842,13.15038393627161,149.62646341798538,43.83266509052878,train
359_86,35.9,8.6,2017-10-06,2017,279,0,matched_negative,0,,21.5,11.4,15.6,42,74,18.6,10.7,0.0,1.5,7.000000000000002,23.0,2.0,20.985714285714288,46.57142857142857,87.14492985539479,71.0477519896687,1128.6282391038644,7.269908080316098,122.77381110479553,27.75428475013098,train
361_16,36.1,1.6,2020-07-15,2020,197,0,matched_negative,0,,36.9,21.6,28.3,21,43,19.4,11.7,0.0,4.93,0.30000000000000354,0.9999999999999964,59.0,38.18571428571429,20.142857142857142,96.6174395226637,467.95852778464194,699.9910051257874,28.65594500037714,463.39934607349073,76.59700199622718,train
366_55,36.6,5.5,2018-10-11,2018,284,0,matched_negative,0,,23.5,14.4,18.5,44,67,21.0,8.7,1.6,1.61,9.600000000000014,147.5,0.0,21.342857142857145,50.42857142857143,84.93136581538195,11.271933086727683,223.65175702218286,6.014401416672648,20.021218485702065,9.312609029123387,train
368_64,36.800000000000004,6.4,2015-07-21,2015,202,0,matched_negative,0,,33.3,21.0,27.1,31,59,13.8,6.9,0.0,3.55,0.0,0.6999999999999929,35.0,32.44285714285714,36.285714285714285,93.18107232941198,300.9552801203656,762.0198995464488,13.490547504793216,302.8693683669665,48.25723904307639,train
367_56,36.7,5.6000000000000005,2012-06-11,2012,163,0,matched_negative,0,,28.3,18.0,22.8,33,62,10.8,6.2,0.0,2.54,1.7000000000000144,9.0,4.0,26.414285714285715,46.714285714285715,91.3568834724453,104.39044360012399,302.0762065638561,8.96700304132848,112.01044141927514,30.80872696606499,train
367_76,36.7,7.6000000000000005,2020-07-03,2020,185,0,matched_negative,0,,36.3,22.4,27.6,25,54,13.7,9.7,0.0,4.49,0.0,12.399999999999999,20.0,36.699999999999996,24.0,96.64952125604027,207.30426819575916,510.267809145449,21.594654024187662,207.26358682240058,63.26475618000104,train
363_86,36.300000000000004,8.6,2015-06-10,2015,161,0,matched_negative,0,,34.3,16.4,25.4,21,46,10.5,6.6,2.4,4.25,6.700000000000004,39.8,0.0,31.5,20.285714285714285,92.36939441912287,76.43971330145759,418.3742050998543,10.193592393805275,104.94436559317329,32.62134036624724,train
364_81,36.4,8.1,2013-06-08,2013,159,0,matched_negative,0,,25.2,14.3,19.3,43,62,15.7,9.4,0.0,1.65,0.0,35.7,7.0,24.614285714285717,36.285714285714285,91.18321195645936,72.62343480232214,289.98140917115705,11.198302349277368,89.32199233815876,32.18286078879781,train
366_49,36.6,4.9,2020-09-07,2020,251,0,matched_negative,0,,25.3,15.3,20.0,54,80,14.6,7.7,0.0,1.43,27.700000000000014,39.599999999999994,1.0,25.400000000000002,52.714285714285715,85.60366890765688,32.21624901850857,647.2486502386552,4.781085795045348,57.30209134078334,13.824755689631585,train
363_11,36.300000000000004,1.1,2015-09-07,2015,250,0,matched_negative,0,,28.4,20.2,23.3,48,73,16.1,12.6,0.0,1.99,0.19999999999999307,1.5999999999999928,31.0,28.5,46.285714285714285,89.20853936315126,561.4333204233338,1244.2206538758514,8.614206193865499,559.9652618969496,36.267429213882735,train
367_51,36.7,5.1000000000000005,2017-08-18,2017,230,0,matched_negative,0,,30.1,23.4,26.6,70,86,9.7,4.5,0.0,1.27,0.39999999999999647,15.1,7.0,29.771428571428572,60.142857142857146,87.10126472964214,91.36982512456235,852.9415997016685,4.613800877887283,144.13827158247827,21.397256534322985,train
368_45,36.800000000000004,4.5,2015-10-20,2015,293,0,matched_negative,0,,22.2,16.2,19.0,71,89,11.7,5.4,9.6,0.76,22.799999999999986,98.8,0.0,22.400000000000002,60.714285714285715,57.01811566920583,7.531330136143182,433.6800238783863,0.5975155143740584,14.435921188714676,0.4437785910447642,train
351_56,35.1,5.6000000000000005,2018-08-06,2018,218,0,matched_negative,0,,31.3,22.5,27.1,37,51,22.6,12.4,0.6,2.86,1.5,1.6,68.0,35.01428571428571,23.571428571428573,91.6828147434792,595.0597914541225,1168.2799447171856,17.020556591689925,591.8333731513828,55.9198337490908,train
369_69,36.9,6.9,2018-07-19,2018,200,0,matched_negative,0,,30.5,23.0,26.6,57,74,14.4,7.6,0.0,1.84,0.0,0.0,42.0,32.41428571428572,45.142857142857146,89.71312575269971,175.48023477007342,549.9236979499584,8.500680692550755,195.22227219832698,34.84299952106521,train
358_50,35.800000000000004,5.0,2022-08-12,2022,224,0,matched_negative,0,,34.1,21.2,27.4,14,25,13.7,7.6,0.0,4.6,0.0,1.1999999999999857,79.0,33.4,14.285714285714286,97.5489675528472,623.6658574555556,919.8656783334502,24.349720766130165,616.191269027558,69.52041908644487,train
367_38,36.7,3.8000000000000003,2018-10-24,2018,297,0,matched_negative,0,,19.3,12.0,15.5,60,78,15.5,7.7,0.2,0.9,11.300000000000011,74.1,2.0,21.614285714285717,58.42857142857143,85.56115310904066,12.772713160433183,525.842116031757,4.973359957606151,24.082986057967418,8.757288296429135,train
347_-9,34.7,-0.9,2017-09-09,2017,252,0,matched_negative,0,,30.6,17.1,22.8,19,44,19.2,11.9,0.0,3.56,0.6000000000000035,15.6,9.0,30.82857142857143,19.571428571428573,95.97963537292824,155.5686171973205,1171.776768054611,26.03087039916799,233.60272793247734,71.49442565361976,train
365_57,36.5,5.7,2019-06-05,2019,156,0,matched_negative,0,,26.5,14.5,19.6,30,52,15.5,8.5,0.8,2.4,0.8,86.99999999999999,9.0,22.614285714285717,40.57142857142857,91.44235554772453,35.769363798663605,105.01325164636751,11.502094372433465,38.637334952552465,21.59347871450072,train
367_51,36.7,5.1000000000000005,2022-10-15,2022,288,0,matched_negative,0,,26.9,16.9,21.7,39,76,11.2,4.6,0.0,2.15,4.89999999999999,44.7,2.0,26.45714285714286,53.714285714285715,89.29496017650129,61.99059023366387,844.69790593648,6.813500167557556,104.76075555420476,24.76383049306295,train
358_74,35.800000000000004,7.4,2013-10-13,2013,286,0,matched_negative,0,,27.6,13.0,20.3,24,48,10.7,5.4,0.0,2.78,9.2,47.599999999999994,1.0,24.157142857142862,39.57142857142857,93.4963236978235,35.03949496113738,644.9668228735595,12.058651199920954,61.69908323741555,28.15572793502693,train
365_29,36.5,2.9000000000000004,2012-06-25,2012,177,0,matched_negative,0,,33.1,21.6,27.5,32,54,13.6,7.6,0.0,3.43,0.2000000000000018,3.1,23.0,32.91428571428572,38.42857142857143,92.87805665260939,192.93047126707975,452.83551073680076,12.800460571634181,192.7810334822925,45.33758729517358,train
363_24,36.300000000000004,2.4000000000000004,2020-06-21,2020,173,0,matched_negative,0,,32.6,14.5,24.2,21,46,18.7,9.3,0.0,3.89,0.19999999999999646,16.7,12.0,29.928571428571427,26.428571428571427,95.1144496915494,138.82905396149184,461.5075429929405,22.56384675025337,158.4769385677178,62.22334422909932,train
349_-17,34.9,-1.7000000000000002,2019-08-13,2019,225,0,matched_negative,0,,31.0,18.5,24.6,28,50,13.4,6.1,0.0,3.24,0.0,0.5999999999999892,80.0,35.31428571428571,18.714285714285715,95.271638891459,579.1560765316277,1122.4778464096953,17.65051205929652,575.9068259917802,57.185553074301794,train
365_54,36.5,5.4,2023-06-15,2023,166,0,matched_negative,0,,19.6,11.7,15.0,62,84,13.2,8.6,3.6,0.88,43.30000000000003,249.39999999999998,0.0,22.642857142857142,49.142857142857146,65.02275211191217,6.714809563669674,22.545729576043136,1.0265869205472904,7.6979243588437125,0.5403185620840666,train
369_39,36.9,3.9000000000000004,2014-07-03,2014,184,0,matched_negative,0,,24.5,19.4,21.6,67,77,17.5,11.0,0.0,0.97,0.0,1.000000000000007,31.0,25.900000000000002,54.57142857142857,86.97735959522845,93.73847798081034,411.21912123410164,6.715754573614697,119.42108280791605,25.98658443979007,train
364_28,36.4,2.8000000000000003,2012-09-14,2012,258,0,matched_negative,0,,16.9,10.7,14.0,63,76,13.3,7.1,1.7,0.68,3.7,13.000000000000002,0.0,23.75714285714286,50.57142857142857,75.25618519216275,101.63178702484066,1041.7594453509435,1.5188898352630285,163.40900558853312,9.40080671584425,train
365_36,36.5,3.6,2014-09-30,2014,273,0,matched_negative,0,,31.9,20.1,25.5,31,53,14.4,7.5,0.0,3.25,13.899999999999984,19.0,1.0,29.714285714285715,39.285714285714285,92.72271530926916,99.82252667453511,1042.0770002424683,13.039602977859891,161.07165677789186,44.40137152877048,train
365_25,36.5,2.5,2013-06-30,2013,181,0,matched_negative,0,,29.3,15.4,23.0,39,61,21.4,13.6,0.0,2.5,0.0,0.9,34.0,24.714285714285715,53.0,90.81825333085979,112.69755161316193,277.4524716414484,14.167955063453286,112.6787415710531,41.724251757991055,train
366_33,36.6,3.3000000000000003,2017-09-25,2017,268,0,matched_negative,0,,27.6,14.6,20.8,28,56,11.0,7.2,0.0,2.56,4.0999999999999925,24.900000000000002,1.0,28.12857142857143,34.142857142857146,92.09307215256099,98.01766763843642,973.2700484551993,10.053922141082058,156.60600320936575,37.292770516082456,train
366_27,36.6,2.7,2013-08-14,2013,226,0,matched_negative,0,,28.5,20.2,24.2,51,71,19.8,11.5,0.0,1.89,0.3,1.4,53.0,28.528571428571432,45.714285714285715,90.21555478290234,222.45580311157434,650.570551473961,11.99191770103087,239.86407239943196,44.416362627025414,train
355_71,35.5,7.1000000000000005,2015-06-02,2015,153,0,matched_negative,0,,24.6,13.8,19.1,24,48,13.7,7.8,0.0,2.35,6.200000000000002,20.700000000000003,3.0,24.242857142857144,29.857142857142858,92.7541302151351,81.99703294167232,363.6642062700033,12.643330800161907,104.87656701812708,37.59233740964846,train
367_38,36.7,3.8000000000000003,2019-10-18,2019,291,0,matched_negative,0,,25.4,12.4,18.1,36,66,10.9,5.1,0.0,2.05,5.700000000000011,18.299999999999994,4.0,27.228571428571428,31.714285714285715,90.7426001805367,58.65117113572107,784.7008287289764,8.257259719920643,98.8343209023444,27.509128386314583,train
367_63,36.7,6.300000000000001,2017-08-11,2017,223,0,matched_negative,0,,29.7,19.9,23.0,38,65,16.2,8.6,0.0,2.58,5.599999999999985,10.599999999999993,1.0,34.17142857142857,34.42857142857143,89.9537572085492,93.04282005304215,918.8783345729635,9.63439335253768,148.4952091791805,35.757406820000774,train
362_56,36.2,5.6000000000000005,2019-07-30,2019,211,0,matched_negative,0,,37.0,20.3,27.6,17,44,17.9,7.1,0.1,5.17,0.10000000000000356,1.3,64.0,34.642857142857146,14.428571428571429,97.02809868160253,455.3118352098396,723.3923643019309,28.072436650295813,451.44335579148935,75.66760723699528,train
365_66,36.5,6.6000000000000005,2021-08-06,2021,218,0,matched_negative,0,,40.1,20.4,30.0,15,35,17.9,8.0,0.0,6.29,0.2,1.3,70.0,37.314285714285724,24.857142857142858,97.67377175924243,594.633206560762,947.1602445873995,30.59120930815271,588.6931998330703,79.61560447409711,train
348_-5,34.800000000000004,-0.5,2013-10-30,2013,303,0,matched_negative,0,,14.9,9.5,11.9,49,67,14.2,9.4,0.6,0.82,3.4000000000000075,9.299999999999999,1.0,25.8,23.571428571428573,85.24824451875871,108.19795352206113,1032.7287176704401,4.460056107526049,171.48113902922861,21.89001248041827,train
366_68,36.6,6.800000000000001,2013-09-28,2013,271,0,matched_negative,0,,31.1,18.7,23.8,39,63,13.1,7.2,0.0,2.76,0.0,107.39999999999999,9.0,28.657142857142862,43.142857142857146,92.80417589693302,36.22543988841831,496.6752792725159,12.353275158246932,61.27755200468313,28.526261326381398,train
364_23,36.4,2.3000000000000003,2017-10-05,2017,278,0,matched_negative,0,,23.4,11.5,16.6,32,67,11.2,6.7,0.0,1.88,1.4000000000000088,13.4,25.0,21.614285714285717,45.42857142857143,90.87017215748416,134.0875287792661,1021.8261170180872,8.537003927178977,201.93014238340686,35.095326298725375,train
370_73,37.0,7.300000000000001,2013-10-25,2013,298,0,matched_negative,0,,32.4,17.5,24.4,24,62,12.0,8.0,0.0,3.71,0.0,14.799999999999999,15.0,30.157142857142862,39.285714285714285,94.38871253750284,68.27986472801722,850.2697903940194,14.570958622202921,113.72780281432117,42.642472152952934,train
359_26,35.9,2.6,2023-10-28,2023,301,0,matched_negative,0,,21.0,10.4,15.5,52,77,10.8,5.5,0.0,1.2,4.699999999999991,4.800000000000014,4.0,22.828571428571426,36.42857142857143,89.06148370222456,98.99215455569127,1177.579860011776,6.457458201511245,163.60173936274768,28.039119168374995,train
368_45,36.800000000000004,4.5,2013-07-21,2013,202,0,matched_negative,0,,29.6,21.0,25.0,60,81,18.3,8.2,0.0,1.67,1.099999999999993,13.0,29.0,28.342857142857145,59.57142857142857,88.85528642152158,108.7791963961318,415.92864816096744,9.148212244630631,131.54795941581054,33.25600837231315,train
366_42,36.6,4.2,2018-08-17,2018,229,0,matched_negative,0,,31.1,19.3,24.5,30,59,10.5,4.7,0.0,3.17,0.40000000000001246,1.5,47.0,32.58571428571428,29.428571428571427,92.9745914397807,368.81247701504736,755.0277270685575,11.098430844276534,367.5767071535499,42.71776007689101,train
364_27,36.4,2.7,2018-06-25,2018,176,0,matched_negative,0,,28.8,17.8,23.2,41,59,11.7,6.5,0.0,2.32,0.0,46.49999999999999,18.0,26.871428571428574,51.285714285714285,90.42435344082448,72.55299025206368,248.90744570331333,8.214841530969833,83.9386589665573,25.24958339147762,train
358_8,35.800000000000004,0.8,2017-09-09,2017,252,0,matched_negative,0,,34.5,22.1,27.5,20,39,26.4,15.0,0.0,4.13,2.3,8.0,2.0,34.471428571428575,22.0,95.71720714874881,128.16514605199964,1469.974997049771,36.1078118887239,210.45669954475454,86.02401026340571,train
364_67,36.4,6.7,2013-07-22,2013,203,0,matched_negative,0,,28.8,18.2,23.1,46,65,14.1,7.9,1.1,2.13,2.900000000000004,8.0,0.0,30.771428571428572,31.428571428571427,88.2780371296682,202.81177617388013,600.9428931755798,6.814654319615355,220.0024167514625,30.476232948132232,train
349_26,34.9,2.6,2019-06-09,2019,160,0,matched_negative,0,,36.1,22.2,29.3,5,17,33.9,23.7,0.0,5.63,0.0,0.9,37.0,33.44285714285714,9.571428571428571,99.29170208406858,273.4732514678276,536.9194830757517,84.7087626214866,272.53175304951395,141.48885624776227,train
366_72,36.6,7.2,2019-06-30,2019,181,0,matched_negative,0,,35.7,20.5,28.1,18,37,17.3,9.2,0.0,4.71,0.0,1.0,34.0,37.57142857142857,17.571428571428573,97.11222032260393,200.23100079875323,394.3869450345407,27.544100548206508,199.63920158775014,72.93162142787811,train
362_11,36.2,1.1,2019-07-17,2019,198,0,matched_negative,0,,37.2,24.4,29.9,18,39,14.3,8.9,0.0,5.11,0.0,0.0,53.0,37.885714285714286,18.285714285714285,96.8985095764182,510.74758759189405,896.802638091957,23.012897003356137,507.09247171323744,67.20064788868574,train
360_50,36.0,5.0,2015-06-16,2015,167,0,matched_negative,0,,24.8,12.8,18.3,43,68,14.5,8.7,2.1,1.79,7.6,43.1,0.0,28.3,32.57142857142857,83.4072666608764,68.09082820972198,436.56624878320855,3.533879990714236,97.97786660533565,14.81924695776521,train
366_56,36.6,5.6000000000000005,2017-09-20,2017,263,0,matched_negative,0,,20.5,13.3,16.1,52,79,10.7,6.1,0.5,1.15,10.000000000000021,54.3,1.0,24.04285714285714,47.714285714285715,83.93933576963208,26.350495306383785,608.2311429552017,3.1298446098140373,47.55085710114569,8.762598053061675,train
361_13,36.1,1.3,2012-06-25,2012,177,0,matched_negative,0,,38.9,22.5,30.0,19,50,14.9,6.0,0.0,5.67,1.0,2.7,6.0,37.042857142857144,22.142857142857142,96.68429469574541,287.60971482650876,529.7618641916458,23.048049273821167,286.32929551929755,67.02221530362114,train
355_-6,35.5,-0.6000000000000001,2018-09-03,2018,246,0,matched_negative,0,,34.9,24.3,28.0,43,68,20.7,9.0,0.0,3.18,0.0,0.5,90.0,34.75714285714286,38.714285714285715,92.79448300612745,534.488954965123,1090.934470140813,18.09299445986809,532.2141926795459,58.06158183538506,train
365_28,36.5,2.8000000000000003,2015-08-28,2015,240,0,matched_negative,0,,31.8,23.6,27.0,56,77,16.6,8.4,0.2,2.06,1.1000000000000072,4.5,28.0,32.42857142857143,43.285714285714285,89.95335189914795,305.6870609267904,1134.7646881769172,9.829983601422521,365.3355536545846,39.503569689031664,train
364_10,36.4,1.0,2020-08-19,2020,232,0,matched_negative,0,,32.9,20.0,26.3,24,43,10.6,6.6,0.0,3.52,0.0,0.0,61.0,30.114285714285717,30.142857142857142,95.0873866850628,422.59219316169543,915.9266202445663,14.946649717677987,421.49470215361237,51.58163767522036,train
369_64,36.9,6.4,2019-07-29,2019,210,0,matched_negative,0,,28.6,17.2,22.6,41,67,10.6,5.3,0.0,2.26,0.0,7.200000000000014,14.0,31.042857142857144,32.142857142857146,90.38664979613174,156.9169868170148,565.0736154327267,7.730103354618237,185.23666272831656,32.4542400463505,train
346_-3,34.6,-0.30000000000000004,2018-08-15,2018,227,0,matched_negative,0,,33.0,13.9,23.6,12,42,18.5,7.8,0.0,4.44,3.100000000000007,3.1,4.0,31.442857142857143,23.857142857142858,97.29535846996274,532.6966963900514,871.6387539183879,29.984271611989808,528.0220899702922,78.67966244222039,train
368_73,36.800000000000004,7.300000000000001,2013-06-19,2013,170,0,matched_negative,0,,27.4,16.9,21.7,30,58,18.4,9.6,0.0,2.41,0.8,40.9,18.0,32.42857142857143,29.0,93.57640723213028,136.45114356866353,372.5000096901041,17.974242268103517,142.4497403679875,52.644828876088965,train
365_23,36.5,2.3000000000000003,2016-10-01,2016,275,0,matched_negative,0,,26.7,19.5,22.6,53,72,11.5,6.3,0.0,1.65,2.5000000000000036,10.7,3.0,25.828571428571426,51.0,87.92488815438287,114.85597210784583,1220.8434134790923,5.6827657368979185,185.97175841216537,26.35354945098224,train
363_74,36.300000000000004,7.4,2021-09-17,2021,260,0,matched_negative,0,,31.8,21.6,27.3,19,31,18.5,11.3,0.0,3.77,0.8999999999999999,3.3,66.0,31.24285714285714,22.714285714285715,96.92093373723857,546.1666981798879,1173.8296701149313,28.52250702147947,544.4074170393925,76.38951116642613,train
364_38,36.4,3.8000000000000003,2015-08-27,2015,239,0,matched_negative,0,,33.8,21.6,27.5,39,59,13.3,5.8,0.0,3.19,4.900000000000015,6.800000000000001,1.0,34.1,30.0,93.44948561334134,160.88560619005204,1094.9396131808323,13.65721667481378,235.32658243796016,48.171406132903385,train
350_57,35.0,5.7,2023-09-22,2023,265,0,matched_negative,0,,36.9,24.1,30.6,14,21,30.0,20.1,0.0,5.3,0.0,0.1,110.0,36.48571428571429,15.857142857142858,97.51376710281599,897.5559383235565,1669.6828054226562,55.10296987810605,889.7748897197912,111.8119515671512,train
365_39,36.5,3.9000000000000004,2016-09-30,2016,274,0,matched_negative,0,,23.8,14.1,19.0,51,68,10.1,6.3,0.9,1.44,12.399999999999983,46.9,2.0,24.242857142857144,44.857142857142854,86.07911589076578,33.56546193594086,716.8584267079558,4.0733930425694425,60.09621161770687,12.522642279038969,train
367_70,36.7,7.0,2022-06-02,2022,153,0,matched_negative,0,,38.6,20.5,27.0,22,52,13.1,7.2,0.0,5.36,6.5000000000000036,57.0,6.0,31.357142857142858,36.42857142857143,95.9745358115915,59.9811956900026,306.9571433731043,19.129158840795355,80.5920253088407,43.43575858216647,train
366_31,36.6,3.1,2020-09-27,2020,271,0,matched_negative,0,,23.8,14.8,18.9,36,62,27.3,11.4,9.0,1.67,10.199999999999978,74.30000000000001,0.0,29.114285714285717,30.142857142857142,78.65118059648924,57.96599481750364,587.3291013534788,3.9463683691127733,92.98843427945998,15.668298869013878,train
362_41,36.2,4.1000000000000005,2019-09-26,2019,269,0,matched_negative,0,,26.6,13.2,19.2,30,59,12.0,8.0,0.0,2.42,0.2,88.0,14.0,28.014285714285712,30.571428571428573,93.03996637701967,56.57449892606837,505.59577501598915,12.079925730763593,88.41549303112218,33.680520022702595,train
350_-18,35.0,-1.8,2021-07-13,2021,194,0,matched_negative,0,,27.1,19.5,24.1,19,35,16.3,9.7,0.0,2.89,0.0,2.7,24.0,31.342857142857145,29.857142857142858,96.48856142698504,189.49963412289154,609.0541921402818,24.090778503941024,213.17916001079246,67.77161391470935,train
365_35,36.5,3.5,2014-06-02,2014,153,0,matched_negative,0,,13.8,11.2,13.1,85,94,20.8,12.5,43.6,0.23,62.0,94.9,0.0,20.985714285714288,55.714285714285715,25.23742300361529,7.4639594116735966,142.82626763357527,0.0023727729154630335,13.202981900794926,0.001672547306526785,train
344_88,34.4,8.8,2013-07-11,2013,192,0,matched_negative,0,,35.2,21.4,28.3,23,40,18.0,12.1,0.0,4.4,0.0,2.4000000000000012,7.0,34.114285714285714,22.0,96.27454599263787,190.102318668189,1053.0050675080397,25.49964440172778,261.96928756692796,71.02185782903581,train
365_87,36.5,8.700000000000001,2018-06-14,2018,165,0,matched_negative,0,,27.0,17.4,21.6,29,57,28.3,17.0,0.0,2.54,0.0,11.5,23.0,32.028571428571425,25.428571428571427,93.64217259213716,189.6906385031429,445.8958983681357,29.872957549455833,189.54806902402868,76.03792158249934,train
365_20,36.5,2.0,2022-08-30,2022,242,0,matched_negative,0,,35.3,25.0,30.0,29,39,10.2,5.6,0.0,4.05,0.0,0.4,60.0,31.885714285714283,36.714285714285715,94.41111127990044,413.86571660536976,949.9996013592215,13.348690696788756,413.23023873990763,48.05093880958271,train
360_17,36.0,1.7000000000000002,2020-07-30,2020,212,0,matched_negative,0,,39.8,22.0,30.7,11,22,11.2,6.4,0.0,6.5,0.0,0.0,52.0,38.4,10.714285714285714,99.45546462793884,542.6409807226597,783.2720354128019,27.56676790002802,536.4594111442791,74.86104945767042,train
366_33,36.6,3.3000000000000003,2020-09-04,2020,248,0,matched_negative,0,,29.9,16.8,22.8,36,62,14.0,9.2,0.0,2.67,11.699999999999996,11.799999999999994,2.0,28.414285714285715,37.42857142857143,91.30606097062177,88.31402467546164,916.8515246801194,10.460168174018829,142.3492337439425,37.27617426365769,train
362_42,36.2,4.2,2012-10-10,2012,284,0,matched_negative,0,,28.9,14.6,21.0,17,39,6.5,3.5,0.0,3.31,0.5000000000000071,10.6,15.0,28.4,20.285714285714285,95.48156907618397,140.79695986929963,1262.8774408713257,12.828913069711918,220.2150289737804,46.07509553916528,train
364_31,36.4,3.1,2017-06-17,2017,168,0,matched_negative,0,,29.1,19.3,24.3,27,42,11.2,7.2,0.0,2.81,0.0,65.6,12.0,30.099999999999998,24.714285714285715,95.0287280402644,77.26862396034323,321.84037604546,15.282240825572087,96.57315202304059,40.95952701501505,train
352_-3,35.2,-0.30000000000000004,2013-09-04,2013,247,0,matched_negative,0,,29.5,16.2,22.9,40,67,14.0,5.7,0.0,2.49,1.6,3.6,88.0,27.057142857142857,42.57142857142857,91.85059051132504,518.4624728393235,983.6536660957214,11.300398089580751,515.5263242076492,43.238425894818455,train
363_22,36.300000000000004,2.2,2020-09-23,2020,267,0,matched_negative,0,,27.9,17.2,22.8,27,45,14.4,7.0,0.0,2.73,5.300000000000001,13.799999999999994,4.0,30.542857142857144,24.142857142857142,94.82343097969361,107.56742233455148,1123.9183277904033,17.45790143650995,173.59821362595133,54.15945823620818,train
363_22,36.300000000000004,2.2,2023-08-31,2023,243,0,matched_negative,0,,29.0,17.1,22.5,34,54,15.9,6.8,0.0,2.62,0.5000000000000071,0.6999999999999857,83.0,32.357142857142854,20.571428571428573,93.69587243445166,607.9519424768026,1126.62848584364,16.112356608278887,603.8221119361968,54.05584171642369,train
368_35,36.800000000000004,3.5,2015-08-08,2015,220,0,matched_negative,0,,38.8,23.5,31.1,22,46,21.1,11.4,0.0,5.39,0.0,0.10000000000000356,54.0,36.67142857142857,34.714285714285715,96.00235395475542,387.09461550704725,999.9048349094273,28.73451813414573,393.423093040156,76.70270847717843,train
359_25,35.9,2.5,2012-06-04,2012,156,0,matched_negative,0,,26.8,14.5,20.4,30,58,12.8,6.0,0.0,2.47,4.1,18.9,2.0,26.871428571428574,30.714285714285715,92.16852525785728,104.69028838968923,264.08359442464155,11.126410057748949,105.15974840928484,34.606357474811496,train
363_18,36.300000000000004,1.8,2015-07-11,2015,192,0,matched_negative,0,,35.1,21.6,28.6,28,48,10.9,6.0,0.0,4.06,0.10000000000000211,4.4,27.0,37.871428571428574,17.714285714285715,95.78455689777692,299.71257572202865,755.2027134770059,16.68661518436521,300.8921696249256,55.094177974676676,train
368_75,36.800000000000004,7.5,2021-10-17,2021,290,0,matched_negative,0,,26.3,12.9,18.7,29,73,14.0,4.3,0.0,2.44,2.399999999999997,21.999999999999996,4.0,24.485714285714288,33.285714285714285,92.3235119126485,74.24598605838455,1240.791360137867,12.081274480279122,129.16905427747477,39.65984098743043,train
362_84,36.2,8.4,2020-08-31,2020,244,0,matched_negative,0,,28.7,17.8,23.1,44,63,26.9,12.4,0.0,2.09,0.0,1.1,83.0,35.22857142857142,18.857142857142858,91.97003779393667,680.5004732033084,1239.2049072796663,22.016048746710034,675.2412428028307,65.43130962045521,train
366_55,36.6,5.5,2019-10-25,2019,298,0,matched_negative,0,,11.3,9.4,10.2,94,99,21.0,16.9,29.4,0.07,40.60000000000001,114.89999999999999,0.0,20.342857142857145,50.857142857142854,12.88280799041029,4.40490702688145,223.68114714094557,1.6858500985349705e-05,8.396440590779324,9.273525111349271e-06,train
365_31,36.5,3.1,2022-10-06,2022,279,0,matched_negative,0,,24.6,15.6,19.4,38,64,17.0,8.4,1.3,1.91,10.599999999999971,25.4,0.0,24.857142857142858,39.57142857142857,86.55228510612851,57.44888606747319,1000.5579215200389,6.165261863917731,100.47532935445527,22.62163722567068,train
353_58,35.300000000000004,5.800000000000001,2016-10-14,2016,288,0,matched_negative,0,,24.5,14.8,19.2,24,47,14.1,7.8,0.0,2.33,3.8999999999999964,27.2,4.0,25.25714285714286,32.142857142857146,94.75358423381913,66.0825780502985,1092.1748666388737,17.031822540666287,114.80006930904433,47.26875343081627,train
354_66,35.4,6.6000000000000005,2020-10-11,2020,285,0,matched_negative,0,,23.5,9.5,16.0,28,64,19.1,11.2,1.7,2.1,1.7000000000000142,9.7,0.0,22.32857142857143,35.42857142857143,88.45692347532537,103.93952536656946,965.1186678171424,8.995189193471877,163.78226816978272,35.03682682214323,train
364_66,36.4,6.6000000000000005,2017-10-13,2017,286,0,matched_negative,0,,26.8,8.9,16.7,15,63,10.5,5.8,0.0,2.97,1.899999999999997,14.300000000000002,6.0,24.957142857142856,29.714285714285715,95.51455664564143,107.65671756868282,1389.1307668350203,15.764385145696789,180.36752482098728,51.1704096701482,train
369_-25,36.9,-2.5,2017-06-20,2017,171,0,matched_negative,0,,31.0,21.9,26.7,24,36,12.5,6.9,0.0,3.39,0.0,2.099999999999993,16.0,32.114285714285714,24.857142857142858,95.2905863691567,276.74599603384985,469.57736300949455,16.911613758746054,275.2203517684031,55.43429145958424,train
368_69,36.800000000000004,6.9,2018-08-09,2018,221,0,matched_negative,0,,34.2,19.5,26.2,37,76,16.1,7.0,0.0,3.32,32.699999999999996,32.699999999999996,3.0,31.114285714285717,50.714285714285715,91.92861846266416,37.341738390947384,574.4975342498255,12.701250654541889,64.24399560843759,29.75664611356642,train
365_21,36.5,2.1,2019-10-25,2019,298,0,matched_negative,0,,18.5,12.3,14.6,65,80,13.5,8.0,1.4,0.74,22.99999999999999,37.7,0.0,20.885714285714283,51.142857142857146,76.24906099522633,18.180830767423647,653.466531391804,1.631197855338976,33.99698985875052,3.6865150132632634,train
368_29,36.800000000000004,2.9000000000000004,2015-06-27,2015,178,0,matched_negative,0,,28.9,18.6,24.3,40,59,21.1,11.1,0.0,2.37,0.0,6.899999999999986,12.0,27.314285714285717,50.0,90.50961509589247,115.474037105222,548.6242159721198,13.353734792666009,151.3224621082647,44.39603933452466,train
366_35,36.6,3.5,2023-10-19,2023,292,0,matched_negative,0,,30.8,16.3,22.9,22,51,12.3,7.8,0.0,3.49,0.0,2.699999999999993,29.0,29.928571428571427,20.285714285714285,96.29076667312884,185.46245533585378,1011.1093257750543,19.17541698071743,254.30866498327225,59.709083311286946,train
365_34,36.5,3.4000000000000004,2016-08-16,2016,229,0,matched_negative,0,,29.2,17.7,23.6,41,65,18.5,6.1,0.0,2.37,0.0,0.699999999999993,48.0,29.12857142857143,37.142857142857146,92.18769745616076,455.5330811795833,869.2594025709944,14.868594569305536,453.20098584846323,51.41787588080915,train
362_28,36.2,2.8000000000000003,2023-07-04,2023,185,0,matched_negative,0,,35.1,19.2,27.1,15,30,15.5,8.7,0.0,4.78,0.0,7.999999999999995,22.0,34.385714285714286,17.714285714285715,96.9339620232419,195.34945021964043,521.697238111266,24.56362018803628,201.79429446528152,68.18538888504052,train
367_43,36.7,4.3,2020-08-15,2020,228,0,matched_negative,0,,38.7,25.5,30.3,27,53,14.2,5.7,0.0,5.03,0.0,0.5999999999999858,67.0,38.199999999999996,19.857142857142858,96.4339262922829,468.0351361468872,914.4575349168646,21.51301540554708,465.8097381312195,64.5195124056721,train
362_55,36.2,5.5,2022-08-13,2022,225,0,matched_negative,0,,36.3,20.4,28.0,12,21,20.1,9.7,0.0,5.32,0.0,1.6000000000000072,38.0,33.17142857142857,13.571428571428571,97.7893236512459,620.1007005524108,926.2341602164666,34.70468123091334,612.8658676573494,85.72973913669144,train
369_69,36.9,6.9,2016-06-06,2016,158,0,matched_negative,0,,24.6,17.9,21.5,71,84,17.6,7.4,0.0,0.87,20.7,30.899999999999995,1.0,23.357142857142858,67.57142857142857,81.9822113457331,27.947811470832633,253.44791040737786,3.452920551191946,43.81646989286909,9.072899139579565,train
366_58,36.6,5.800000000000001,2021-08-03,2021,215,0,matched_negative,0,,39.2,18.3,25.2,10,66,14.5,6.3,0.0,6.35,0.7000000000000142,3.399999999999997,21.0,35.214285714285715,21.142857142857142,98.49477477368906,260.10085185445604,712.2159391833796,28.721330109235687,271.93000221491064,76.3282280063442,train
368_68,36.800000000000004,6.800000000000001,2022-07-14,2022,195,0,matched_negative,0,,32.8,20.1,26.4,31,65,16.8,7.2,0.0,3.42,0.0,0.3000000000000284,48.0,32.628571428571426,31.0,94.62344611952001,336.1539769022869,619.4273506705144,19.168035340476884,334.52925098810397,60.07827995421306,train
364_18,36.4,1.8,2021-07-09,2021,190,0,matched_negative,0,,28.9,19.0,23.6,49,71,15.5,9.7,0.0,2.01,0.0,0.0999999999999999,35.0,33.55714285714286,23.714285714285715,90.6644022476778,274.9694619197299,731.26586429751,10.295671639252706,283.46692989479664,40.561772237370924,train
367_37,36.7,3.7,2019-06-13,2019,164,0,matched_negative,0,,40.6,17.0,29.8,13,45,17.8,7.4,0.0,6.59,0.0,37.50000000000001,18.0,29.357142857142858,40.714285714285715,98.05537860655585,98.32368597647313,299.5750175613983,32.01260708991866,108.01676395352682,68.05166727523978,train
368_38,36.800000000000004,3.8000000000000003,2017-06-04,2017,155,0,matched_negative,0,,25.3,18.8,21.9,58,77,12.7,7.0,0.6,1.34,7.700000000000006,9.399999999999993,1.0,25.942857142857143,54.57142857142857,86.73799743624475,89.22326171769657,388.06779513874193,5.096607869565171,113.31436500773366,20.910131778445802,train
365_53,36.5,5.300000000000001,2022-07-09,2022,190,0,matched_negative,0,,24.9,12.4,18.5,35,70,13.0,5.7,0.0,2.03,0.29999999999998583,0.8000000000000071,43.0,31.0,26.857142857142858,90.8650324130777,309.283949392623,497.7557388118497,9.340680638837199,307.23843361117105,38.1470334869326,train
364_69,36.4,6.9,2019-06-13,2019,164,0,matched_negative,0,,37.0,16.5,27.2,8,36,18.0,13.1,0.0,5.78,0.1999999999999858,62.29999999999998,17.0,30.457142857142856,25.0,98.52050408311943,86.9707712109379,221.68781565818213,34.376717693887684,87.81467975335399,65.04990950031467,train
363_79,36.300000000000004,7.9,2018-10-21,2018,294,0,matched_negative,0,,21.0,12.1,16.6,65,85,10.4,5.9,0.0,0.86,64.59999999999997,195.59999999999997,3.0,20.52857142857143,61.857142857142854,84.43194671083131,7.310130718469465,122.26689143406576,3.2935505347665988,12.719124120550216,4.034097848006485,train
366_66,36.6,6.6000000000000005,2016-09-14,2016,258,0,matched_negative,0,,30.2,18.8,23.0,41,71,11.4,5.9,4.9,2.52,5.999999999999998,7.000000000000005,0.0,29.685714285714283,34.42857142857143,81.9442904090269,104.32932671577782,1052.9414939063336,2.5148623103285397,167.23339860530191,14.226749226501235,train
361_24,36.1,2.4000000000000004,2022-06-09,2022,160,0,matched_negative,0,,31.4,20.0,25.4,28,43,17.6,7.2,0.0,3.28,0.0,5.900000000000015,14.0,32.31428571428572,27.714285714285715,95.2622096137883,163.973018351904,276.79487442986357,21.782681934816303,163.2331320774147,61.29806123325726,train
365_89,36.5,8.9,2023-07-15,2023,196,0,matched_negative,0,,46.9,26.9,36.9,7,23,21.7,5.8,0.0,9.8,0.0,0.2,30.0,46.0,9.0,100.00697265060991,263.1530658449424,525.7765919402273,50.246081056866316,262.3279681232326,105.48520165918504,train
364_22,36.4,2.2,2018-09-05,2018,248,0,matched_negative,0,,28.6,18.8,23.7,36,58,11.1,4.9,1.5,2.18,5.4000000000000075,11.4,0.0,31.128571428571426,25.285714285714285,88.90656482326057,146.54314977123275,851.3459019716535,6.411621487548528,204.9084718922686,29.025494292532276,train
360_48,36.0,4.800000000000001,2015-06-27,2015,178,0,matched_negative,0,,32.3,12.6,23.2,13,38,11.1,5.8,0.0,4.2,1.1999999999999955,28.700000000000003,8.0,30.75714285714286,21.857142857142858,96.8517985864378,157.91340328169744,592.4374094304352,19.463743881961012,189.52962985975142,58.74073365515324,train
368_49,36.800000000000004,4.9,2012-09-13,2012,257,0,matched_negative,0,,21.0,17.8,19.2,62,81,17.9,7.4,7.9,0.83,7.9,46.1,0.0,24.685714285714283,68.57142857142857,64.49931825703358,25.940121602274406,637.0670282182533,1.2733900422040225,47.08701558464653,3.5995269934729253,train
366_22,36.6,2.2,2017-09-13,2017,256,0,matched_negative,0,,26.4,19.3,22.9,67,79,13.4,8.7,0.0,1.12,17.400000000000013,32.7,3.0,26.857142857142858,44.42857142857143,87.53694404974432,40.61383287115893,795.2842026601103,5.91602474327943,72.03136294194567,18.423330149893275,train
366_82,36.6,8.200000000000001,2018-09-23,2018,266,0,matched_negative,0,,27.1,18.8,22.0,56,85,11.5,6.5,2.4,1.56,32.10000000000001,52.9,0.0,28.24285714285714,53.142857142857146,77.12597377586097,9.92652586367319,449.25704987399183,1.56896399931214,18.813804185784935,2.114780129784354,train
367_70,36.7,7.0,2023-07-05,2023,186,0,matched_negative,0,,33.3,19.9,26.4,41,64,15.5,6.8,0.0,2.94,1.000000000000007,34.99999999999999,4.0,31.24285714285714,42.714285714285715,92.64803427786602,121.9862248125385,245.17731100312417,13.638911263277075,121.69586764724411,41.96699616372005,train
365_88,36.5,8.8,2017-08-22,2017,234,0,matched_negative,0,,34.4,18.0,25.8,25,55,17.8,6.0,0.0,4.06,0.0,4.7,14.0,37.4,20.0,94.6299338817843,229.37514582314708,1160.5281450835416,20.176664229181046,307.0375209551589,61.920644159068026,train
357_14,35.7,1.4000000000000001,2013-08-28,2013,240,0,matched_negative,0,,32.2,18.4,24.2,30,66,14.3,5.3,1.2,3.35,5.100000000000007,9.799999999999994,0.0,32.57142857142857,25.714285714285715,91.74881525605274,132.18707557495998,817.6935392642959,11.308329298969857,188.28107937624634,41.74342395008437,train
352_87,35.2,8.700000000000001,2018-10-14,2018,287,0,matched_negative,0,,20.3,10.2,14.3,37,75,11.2,6.6,0.1,1.5,11.0,37.300000000000004,3.0,21.042857142857144,41.285714285714285,89.38677854823837,27.462596025938282,641.3332083241048,6.903877444139446,49.613888365391844,16.909836960981117,train
363_75,36.300000000000004,7.5,2013-09-22,2013,265,0,matched_negative,0,,21.6,14.2,17.0,48,76,10.9,4.3,0.0,1.35,14.700000000000008,92.10000000000001,3.0,22.128571428571426,58.285714285714285,86.58310983310145,24.15881680701839,537.4523120071312,4.553591603862526,43.43640036032498,11.368050627077494,train
358_-3,35.800000000000004,-0.30000000000000004,2019-08-29,2019,241,0,matched_negative,0,,28.5,20.3,24.2,43,75,18.5,9.7,0.0,2.22,0.09999999999999112,2.2,7.0,27.828571428571426,57.42857142857143,89.89215169146239,400.59537253690877,1166.31806016136,10.723190809916565,431.0547271060075,41.804442201756885,train
358_64,35.800000000000004,6.4,2023-08-29,2023,241,0,matched_negative,0,,30.2,14.7,22.2,16,43,16.3,7.7,0.0,3.58,0.0,0.0,76.0,34.528571428571425,14.0,96.5182518542319,591.50618700529,947.472647762232,24.187170591294088,585.6881780139762,69.24168926031277,train
365_38,36.5,3.8000000000000003,2016-06-01,2016,153,0,matched_negative,0,,22.4,12.5,17.2,43,70,11.5,5.6,0.0,1.54,11.900000000000015,65.7,1.0,25.47142857142857,43.857142857142854,80.7134632632188,49.95262652620007,197.47487439000096,2.1916766173751494,61.20174690552506,7.5094149331584195,train
364_35,36.4,3.5,2017-07-21,2017,202,0,matched_negative,0,,31.0,20.4,24.7,41,61,14.4,7.6,0.3,2.64,0.4999999999999929,1.099999999999993,30.0,34.58571428571429,23.857142857142858,92.82187648049043,328.66979433777266,859.8924660189376,13.222397590220652,336.13966978343404,47.71634631561733,train
368_68,36.800000000000004,6.800000000000001,2012-10-12,2012,286,0,matched_negative,0,,27.0,19.1,22.4,53,75,10.8,5.0,1.4,1.66,1.8,19.7,0.0,28.357142857142858,47.57142857142857,84.68438023454094,99.37087905987886,863.8533249911887,3.4778006661322878,154.35290385083692,17.789394392795845,train
366_72,36.6,7.2,2019-10-05,2019,278,0,matched_negative,0,,27.2,12.9,19.1,30,61,12.7,6.3,0.0,2.43,11.50000000000001,37.3,2.0,27.442857142857143,33.42857142857143,91.89125974969376,36.824870511144226,604.7593750690133,10.644974410874005,63.91933669178652,26.305077849876227,train
364_60,36.4,6.0,2021-06-12,2021,163,0,matched_negative,0,,33.4,15.0,24.6,20,42,12.8,6.1,0.0,4.11,0.0,4.0,9.0,30.242857142857144,25.857142857142858,96.36278964215873,203.31489797052052,417.1236497307239,19.856513575058937,202.81301095505904,59.97327257506843,train
365_73,36.5,7.300000000000001,2022-09-14,2022,257,0,matched_negative,0,,39.4,23.2,30.8,12,28,18.9,10.5,0.0,6.28,0.0,4.3,14.0,35.24285714285714,22.142857142857142,98.23195245155476,216.05193865703922,1218.5023762881833,34.63356978292202,299.3915353336874,85.40600621395998,train
366_59,36.6,5.9,2013-10-23,2013,296,0,matched_negative,0,,22.4,10.2,15.9,38,60,8.0,6.5,0.0,1.68,0.1999999999999858,38.300000000000004,13.0,23.199999999999996,40.57142857142857,91.64908378742348,28.522344450147802,435.1955413929117,8.116872803753665,49.013870733868956,18.93887004272615,train
364_62,36.4,6.2,2020-09-02,2020,246,0,matched_negative,0,,25.5,17.6,20.5,52,74,13.2,6.4,8.7,1.58,15.400000000000007,15.999999999999986,0.0,31.95714285714286,27.571428571428573,71.26039976522108,57.583908990378795,902.6347494455089,1.2683280276787845,99.32640803087311,6.286321341367626,train
365_17,36.5,1.7000000000000002,2023-07-12,2023,193,0,matched_negative,0,,41.0,30.4,34.4,11,24,14.3,8.9,0.0,6.87,0.0,1.9,28.0,37.385714285714286,24.428571428571427,99.57837934863795,183.53957825867192,470.6126669304501,32.74456569605268,185.8625450320809,80.05389557709182,train
362_47,36.2,4.7,2014-07-09,2014,190,0,matched_negative,0,,33.9,18.4,24.6,25,62,13.0,6.8,0.1,3.93,0.2999999999999965,8.200000000000001,20.0,34.5,19.0,96.02842981749569,228.26268026146792,533.3639719871363,19.17233660168142,228.05992165240446,59.33179358304393,train
367_36,36.7,3.6,2022-06-18,2022,169,0,matched_negative,0,,34.4,22.3,27.9,23,40,15.5,10.2,0.0,4.11,0.0,16.90000000000001,23.0,33.41428571428572,27.571428571428573,95.04263742632668,137.69337338494313,313.461049534025,19.01585262467747,137.54962867060885,53.95708511058933,train
365_45,36.5,4.5,2018-10-04,2018,277,0,matched_negative,0,,17.5,11.2,13.5,57,83,17.6,11.0,4.3,0.85,23.30000000000002,76.2,0.0,20.97142857142857,40.42857142857143,60.43025638041752,10.163376656548643,526.8606856617766,1.0204129331335208,19.391573163092463,0.9072022434673211,train
366_84,36.6,8.4,2015-10-24,2015,297,0,matched_negative,0,,14.4,8.1,10.8,61,83,7.9,6.3,0.0,0.65,30.300000000000004,80.5,1.0,17.428571428571427,56.142857142857146,73.14273349346479,5.669699472538601,512.4835750695057,1.0427502789869412,11.034215098381782,0.6638865689666732,train
369_70,36.9,7.0,2015-07-30,2015,211,0,matched_negative,0,,35.1,23.3,28.6,48,73,13.4,6.6,0.0,2.83,0.0,0.0,44.0,32.05714285714286,50.857142857142854,90.26475259574913,253.3543939286486,814.0732816216004,8.747581960470166,284.9807903548862,36.487191352167436,train
367_50,36.7,5.0,2023-07-06,2023,187,0,matched_negative,0,,33.7,22.1,28.6,47,62,14.5,5.2,0.0,2.61,1.2,32.2,5.0,30.985714285714288,51.42857142857143,91.40706306646099,113.143121519222,413.01780199291954,10.882167241894145,134.30596782415034,37.5511285836563,train
346_-23,34.6,-2.3000000000000003,2018-07-12,2018,193,0,matched_negative,0,,33.9,21.7,26.6,16,30,21.3,10.1,0.0,4.43,0.0,0.0,40.0,35.58571428571428,19.857142857142858,98.0494328044841,328.70291907560835,628.1308164660109,38.15704860692961,327.31841950369153,90.47071792769626,train
367_28,36.7,2.8000000000000003,2019-10-25,2019,298,0,matched_negative,0,,20.9,15.7,17.9,61,75,23.9,14.7,2.5,0.81,12.0,21.899999999999984,0.0,24.271428571428572,45.0,76.82383231564442,50.4623374421834,1048.7907916158463,2.8664408087491053,90.08823591857005,11.992251986673155,train
365_32,36.5,3.2,2016-06-01,2016,153,0,matched_negative,0,,21.7,9.0,15.9,40,68,10.9,6.2,0.0,1.55,10.6,76.9,1.0,23.728571428571428,46.42857142857143,80.29336191424558,45.73750732097696,173.53257291879322,2.0314381256254825,55.14136584222915,6.537020317028229,train
367_83,36.7,8.3,2023-08-19,2023,231,0,matched_negative,0,,33.0,21.6,26.7,41,68,13.8,6.5,0.0,2.9,0.0,3.5000000000000147,14.0,35.44285714285714,24.428571428571427,93.22629188263853,218.49365989327254,631.4539999999997,13.57608595143733,234.3042944696435,47.97729708835043,train
369_43,36.9,4.3,2015-07-20,2015,201,0,matched_negative,0,,29.3,23.4,26.4,63,78,14.0,8.1,0.0,1.49,0.0,0.0,34.0,28.900000000000002,60.714285714285715,87.76810682974367,141.9967478542969,659.4594965378561,6.302606753312202,184.61427915112722,28.259926972157277,train
368_38,36.800000000000004,3.8000000000000003,2021-10-26,2021,299,0,matched_negative,0,,20.9,10.9,15.8,58,80,15.9,9.4,0.2,1.03,35.699999999999996,36.499999999999986,1.0,23.199999999999996,43.142857142857146,79.77067518180581,26.715545888237994,629.2803995782552,2.4747636641863435,48.304300315388566,7.186892474962596,train
351_4,35.1,0.4,2021-07-11,2021,192,0,matched_negative,0,,42.3,26.8,34.8,6,16,19.4,11.0,0.0,7.79,0.0,0.7,37.0,38.42857142857143,14.428571428571429,99.66351307742559,344.1131479861578,817.0245051978138,42.80847668529049,343.8260377909062,96.72723833267064,train
364_66,36.4,6.6000000000000005,2019-07-07,2019,188,0,matched_negative,0,,39.3,23.0,30.9,13,26,21.2,6.0,0.0,6.17,0.0,0.0,41.0,37.68571428571429,16.142857142857142,98.1403810089346,296.78053220527084,507.0272411516337,38.423214666550386,295.11382922813175,90.701668986002,train
360_20,36.0,2.0,2015-10-31,2015,304,0,matched_negative,0,,21.9,9.5,15.1,38,72,9.5,5.4,0.0,1.62,10.099999999999994,68.0,4.0,21.357142857142858,51.0,89.66683196228968,16.87958147931422,618.988291429002,6.596879074675489,31.604551893332125,12.832422341104447,train
369_41,36.9,4.1000000000000005,2013-10-09,2013,282,0,matched_negative,0,,24.4,20.0,21.9,68,78,19.4,12.0,3.5,0.96,5.799999999999989,40.400000000000006,0.0,26.8,58.0,73.09369378784392,36.71140495124148,654.0976552962907,1.8575973997471356,64.38828572874385,6.67750792173498,train
366_37,36.6,3.7,2020-10-11,2020,285,0,matched_negative,0,,19.3,12.7,15.6,76,91,14.8,6.9,12.2,0.53,13.500000000000021,26.900000000000002,0.0,24.442857142857143,40.142857142857146,51.068336602074034,32.47066492548268,638.8679403553616,0.39253372250427826,57.61994950317359,0.7312685884879679,train
358_-3,35.800000000000004,-0.30000000000000004,2023-07-10,2023,191,0,matched_negative,0,,36.2,21.8,28.3,37,71,13.0,7.0,0.0,3.81,0.0,0.0,31.0,31.442857142857147,47.142857142857146,92.34542770804013,176.23358955772184,755.6847537703251,11.523129782358724,222.65404695645165,43.0710811165578,train
364_54,36.4,5.4,2022-06-14,2022,165,0,matched_negative,0,,34.6,20.0,27.3,18,37,14.3,7.4,0.0,4.5,0.10000000000002132,21.799999999999994,18.0,28.900000000000002,28.571428571428573,96.17785068293772,140.4851098455765,293.35263738796044,20.88793413536659,140.20262067881,57.50289757154107,train
366_28,36.6,2.8000000000000003,2014-08-20,2014,232,0,matched_negative,0,,29.6,22.1,25.1,52,76,13.0,5.9,0.0,1.98,0.0,0.6,79.0,30.12857142857143,52.0,89.33609374742538,300.0755590403953,824.728306680785,7.504564668376356,314.27786427228284,33.038859908489535,train
364_53,36.4,5.300000000000001,2023-10-23,2023,296,0,matched_negative,0,,26.9,12.8,20.3,17,30,19.7,13.6,0.0,2.94,0.09999999999997869,0.0999999999999929,30.0,25.25714285714286,20.0,95.0839861426935,246.7975785377,1108.4415031752185,23.631269889524273,317.09175676264044,68.1613603331053,train
369_47,36.9,4.7,2021-10-18,2021,291,0,matched_negative,0,,23.4,16.5,20.1,58,73,14.4,9.3,0.0,1.19,7.499999999999993,35.40000000000001,4.0,22.714285714285715,51.0,88.28483274914099,50.51964155958661,921.448456044103,6.925201036716601,88.85965951094553,23.07453164410551,train
366_75,36.6,7.5,2013-07-05,2013,186,0,matched_negative,0,,28.4,16.5,22.0,36,65,13.3,7.8,0.0,2.49,0.9,4.0,26.0,30.185714285714287,35.0,92.76993537773727,253.85710788785957,549.1667745617839,12.418570238500802,253.3510347452324,45.5474264326457,train
368_71,36.800000000000004,7.1000000000000005,2021-07-17,2021,198,0,matched_negative,0,,29.1,18.4,23.7,34,64,22.7,11.5,0.0,2.58,0.6999999999999929,0.7999999999999857,46.0,32.67142857142857,29.428571428571427,91.81640694056316,370.4143300685563,646.1698126225781,17.4334464641227,368.19017767677224,56.7202212386031,train
360_24,36.0,2.4000000000000004,2016-08-11,2016,224,0,matched_negative,0,,26.6,14.0,20.1,34,62,13.6,8.1,1.2,2.3,1.2,5.900000000000004,0.0,28.142857142857142,30.714285714285715,89.36321904893053,254.6538032233087,863.3923965437971,7.76509174457637,293.1496185560641,33.75281295280194,train
352_-9,35.2,-0.9,2022-10-19,2022,292,0,matched_negative,0,,33.7,19.1,24.9,16,37,10.9,8.2,0.0,4.37,3.1000000000000068,32.1,6.0,30.95714285714286,28.714285714285715,96.61854449365217,52.5444763842046,1006.9733183447458,18.675160540483724,92.96192869981944,45.754025716025204,train
356_32,35.6,3.2,2019-08-18,2019,230,0,matched_negative,0,,38.0,24.6,31.6,13,25,20.3,11.9,0.0,5.68,0.0,0.30000000000000004,85.0,35.857142857142854,15.857142857142858,97.82046744237381,734.6609463476069,1228.983405359708,35.20096557528246,727.1295112561572,86.44311132594464,train
370_65,37.0,6.5,2017-09-30,2017,273,0,matched_negative,0,,23.5,16.3,19.8,53,77,13.7,6.8,0.0,1.35,6.499999999999999,25.600000000000005,3.0,23.785714285714285,55.0,87.78583797733008,58.10963180120385,1024.898931274403,6.223823046611199,101.79093002706688,22.91941205537501,train
350_-10,35.0,-1.0,2015-06-14,2015,165,0,matched_negative,0,,22.1,12.8,16.6,48,70,16.6,7.6,1.7,1.38,8.400000000000004,59.599999999999994,0.0,24.014285714285712,51.57142857142857,81.10881991208181,45.63233111007559,393.1991795452154,2.9626604489229256,70.74039936245529,10.656471738355505,train
365_40,36.5,4.0,2015-06-14,2015,165,0,matched_negative,0,,25.3,12.3,17.8,31,57,13.2,6.5,4.6,2.23,7.299999999999985,32.1,0.0,26.942857142857143,36.285714285714285,81.21607181729678,69.92028871726626,415.9772821087437,2.5270336618616387,98.4642335116332,11.406615499314325,train
348_-12,34.800000000000004,-1.2000000000000002,2013-09-04,2013,247,0,matched_negative,0,,28.0,13.8,20.4,38,68,12.7,5.1,0.3,2.36,3.9000000000000004,12.0,5.0,25.057142857142857,43.57142857142857,91.44494156053571,125.7559285252808,923.0746833059549,9.992196712493692,187.61283812830717,38.51304463550614,train
366_67,36.6,6.7,2012-07-11,2012,193,0,matched_negative,0,,38.3,24.5,30.4,33,56,14.5,6.3,0.0,4.45,2.2,5.1,1.0,37.114285714285714,27.857142857142858,95.22788107277196,333.5675494504966,649.5897079217335,18.545321144515587,332.2497136249693,58.87282472248094,train
361_22,36.1,2.2,2015-08-12,2015,224,0,matched_negative,0,,36.0,24.0,30.1,29,50,13.4,5.8,0.2,4.21,8.299999999999992,18.499999999999996,1.0,37.17142857142857,25.285714285714285,93.99423389947117,119.98194627628939,1071.6753225114126,14.805944764628608,187.48740305829494,49.501650405011866,train
361_39,36.1,3.9000000000000004,2016-10-17,2016,291,0,matched_negative,0,,25.2,14.6,19.5,28,41,10.5,5.1,0.0,2.31,0.0,32.1,8.0,23.985714285714288,28.714285714285715,92.61498101784238,59.026467830659485,902.9292783710429,10.552155530747473,101.4696943375671,32.87340907100504,train
367_36,36.7,3.6,2022-09-19,2022,262,0,matched_negative,0,,30.5,21.1,25.0,54,74,18.8,10.7,0.0,1.99,2.2000000000000286,4.300000000000008,3.0,31.485714285714288,41.714285714285715,89.31387087223708,142.18877693146064,1125.7410495340246,10.020009808717305,216.13062247515273,39.25909841700692,train
368_62,36.800000000000004,6.2,2019-08-28,2019,240,0,matched_negative,0,,26.5,22.0,24.7,73,85,25.7,13.8,20.9,0.93,31.699999999999996,33.2,0.0,30.628571428571426,56.714285714285715,63.73189903166453,34.840422212734566,619.6702939461842,1.8247838288806864,61.093519678518874,6.336243811685492,train
367_71,36.7,7.1000000000000005,2013-08-02,2013,214,0,matched_negative,0,,33.9,17.2,25.9,23,54,19.4,9.5,0.0,4.08,0.0,1.499999999999993,41.0,32.785714285714285,35.142857142857146,94.85091166773552,259.32181497501426,729.1504050743127,22.545016161501284,274.54198405769085,66.06274450634973,train
353_12,35.300000000000004,1.2000000000000002,2013-10-28,2013,301,0,matched_negative,0,,28.5,15.7,21.4,17,32,12.0,8.3,0.0,3.24,0.0,3.399999999999998,19.0,28.571428571428573,19.571428571428573,95.74612777957222,204.34896304718717,1119.81715356041,17.54589661873551,280.65853805694525,56.73879782169379,train
367_44,36.7,4.4,2022-06-12,2022,163,0,matched_negative,0,,30.0,14.1,22.1,29,44,14.6,7.3,0.0,2.94,0.0,32.0,16.0,28.785714285714285,39.285714285714285,92.79638258997413,90.9732457907592,226.27252010690358,13.308626520317823,90.96817096561595,36.40210608371721,train
368_58,36.800000000000004,5.800000000000001,2018-10-16,2018,289,0,matched_negative,0,,23.2,16.3,19.6,68,86,17.1,6.1,5.3,0.9,12.100000000000016,169.79999999999998,0.0,24.957142857142856,64.0,63.9531211617495,6.354416990420411,160.55406880829145,1.19475209112576,11.56457559780593,0.7808565427939123,train
368_81,36.800000000000004,8.1,2014-08-17,2014,229,0,matched_negative,0,,26.9,19.6,23.5,53,68,17.2,7.5,0.1,1.66,0.5000000000000071,1.9000000000000037,62.0,29.04285714285714,53.714285714285715,89.11512522247632,294.8908777861855,870.7376155256543,8.983884407533985,319.3758696314115,37.21154532553735,train
360_28,36.0,2.8000000000000003,2023-10-15,2023,288,0,matched_negative,0,,25.2,12.9,18.9,35,67,12.4,5.4,0.2,2.03,0.2000000000000018,4.1,25.0,28.142857142857146,21.428571428571427,93.2136405853418,211.41086189104823,1473.8531227790581,12.629000700517885,311.21816618721107,46.30876313938005,train
369_44,36.9,4.4,2021-08-14,2021,226,0,matched_negative,0,,38.2,25.9,31.7,22,48,13.2,7.2,0.0,4.38,0.0,0.5,32.0,39.885714285714286,17.285714285714285,97.564228132183,276.33026340550913,908.3031208335696,23.79203770384748,313.9104790977801,68.43035276763675,train
363_48,36.300000000000004,4.800000000000001,2017-09-23,2017,266,0,matched_negative,0,,27.4,16.9,22.0,24,39,16.8,8.3,1.1,2.7,1.0999999999999903,16.4,0.0,26.642857142857142,27.714285714285715,92.25999665734166,114.06238047924252,1122.4296987706928,13.787894870835135,181.9100718527817,47.10788415813569,train
368_57,36.800000000000004,5.7,2015-06-16,2015,167,0,matched_negative,0,,22.1,17.0,19.4,59,74,13.8,7.7,6.3,1.06,7.6000000000000245,28.099999999999998,0.0,24.914285714285715,53.0,67.17573673219749,44.66512585439847,362.2802082509094,1.1448543985066924,68.28369789060406,4.306671016223111,train
366_37,36.6,3.7,2020-09-07,2020,251,0,matched_negative,0,,28.2,15.2,21.7,36,70,15.5,6.9,0.0,2.43,2.4000000000000186,12.500000000000004,5.0,28.314285714285713,35.714285714285715,91.83857968502548,81.76330228152042,1023.286189554588,12.166939337577917,136.2998071062345,40.56772729332834,train
356_82,35.6,8.200000000000001,2023-10-31,2023,304,0,matched_negative,0,,24.6,14.7,19.3,30,40,12.0,6.7,0.0,2.17,0.9,4.499999999999993,7.0,24.642857142857142,24.571428571428573,93.77364998792079,132.63034085460387,1149.5945157190238,13.381529639713657,205.87923681615095,47.01149186997612,train
365_19,36.5,1.9000000000000001,2022-07-03,2022,184,0,matched_negative,0,,34.8,25.1,29.0,24,39,20.2,7.2,0.0,4.2,0.6000000000000143,5.800000000000001,10.0,28.571428571428573,43.57142857142857,96.40295036061185,168.62594753754115,457.88711226425863,28.986424707092866,175.59036725007368,73.82052013184997,train
365_30,36.5,3.0,2020-09-12,2020,256,0,matched_negative,0,,27.9,19.3,22.9,45,61,13.2,6.5,0.0,2.04,39.499999999999986,56.0,1.0,26.87142857142857,49.285714285714285,88.78172295561919,38.40630760127661,572.1825390850025,7.000689380972424,65.77513990735098,19.845384136704784,train
369_70,36.9,7.0,2022-08-30,2022,242,0,matched_negative,0,,36.9,22.8,29.5,28,51,14.3,7.9,0.0,4.51,0.0,0.2,95.0,32.07142857142857,41.42857142857143,94.39703912371047,430.8504067608994,988.4693134329561,16.38024691795972,430.16858763015955,54.60337532263232,train
366_42,36.6,4.2,2023-07-18,2023,199,0,matched_negative,0,,45.5,27.0,34.9,5,13,16.8,7.1,0.0,9.32,0.0,0.2,33.0,42.6,13.714285714285714,100.08595166038845,273.9099701715844,452.8128791114512,39.653583011963875,272.309501310509,92.19334744486014,train
346_-7,34.6,-0.7000000000000001,2021-09-24,2021,267,0,matched_negative,0,,34.0,15.5,23.8,10,48,28.4,13.4,0.0,4.76,2.3999999999999946,5.500000000000001,3.0,29.87142857142857,21.857142857142858,97.9349803649014,154.51542610784142,1459.5201936710985,53.75146429471882,244.35725916428376,109.2790245669637,train
363_70,36.300000000000004,7.0,2019-06-05,2019,156,0,matched_negative,0,,30.3,14.0,21.3,17,47,19.7,11.2,0.1,3.5,0.2,54.099999999999994,9.0,23.599999999999998,31.571428571428573,95.72384226039443,45.35723548907937,198.83947077475906,25.785112301558264,57.76981564620011,45.002938644675055,train
366_54,36.6,5.4,2020-10-14,2020,288,0,matched_negative,0,,22.6,8.9,15.1,30,54,18.1,9.5,0.0,1.93,55.00000000000004,78.9,2.0,18.7,53.285714285714285,88.76516423780296,9.616793416319204,285.80513995804836,8.940061731515705,17.74119415576231,12.134749083741935,train
365_68,36.5,6.800000000000001,2017-06-15,2017,166,0,matched_negative,0,,34.4,22.9,28.5,24,41,16.6,6.9,0.0,4.06,0.0,36.099999999999994,9.0,32.82857142857143,25.285714285714285,95.4976031907075,73.17786030132041,385.9351338544983,21.387871440409178,99.28954438079245,51.32403757059333,train
369_66,36.9,6.6000000000000005,2017-06-08,2017,159,0,matched_negative,0,,23.5,16.4,20.1,58,84,14.0,8.0,0.0,1.21,13.099999999999994,16.500000000000007,2.0,24.642857142857142,62.0,85.95104937805881,54.96580578043643,450.68281642060754,4.869599400926697,84.24504875489592,17.373549806710386,train
361_68,36.1,6.800000000000001,2017-06-29,2017,180,0,matched_negative,0,,37.2,17.9,25.6,11,40,25.0,9.7,0.0,5.66,0.6999999999999965,30.700000000000003,7.0,35.25714285714286,15.857142857142858,98.59606920203977,140.23862726819175,536.10544904596,49.40312923030584,169.57825917937714,100.15139235688032,train
366_50,36.6,5.0,2023-10-06,2023,279,0,matched_negative,0,,29.8,13.8,21.2,28,57,11.3,6.2,0.0,3.01,0.0,4.1,13.0,28.785714285714285,37.142857142857146,92.97362797609412,199.1320720245217,991.6603454376723,11.553411326436976,265.1529176600893,43.584111315524986,train
360_45,36.0,4.5,2015-09-27,2015,270,0,matched_negative,0,,19.8,6.8,12.7,29,65,11.9,5.8,0.6,1.64,0.9999999999999964,35.1,19.0,21.785714285714285,26.857142857142858,90.87537141219691,81.62184807883487,862.1633056340658,8.850062983285474,132.0018368604203,32.569162063738894,train
366_33,36.6,3.3000000000000003,2022-07-11,2022,192,0,matched_negative,0,,32.5,17.1,25.7,22,39,17.4,9.3,0.0,3.7,0.19999999999999823,3.599999999999993,17.0,32.2,33.714285714285715,94.84607540652368,278.9099838468119,530.8908200172853,20.370145002076402,277.81733306899037,62.14682485019809,train
360_41,36.0,4.1000000000000005,2022-08-01,2022,213,0,matched_negative,0,,32.3,20.5,26.5,21,39,17.0,12.6,0.0,3.55,0.0,0.10000000000001066,68.0,35.714285714285715,13.285714285714286,96.95920921709077,608.464219887385,816.5026279839099,26.58184328482832,600.0747805602824,73.2597706540049,train
361_25,36.1,2.5,2022-06-09,2022,160,0,matched_negative,0,,30.5,19.7,24.4,29,45,16.5,7.9,0.0,3.09,0.1999999999999929,9.100000000000001,14.0,31.47142857142857,27.142857142857142,94.95507780234027,143.39200483581095,264.16329485808984,19.760174928330397,142.90336009738272,55.87687352522586,train
358_-3,35.800000000000004,-0.30000000000000004,2016-07-31,2016,213,0,matched_negative,0,,35.6,25.5,29.3,29,60,12.5,7.3,0.0,4.13,0.0,0.0,79.0,30.271428571428576,56.0,93.6552577468813,261.45600835927075,783.3277239597197,13.498951136797638,285.052661309269,48.213415163764495,train
369_44,36.9,4.4,2017-10-08,2017,281,0,matched_negative,0,,24.3,15.7,19.5,58,73,12.5,7.1,0.0,1.26,10.0,40.8,5.0,24.557142857142857,58.142857142857146,88.43597045625191,44.71580083611463,837.5622992916552,6.430866238816049,78.90071711760758,20.559229880175824,train
358_14,35.800000000000004,1.4000000000000001,2023-06-18,2023,169,0,matched_negative,0,,39.1,19.7,28.8,14,32,22.5,11.2,0.7,6.0,0.9000000000000035,94.8,9.0,31.214285714285715,26.285714285714285,97.65294168025241,81.43021848365795,339.6960831239959,38.464877387200886,101.83313382583222,74.15811874178394,train
352_86,35.2,8.6,2013-10-24,2013,297,0,matched_negative,0,,26.0,10.8,17.6,24,49,7.0,4.7,0.0,2.54,0.9000000000000035,44.2,14.0,26.128571428571426,26.142857142857142,93.43134485405565,50.20386383734654,511.5386792238818,9.91731033375883,80.62565000003585,28.15813681413909,train
369_41,36.9,4.1000000000000005,2013-08-07,2013,219,0,matched_negative,0,,31.8,24.2,28.5,47,64,13.8,7.3,0.0,2.51,0.4999999999999858,1.7000000000000002,46.0,30.728571428571428,53.0,91.41269314634906,151.79396733559443,592.9294613500148,10.513417797421619,185.1126786447989,39.721388588603105,train
364_29,36.4,2.9000000000000004,2018-09-28,2018,271,0,matched_negative,0,,22.1,12.8,16.9,48,73,10.6,5.6,0.0,1.35,0.1999999999999858,42.6,8.0,24.842857142857145,42.714285714285715,89.0168288044602,47.676614831315135,718.3391519248732,6.351856296399243,81.78322183116204,20.761798044760393,train
369_62,36.9,6.2,2018-06-24,2018,175,0,matched_negative,0,,25.9,18.5,22.6,50,66,12.8,6.5,0.0,1.54,1.9,45.499999999999986,5.0,25.442857142857147,60.857142857142854,89.5116374334267,41.794647298268536,249.93514321671486,7.618828693802987,58.946443441190496,19.916613067747164,train
365_62,36.5,6.2,2017-08-12,2017,224,0,matched_negative,0,,30.3,20.7,24.6,43,60,16.8,7.9,0.0,2.47,1.200000000000007,8.699999999999994,10.0,37.82857142857143,24.857142857142858,92.00239493476299,310.088514127804,1133.7342531603038,13.29527207208279,368.32494302956417,47.912023030052424,train
358_5,35.800000000000004,0.5,2019-08-08,2019,220,0,matched_negative,0,,39.9,24.8,31.7,15,31,12.3,7.8,0.0,6.15,0.0,0.0999999999999929,96.0,39.57142857142857,25.714285714285715,97.68507720487513,648.0196477476651,1084.5499066854416,23.104490343098433,641.9069536376556,67.36295331467409,train
354_71,35.4,7.1000000000000005,2015-07-12,2015,193,0,matched_negative,0,,30.1,16.4,23.3,13,39,12.1,6.3,0.0,3.71,0.0,1.9000000000000017,26.0,30.142857142857142,13.285714285714286,97.54413653364631,266.50124880354286,682.8680544217797,22.449201869278692,269.7833114634332,65.8573124126789,train
367_48,36.7,4.800000000000001,2018-06-25,2018,176,0,matched_negative,0,,26.2,15.9,21.2,59,80,11.5,5.4,0.0,1.4,0.0,44.49999999999999,18.0,25.985714285714288,57.714285714285715,88.44052900421063,71.96635663160089,277.0747544336057,6.1188450723168195,87.266821608563,20.926593080631143,train
365_34,36.5,3.4000000000000004,2018-09-13,2018,256,0,matched_negative,0,,25.6,18.8,21.3,56,82,10.5,6.6,7.2,1.45,11.5,20.6,0.0,28.528571428571432,38.57142857142857,69.30952344389173,76.38124072726707,860.5343446885478,1.0387768626864122,125.02038165857874,5.979807510346341,train
351_-13,35.1,-1.3,2013-08-08,2013,220,0,matched_negative,0,,32.1,21.4,27.2,32,48,12.3,6.6,0.0,3.24,0.0,1.1,73.0,34.81428571428571,33.285714285714285,93.43160628099201,323.41713711236844,755.2438568001328,12.953748458214294,323.07254077115385,47.08234266372014,train
360_59,36.0,5.9,2021-07-08,2021,189,0,matched_negative,0,,38.6,19.9,27.2,11,39,17.1,9.4,0.0,6.11,0.0,0.6000000000000071,33.0,40.214285714285715,7.285714285714286,99.52951036934203,419.81943271271723,703.8059790131528,37.468613030094126,416.8142591020251,89.62568042728041,train
363_11,36.300000000000004,1.1,2023-07-04,2023,185,0,matched_negative,0,,34.2,20.6,27.9,24,42,12.1,6.8,0.0,4.03,0.0,15.699999999999985,20.0,33.72857142857143,25.714285714285715,95.54229912192754,154.11263521333595,534.502333320543,17.15266445369203,179.11503170104422,53.86639161368272,train
363_47,36.300000000000004,4.7,2014-07-20,2014,201,0,matched_negative,0,,37.1,20.8,28.6,13,28,13.2,8.2,0.0,5.48,0.09999999999999645,1.2,31.0,34.4,15.0,98.50476861707368,305.04653495704076,634.948801634632,26.93546730811554,304.20239596740856,73.66426523875555,train
362_89,36.2,8.9,2012-09-27,2012,271,1,positive,2,26.48,33.5,16.8,25.5,17,37,19.2,9.6,1.3,4.29,1.7000000000000002,44.4,0.0,32.91428571428572,16.571428571428573,95.31152534637017,97.9039535016364,849.724218854135,23.771124535718574,152.0193125028663,63.595815873544375,train
352_-14,35.2,-1.4000000000000001,2013-10-03,2013,276,1,positive,8,7.53,26.7,21.8,23.7,68,86,17.2,10.7,0.0,1.12,4.600000000000007,29.9,4.0,27.357142857142858,61.142857142857146,87.10093889432831,64.1507423539676,889.5512129862867,6.732392598265236,108.70339095952454,24.98361624490562,train
354_61,35.4,6.1000000000000005,2012-07-08,2012,190,1,positive,1,0.83,37.0,22.1,30.0,13,27,17.3,10.5,0.0,5.42,0.6,7.2,7.0,34.82857142857143,16.285714285714285,97.96409902654113,238.0080502741544,626.166656865097,30.842322713461503,244.07847722669945,79.26243814321722,train
366_42,36.6,4.2,2012-08-19,2012,232,1,positive,1,3.38,37.6,21.2,29.9,16,33,12.2,6.3,0.0,5.37,1.5999999999999999,7.999999999999999,10.0,38.128571428571426,16.142857142857142,98.39293957699704,245.96890095652387,1011.9433312300993,25.238645030201152,305.99527277340775,70.86712926126536,train
361_29,36.1,2.9000000000000004,2022-10-19,2022,292,1,positive,1,0.27,29.3,17.2,23.2,21,38,7.9,4.9,0.0,3.22,1.1000000000000072,36.7,7.0,27.157142857142855,31.0,94.74855868027923,65.51514672134972,977.6557563476878,12.45316815256712,112.22851312318238,38.32050273471641,train
366_66,36.6,6.6000000000000005,2019-09-27,2019,270,1,positive,2,2.3,28.4,15.5,20.9,39,74,11.5,6.0,0.0,2.35,0.3,73.0,8.0,28.62857142857143,38.857142857142854,90.81965422317477,49.37394041092547,574.1864575271954,8.604811943027208,81.27575115917779,25.642893776477134,train
362_21,36.2,2.1,2013-10-25,2013,298,1,positive,1,2.0,34.5,17.1,25.1,13,35,12.0,8.3,0.0,4.77,0.0,1.0,35.0,31.328571428571426,25.0,97.13040263617934,177.9190356047455,1047.1801826780766,21.139599005572844,249.75343700389098,63.31015825091139,train
364_14,36.4,1.4000000000000001,2012-08-11,2012,224,1,positive,1,16.04,35.2,20.4,28.5,22,45,10.0,5.5,0.0,4.42,0.0,0.0,82.0,33.785714285714285,25.714285714285715,96.01668600095923,459.31084348425486,883.0764943990102,16.456318826144194,457.0124795736649,54.76355606544082,train
361_33,36.1,3.3000000000000003,2022-09-29,2022,272,1,positive,1,2.76,23.5,12.4,17.0,30,50,18.7,12.5,0.0,2.03,7.3999999999999915,24.49999999999998,4.0,23.400000000000002,36.42857142857143,91.70624948610691,55.84470651165559,949.172424240829,14.030351928882196,97.36779046244541,38.90224220816182,train
367_82,36.7,8.200000000000001,2017-07-13,2017,194,1,positive,1,9.32,34.8,22.2,27.5,30,61,11.6,5.6,0.0,3.88,0.9,10.1,11.0,36.92857142857143,29.428571428571427,95.31475202825511,139.06087117303775,586.3403023307408,16.215181627095898,174.5988216585773,51.78463796323083,train
359_20,35.9,2.0,2014-09-13,2014,256,1,positive,1,0.48,28.9,14.9,21.8,19,41,11.5,6.7,0.0,3.22,4.099999999999992,10.8,6.0,28.914285714285715,27.0,94.88302465808718,123.08642480801566,991.093271574006,15.208263530650996,187.84916968798632,50.354556508993795,train
366_65,36.6,6.5,2017-08-26,2017,238,1,positive,2,7.68,35.5,19.1,26.6,18,37,10.4,5.9,0.0,4.73,0.0,24.200000000000006,9.0,31.514285714285716,22.714285714285715,96.80594928016498,122.61741034042211,1049.775928159489,18.674125467426176,189.80897954093464,57.27821970319779,train
365_72,36.5,7.2,2017-08-01,2017,213,1,positive,1,3.43,40.8,27.0,33.4,11,23,15.3,9.1,0.0,6.87,0.0,4.0,13.0,36.957142857142856,19.142857142857142,99.24040718846382,293.9899224734295,881.9361565877722,32.96022568845103,320.7107234369335,83.05029837754338,train
353_-5,35.300000000000004,-0.5,2016-09-02,2016,246,1,positive,1,3.09,32.8,22.6,26.5,37,72,12.0,6.0,0.2,3.1,2.8,4.300000000000003,4.0,35.028571428571425,30.0,91.90225675351866,185.52872221599623,1165.9864651472592,10.292044694412844,265.45941984783127,40.46727476843456,train
365_40,36.5,4.0,2020-08-01,2020,214,1,positive,3,2.04,34.2,24.1,29.1,20,32,13.7,6.2,0.0,4.32,0.0,0.30000000000000004,43.0,36.91428571428571,15.142857142857142,97.27238024528656,343.35192018485805,703.2595360933564,23.47041070237,342.2499260387548,67.93500570473228,train
344_21,34.4,2.1,2019-10-26,2019,299,1,positive,1,1.35,18.3,4.6,12.2,30,59,14.5,8.5,0.0,1.46,0.1999999999999929,6.3,11.0,20.12857142857143,32.42857142857143,90.61705384451554,109.78611884217642,1271.3762486962335,9.7237549585207,180.58702628554224,37.60017079244043,train
369_76,36.9,7.6000000000000005,2019-07-19,2019,200,1,positive,1,4.54,32.9,20.1,26.0,28,59,14.6,7.3,0.0,3.6,2.099999999999986,2.2,4.0,32.1,31.285714285714285,93.71635803153889,162.7903682754164,558.6849095963017,15.133753037135678,188.3653542336856,50.22026447066317,train
353_83,35.300000000000004,8.3,2012-08-26,2012,239,1,positive,1,0.45,32.7,17.1,24.6,16,42,19.5,8.9,0.0,4.17,0.29999999999999827,2.3,20.0,32.08571428571428,16.571428571428573,97.23674886506657,312.51723677004594,1079.9716210906922,31.288638380843995,362.66710957676,80.63027439928048,train
364_39,36.4,3.9000000000000004,2012-08-21,2012,234,1,positive,1,19.0,37.7,18.4,28.8,12,34,14.5,7.4,0.0,5.72,2.0,6.9,5.0,38.82857142857143,13.285714285714286,98.0868262060957,204.72778449501584,1026.6231317084955,27.221034266205507,273.2351278230473,73.94704417707464,train
367_32,36.7,3.2,2016-10-06,2016,280,1,positive,1,1.89,31.3,17.4,24.0,36,70,14.4,6.3,0.1,2.93,5.300000000000007,23.199999999999992,5.0,29.514285714285712,45.714285714285715,91.66983859219388,64.43946450443153,1006.5634386291977,11.238934340093994,111.09790920010121,35.68006599556001,train
366_44,36.6,4.4,2019-08-21,2019,233,1,positive,1,2.85,33.9,22.9,27.3,45,73,14.9,7.4,0.0,2.9,0.0,0.7,77.0,35.3,27.714285714285715,92.38811980760289,527.9999117883004,908.1506055145679,12.757433009460627,523.9213654909316,46.705207341698575,train
364_18,36.4,1.8,2015-06-08,2015,159,1,positive,1,4.44,25.6,13.3,19.1,44,77,14.4,8.6,0.0,1.83,0.6,20.7,14.0,25.242857142857144,39.714285714285715,90.47438953208386,101.66302798561233,386.0979117526483,9.479660320190234,122.61318779326096,33.18146076605566,train
359_27,35.9,2.7,2021-10-21,2021,294,1,positive,1,4.2,23.1,8.4,15.1,23,47,11.7,7.5,0.0,2.17,0.1,5.400000000000007,29.0,22.057142857142857,27.142857142857142,93.16857130812465,159.04152050799942,1257.2368479874117,12.11473390738469,241.65814398181354,44.72520348164289,train
359_16,35.9,1.6,2016-08-05,2016,218,1,positive,1,1.12,31.6,16.5,23.6,22,47,15.8,7.8,0.0,3.62,0.5999999999999999,3.0,28.0,33.642857142857146,16.714285714285715,96.38484096520799,412.332364719901,838.0326162111251,23.165698363603685,410.80465803714833,67.45645022466142,train
361_17,36.1,1.7000000000000002,2012-08-01,2012,214,1,positive,1,3.15,42.2,21.7,32.4,11,28,10.7,5.1,0.2,7.36,1.5999999999999999,5.3,6.0,38.114285714285714,18.142857142857142,98.80442767404833,486.24862033713185,866.9734928009808,24.697382956521253,483.0172313486754,70.11072131829084,train
352_14,35.2,1.4000000000000001,2013-08-01,2013,213,1,positive,1,2.74,34.2,17.7,26.8,13,31,12.2,5.6,0.0,4.68,1.5000000000000036,8.600000000000001,5.0,34.27142857142857,20.571428571428573,97.1830591358291,198.09662477343403,664.3650998465797,21.504247989401584,226.9881473340879,63.60677765268897,train
364_83,36.4,8.3,2016-08-19,2016,232,1,positive,8,14.19,37.5,18.4,28.3,17,39,14.4,5.7,0.0,5.33,0.2,4.5,8.0,33.3,22.428571428571427,96.87193412233502,160.74218088351347,918.960091784249,23.047020621600478,223.67339628930517,66.25556006389905,train
369_64,36.9,6.4,2012-10-04,2012,278,1,positive,3,13.47,28.8,14.6,21.2,31,70,10.9,7.5,0.0,2.75,0.7,22.2,20.0,24.257142857142856,48.142857142857146,91.89655369122671,67.5518188554658,659.1575676219252,9.72923367043394,107.54902603147183,31.969408051252984,train
351_-13,35.1,-1.3,2019-06-28,2019,179,1,positive,1,3.79,32.6,20.2,25.4,48,72,14.4,6.4,0.0,2.55,0.8000000000000071,2.5999999999999925,14.0,29.04285714285714,49.285714285714285,89.82744007621056,281.6588634146856,661.9633844522264,8.641144458576019,281.4061041559531,36.18275149442369,train
365_57,36.5,5.7,2022-09-28,2022,271,1,positive,1,0.25,21.5,10.3,14.8,39,76,16.3,7.9,0.0,1.55,28.800000000000008,45.39999999999999,1.0,21.5,47.57142857142857,88.52894845598061,30.00464821766127,710.5924645079867,7.892666666643573,54.27944515402572,19.570224686172143,train
350_57,35.0,5.7,2018-08-22,2018,234,1,positive,1,1.95,33.4,24.2,29.1,30,39,19.7,12.0,0.2,3.59,4.2,8.5,5.0,33.699999999999996,28.142857142857142,95.09637207901639,121.10403458933948,1272.3760349757827,23.671355436323555,195.65276835704907,66.43995250097207,train
370_64,37.0,6.4,2015-07-11,2015,192,1,positive,2,1.4,26.4,19.7,22.8,48,70,10.8,5.0,0.0,1.77,0.0,6.7,16.0,28.271428571428572,38.857142857142854,90.37383249604243,162.73287976469905,590.0679083866848,7.794101726977954,192.644075845387,32.8318410614773,train
362_26,36.2,2.6,2017-07-31,2017,212,1,positive,7,35.06,41.4,25.4,32.9,8,22,14.3,9.0,0.2,7.26,0.20000000000000356,2.6999999999999997,20.0,36.24285714285715,15.857142857142858,99.24022765154629,346.5994213526615,911.1938576419413,31.33978015108359,355.3137335124783,80.69871342769362,train
365_14,36.5,1.4000000000000001,2019-07-08,2019,189,1,positive,1,6.63,29.6,21.6,25.9,28,47,17.9,9.1,0.0,2.82,0.0,2.8,24.0,31.82857142857143,38.42857142857143,95.22770469733176,210.82715064390217,564.5936068496702,22.010496051395876,218.07430821260374,64.30668311035883,train
365_51,36.5,5.1000000000000005,2019-08-01,2019,213,1,positive,1,12.72,37.2,23.1,29.2,14,29,17.1,10.3,0.0,5.47,0.0,1.5,45.0,30.47142857142857,26.857142857142858,97.39617388697438,318.0991794276773,609.6318438369323,28.319314866364838,316.79711300795066,75.93355964781549,train
358_74,35.800000000000004,7.4,2019-08-02,2019,214,1,positive,1,0.78,37.1,23.8,30.1,13,27,13.7,9.2,0.0,5.44,0.0,2.9,13.0,36.05714285714286,14.571428571428571,97.74990509202104,294.38891994265344,817.1978863370855,25.0071159689115,309.7844721417905,70.49096632702523,train
365_53,36.5,5.300000000000001,2013-08-04,2013,216,1,positive,1,9.18,28.4,16.4,22.4,36,63,13.0,8.6,0.0,2.48,0.0,2.7,9.0,26.62857142857143,41.714285714285715,91.9827208919957,188.6424049632465,565.9620362452583,10.947864556081695,205.79746990815238,41.36145152928932,train
368_78,36.800000000000004,7.800000000000001,2021-06-19,2021,170,1,positive,1,0.48,41.5,22.3,29.3,17,56,18.6,8.5,0.0,6.63,0.0,2.8,25.0,33.028571428571425,34.57142857142857,97.42508534214869,209.2963326366594,368.94066489000784,30.66045301228884,208.37873776373885,78.07508404678325,train
352_88,35.2,8.8,2022-07-03,2022,184,1,positive,1,2.7,40.9,23.5,32.5,12,32,17.1,6.7,0.0,6.82,0.0,0.4,54.0,40.6,9.428571428571429,99.63521492247824,500.11612330178616,702.0871205717154,37.984596293856036,494.4435715401368,90.35292775116802,train
366_55,36.6,5.5,2014-09-06,2014,249,1,positive,2,36.01,24.0,15.7,20.0,52,73,10.1,5.6,0.0,1.45,2.0000000000000075,6.000000000000001,6.0,24.942857142857143,47.714285714285715,88.22143830889324,273.69168973097743,831.1286744812297,5.525632635891919,300.2234805143621,26.833560697758088,train
368_73,36.800000000000004,7.300000000000001,2012-09-19,2012,263,1,positive,1,1.12,30.4,17.4,23.6,38,71,13.7,5.9,0.0,2.66,17.199999999999996,49.3,5.0,26.728571428571428,47.42857142857143,92.14598642081063,37.756791247343536,738.1233060406096,11.605626293443335,66.95172595931045,28.566888920029683,train
349_57,34.9,5.7,2023-07-17,2023,198,1,positive,1,8.07,44.2,29.6,38.0,5,9,13.3,9.3,0.0,8.68,0.0,0.0,35.0,42.971428571428575,9.571428571428571,99.97569748978323,461.03088103868805,1065.2514247860881,32.77383811994404,460.3335160601572,82.90125851272676,train
364_40,36.4,4.0,2012-08-18,2012,231,1,positive,4,14.64,40.0,22.8,32.6,10,25,14.7,6.6,0.4,6.62,3.7,6.9,2.0,38.371428571428574,13.714285714285714,98.71319988764554,184.0994835697446,997.3724881928526,29.85434331879304,251.93892674738586,77.87273505777178,train
353_7,35.300000000000004,0.7000000000000001,2015-09-13,2015,256,1,positive,3,1.2,35.9,20.5,27.3,21,44,17.3,9.5,1.3,4.67,4.099999999999993,15.9,0.0,31.8,28.0,94.9811314546028,115.96855853437967,1233.0515635336237,20.6466036131559,187.7843089660679,60.81787111819746,train
368_40,36.800000000000004,4.0,2015-07-11,2015,192,1,positive,1,3.52,26.0,15.2,21.4,39,59,14.2,9.1,0.0,2.04,0.0,17.10000000000001,26.0,27.742857142857144,35.285714285714285,90.76830365746547,154.31688844256456,562.9808699212773,9.786931400971163,183.1364251800946,37.84931670111838,train
366_27,36.6,2.7,2022-09-18,2022,261,1,positive,1,2.21,30.2,22.0,25.1,46,69,29.6,18.9,0.0,2.3,0.10000000000000711,0.5,79.0,32.05714285714286,33.714285714285715,91.40392053664205,502.44952679184587,1143.4801104600158,23.27937831151721,501.49398686749896,67.66759641260833,train
363_22,36.300000000000004,2.2,2014-08-10,2014,222,1,positive,6,53.61,35.6,20.6,28.1,27,46,9.9,5.8,0.0,4.25,1.7,2.599999999999993,1.0,33.542857142857144,26.0,94.46193300364244,182.55996682954571,745.192846217857,13.240882123945624,226.43675202314532,47.111925467729776,train
365_72,36.5,7.2,2012-06-29,2012,181,1,positive,2,10.78,37.9,19.7,29.3,15,35,10.1,6.4,0.3,5.58,0.29999999999999977,4.4,22.0,33.65714285714286,22.571428571428573,97.35948438360747,271.48927488343634,510.8440589395108,19.80497535304779,270.39621872758806,61.04106630407901,train
353_-5,35.300000000000004,-0.5,2013-08-19,2013,231,1,positive,3,3.28,33.7,20.8,27.1,39,67,13.0,6.5,0.0,3.17,0.0,0.5,84.0,33.91428571428572,32.57142857142857,93.27018190717689,431.95103939705086,863.4584259064649,13.119894969263457,430.17470208209477,47.53323761629065,train
366_55,36.6,5.5,2017-07-28,2017,209,1,positive,4,35.54,31.5,18.9,25.5,23,40,11.7,7.1,0.0,3.39,1.3000000000000143,16.9,9.0,28.95714285714286,36.57142857142857,94.13096674974335,128.89323001463146,627.9064075031392,13.850211594874187,170.36000818244048,46.68660375511645,train
358_-5,35.800000000000004,-0.5,2013-10-20,2013,293,1,positive,1,2.27,25.5,20.3,22.4,60,80,10.8,5.9,0.0,1.29,0.0,0.2,37.0,26.014285714285712,57.0,86.82790026044422,144.45325369904506,1027.2562590525345,4.690772580795386,213.75920864697662,23.49581782945304,train
360_26,36.0,2.6,2014-08-19,2014,231,1,positive,3,12.41,35.1,21.6,28.0,26,47,10.7,4.6,0.7,4.16,1.4999999999999998,6.5,10.0,33.95714285714286,25.857142857142858,94.37795023323895,448.4107811364855,854.0684644390874,13.626800464308015,446.12150518875694,48.68380778476616,train
364_67,36.4,6.7,2018-06-30,2018,181,1,positive,1,1.99,39.9,23.2,31.4,6,15,24.0,13.9,0.0,6.89,0.0,22.799999999999994,9.0,29.842857142857138,22.714285714285715,99.40159972578701,117.33281568096378,320.95042231881416,52.17585884648337,122.60814561237419,95.02333512751065,train
368_45,36.800000000000004,4.5,2012-08-26,2012,239,1,positive,9,38.38,29.2,22.5,25.5,48,66,16.8,10.0,0.0,2.02,0.7,1.6,74.0,31.71428571428572,38.42857142857143,91.04583900990356,384.25986232640406,957.9828178189127,11.607273476529695,384.2414595395392,43.96788973493518,train
364_66,36.4,6.6000000000000005,2021-07-05,2021,186,1,positive,1,0.37,38.2,19.4,28.5,13,27,14.2,6.1,0.0,5.74,0.30000000000001426,0.7999999999999929,60.0,36.728571428571435,16.0,97.85268905135493,401.93608378031416,634.1626298318907,25.996355583749413,398.7204045669966,72.27467005313535,train
355_4,35.5,0.4,2015-06-30,2015,181,1,positive,1,1.11,40.0,20.1,31.1,10,23,13.3,8.5,0.0,6.59,0.0,8.9,19.0,34.300000000000004,17.857142857142858,98.70787978100753,211.85996263224743,608.8829090720044,27.801455349358644,226.60376335216222,74.20060209524208,train
368_45,36.800000000000004,4.5,2012-08-14,2012,227,1,positive,8,22.97,30.3,22.0,26.3,36,55,10.7,8.5,0.0,2.72,0.0,1.5,62.0,32.27142857142857,38.42857142857143,92.43059064048339,333.1302072904042,852.2568178189126,10.386005864355049,336.9716533270998,40.90998060258512,train
365_36,36.5,3.6,2012-06-28,2012,180,1,positive,1,129.62,36.5,20.9,29.5,19,37,10.5,5.9,0.0,4.86,0.0,4.6000000000000005,9.0,34.91428571428572,26.142857142857142,96.88778040722498,242.01569727803792,489.7352736990117,18.975274176635367,241.32752277229235,59.17134898700101,train
365_15,36.5,1.5,2014-07-03,2014,184,1,positive,1,2.42,27.0,19.3,23.2,50,63,20.5,10.2,0.0,1.77,0.0,1.4000000000000001,27.0,29.58571428571429,40.857142857142854,90.38578097588912,140.00158865508828,517.5880867574771,12.728696211174826,167.04430086423565,44.07277241623493,train
366_51,36.6,5.1000000000000005,2015-06-27,2015,178,1,positive,1,2.0,28.9,14.6,22.5,27,60,11.2,5.7,0.0,2.81,0.8000000000000063,21.299999999999997,11.0,27.4,42.285714285714285,92.89027912737208,106.25057894434276,540.5199283385906,11.361826004773288,142.4817056755994,39.348636373437316,train
357_45,35.7,4.5,2023-06-16,2023,167,1,positive,1,0.23,32.6,16.8,25.6,20,40,16.2,6.6,0.0,3.94,9.799999999999999,67.1,3.0,32.214285714285715,26.857142857142858,95.34744039600943,56.206910597353065,497.5344455093126,20.536463671117236,87.6570758560775,47.284359101726125,train
360_28,36.0,2.8000000000000003,2020-08-09,2020,222,1,positive,1,9.14,37.1,18.6,27.9,12,24,18.3,8.0,0.0,5.52,0.0,0.1,62.0,35.828571428571436,13.285714285714286,98.80587172434227,593.7534585009008,1038.2831819422527,36.22864002990022,589.0257612048433,87.90428056826319,train
367_47,36.7,4.7,2014-07-25,2014,206,1,positive,1,2.72,31.1,19.5,24.9,33,51,13.7,7.7,0.1,2.95,0.6000000000000071,0.9999999999999999,39.0,29.085714285714285,28.285714285714285,94.01247860993345,207.63136448724808,515.7869160191557,15.069517254725215,207.61467747016826,50.70176636132478,train
368_48,36.800000000000004,4.800000000000001,2017-08-04,2017,216,1,positive,3,5.96,32.5,23.0,28.4,25,53,10.4,6.1,0.0,3.24,1.9000000000000106,4.1,3.0,36.25714285714285,22.142857142857142,95.96324457330984,251.85902364619818,815.7070964719375,16.67035720435252,284.28066717673454,54.993438715815024,train
358_74,35.800000000000004,7.4,2012-08-10,2012,223,1,positive,1,1.03,34.2,19.6,27.0,15,33,19.1,10.3,0.0,4.53,3.4000000000000004,9.100000000000001,1.0,36.58571428571428,11.0,96.7893155965405,150.93623184651946,1004.1810883941916,28.884436998161643,219.42082137882912,75.71641193118468,train
361_42,36.1,4.2,2014-09-03,2014,246,1,positive,1,2.56,34.3,18.0,25.7,16,34,16.3,7.4,0.4,4.56,0.6999999999999926,5.0,15.0,33.51428571428572,17.285714285714285,96.5969331997333,435.0053142358204,1076.4931202362163,24.444310356295663,434.9231636081094,69.67404879417471,train
366_24,36.6,2.4000000000000004,2014-07-18,2014,199,1,positive,2,8.71,35.3,24.0,29.8,26,42,14.8,10.2,0.0,4.21,0.0,0.0,46.0,28.52857142857143,53.57142857142857,94.31406175576625,133.6248080907014,488.9611386946465,16.60690615701689,158.77399709507517,51.54209535290668,train
352_5,35.2,0.5,2015-09-21,2015,264,1,positive,2,3.75,30.6,17.7,23.8,25,55,9.2,4.8,0.1,3.3,0.09999999999999423,13.9,13.0,30.17142857142857,32.857142857142854,93.78266875644805,137.4789010947579,1263.1480555635778,11.635214666004135,216.1455190512813,43.22578054462567,train
363_22,36.300000000000004,2.2,2016-07-21,2016,203,1,positive,12,115.66,38.6,19.5,28.8,12,31,9.8,5.4,0.0,6.02,0.0,5.199999999999993,23.0,31.714285714285715,26.857142857142858,98.09729878100521,373.6242196431814,720.0049051766692,21.510425266986466,371.98513210229214,64.48595018900396,train
368_61,36.800000000000004,6.1000000000000005,2020-08-12,2020,225,1,positive,1,4.16,38.7,27.3,30.9,21,43,16.1,8.9,0.0,5.36,0.0,2.7999999999999856,8.0,33.3,29.142857142857142,96.77486546746103,211.5346102539878,792.9677530050536,24.783948404797073,253.80478378915345,69.73263337169061,train
367_38,36.7,3.8000000000000003,2014-08-28,2014,240,1,positive,6,29.35,33.0,19.4,26.1,23,39,14.7,8.0,0.0,3.83,0.10000000000000711,0.5,87.0,31.671428571428574,28.285714285714285,96.19965894293931,416.1809217764103,935.1743095020888,21.3760736985278,415.3800127426847,64.26235197753635,train
365_89,36.5,8.9,2014-09-16,2014,259,1,positive,1,4.47,37.3,20.9,29.4,20,43,13.2,8.1,0.0,5.07,2.1,4.4,6.0,35.028571428571425,24.142857142857142,96.59300220202714,169.28123179256468,1255.819680787527,20.898144712019548,253.2267072293966,62.91049875745367,train
365_33,36.5,3.3000000000000003,2017-07-11,2017,192,1,positive,36,69.52,39.4,26.4,32.1,9,31,24.9,13.8,0.0,6.22,0.0,7.1000000000000005,10.0,34.31428571428572,19.0,98.7736323810432,162.71355613313636,640.7759104267599,50.31034382223356,199.05866375243417,103.57662774094707,train
364_42,36.4,4.2,2019-07-27,2019,208,1,positive,2,19.73,34.2,22.3,27.0,12,35,16.1,9.5,0.0,4.74,0.0,0.3999999999999929,40.0,37.07142857142857,12.428571428571429,98.64567496367943,479.00894540738506,815.5961525013776,31.754657772816355,475.434767355089,81.37996006953507,train
357_13,35.7,1.3,2017-07-31,2017,212,1,positive,1,6.04,41.7,26.1,32.9,8,18,22.8,9.5,0.2,7.42,3.199999999999993,6.799999999999996,1.0,37.55714285714286,14.857142857142858,99.24169761507896,130.25688024631324,942.7816468200137,48.10539047216876,193.63211487471253,100.63037343657187,train
365_61,36.5,6.1000000000000005,2014-10-27,2014,300,1,positive,1,7.5,24.3,12.3,18.1,43,73,9.1,4.7,0.4,1.72,3.099999999999986,50.2,5.0,23.528571428571432,46.57142857142857,89.84903952616344,69.2451302266576,751.9083822098839,6.636362403273275,112.57254083890639,25.12795578093143,train
364_32,36.4,3.2,2013-10-12,2013,285,1,positive,1,5.52,25.6,13.9,19.1,46,81,11.2,5.2,0.0,1.78,3.4000000000000004,12.5,3.0,24.728571428571428,47.142857142857146,89.4730669196746,66.84890867401158,661.1300712153493,6.989890041679789,106.72067306819199,25.42805103094185,train
350_-22,35.0,-2.2,2012-08-26,2012,239,1,positive,1,0.43,33.6,20.0,26.9,33,51,14.5,5.9,0.0,3.48,0.0,0.0,98.0,34.214285714285715,34.0,94.40547612980905,548.6558405152776,1212.1158701269273,16.565430342039612,547.2054900722256,54.99133825759103,train
369_63,36.9,6.300000000000001,2013-10-21,2013,294,1,positive,1,1.74,30.1,20.6,24.4,45,74,12.9,8.9,0.0,2.34,0.0,56.19999999999999,11.0,26.5,63.142857142857146,89.58196320976124,21.607179979000946,379.7761529088153,7.734959254435864,37.83311775610436,15.96152277138506,train
368_61,36.800000000000004,6.1000000000000005,2014-08-04,2014,216,1,positive,1,8.95,31.5,19.8,26.1,50,67,12.2,7.2,0.0,2.3,2.4999999999999933,2.9000000000000004,5.0,29.557142857142853,45.57142857142857,90.08390199368971,234.7086595979642,632.0844309354458,8.02387303730836,243.43430201550507,34.24727420467348,train
365_15,36.5,1.5,2020-08-16,2020,229,1,positive,1,22.17,32.5,22.3,27.0,21,44,20.9,11.6,0.0,3.84,0.0,0.9,58.0,32.01428571428572,40.285714285714285,94.90299102907696,331.3567138486329,893.2471868516991,24.489476104646936,343.8391641848452,69.69267533428217,train
366_63,36.6,6.300000000000001,2020-07-11,2020,193,1,positive,4,3.98,39.0,20.9,29.5,15,38,14.4,7.4,0.0,5.91,0.0,1.0999999999999859,28.0,33.028571428571425,24.285714285714285,97.87964808626433,281.1702305249541,591.498486081216,26.35343985788947,280.467443036397,72.58796674097717,train
362_79,36.2,7.9,2012-08-15,2012,228,1,positive,4,27.37,38.0,19.2,29.3,12,39,15.5,7.2,0.0,5.8,2.1999999999999904,10.8,2.0,36.4,16.0,98.01636683180033,153.483305922289,953.1033860494178,28.36300852658859,218.85724661812375,74.88672112717636,train
363_66,36.300000000000004,6.6000000000000005,2018-07-04,2018,185,1,positive,1,7.61,42.6,23.2,31.9,6,30,17.4,8.1,0.0,7.89,0.0,14.200000000000008,20.0,38.471428571428575,14.142857142857142,99.67124639925542,181.40552427215633,418.7397468234407,38.743216535218956,181.231740594577,88.00743809750288,train
361_52,36.1,5.2,2023-09-18,2023,261,1,positive,1,4.74,32.3,21.4,26.2,22,37,13.7,7.2,0.0,3.73,4.099999999999985,4.999999999999993,4.0,31.48571428571429,25.142857142857142,95.96184730556762,137.10354964591588,1063.3824821547614,19.682500427971277,207.36679464643328,59.79454997216296,train
369_69,36.9,6.9,2012-07-16,2012,198,1,positive,2,1.65,26.7,22.1,24.3,53,63,18.2,10.9,0.0,1.65,2.200000000000002,3.3000000000000003,2.0,30.728571428571424,56.857142857142854,88.72017902377893,141.33192145742098,680.189998200605,8.927386216644488,186.02944855101458,35.72887025681805,train
369_70,36.9,7.0,2012-07-17,2012,199,1,positive,1,3.58,26.3,21.1,23.6,51,62,19.5,12.8,0.0,1.67,2.200000000000002,3.3000000000000003,3.0,29.8,56.142857142857146,88.76911396707712,144.48509811342097,688.627998200605,9.598967171789328,189.54586112453455,37.57697135548609,train
361_27,36.1,2.7,2017-07-21,2017,202,1,positive,18,126.32,33.0,22.8,26.3,33,48,16.1,8.8,0.2,3.23,1.0000000000000038,9.899999999999999,21.0,36.05714285714286,19.0,94.6636844715643,264.6080974113942,887.0687839472585,18.606412300812302,303.1476770514568,58.91998046000281,train
362_16,36.2,1.6,2019-08-30,2019,242,1,positive,1,9.87,33.9,20.9,26.4,29,60,15.5,8.0,0.0,3.74,0.2999999999999929,0.7,77.0,34.68571428571428,24.714285714285715,95.25092496685625,864.0323901067118,1313.8075574523482,19.565252507509072,851.9086212649306,60.908599610972814,train
353_10,35.300000000000004,1.0,2020-06-30,2020,182,1,positive,7,110.38,40.9,24.6,33.0,8,16,20.2,10.8,0.0,7.11,0.0,2.2,11.0,36.42857142857143,15.142857142857142,99.18679930761454,246.48809421194423,562.8829322404673,41.898246894834266,246.18449607764921,94.8031185583025,train
363_64,36.300000000000004,6.4,2019-07-25,2019,206,1,positive,1,4.5,35.3,21.0,27.5,12,33,16.8,9.4,0.0,5.05,0.0,1.6000000000000143,7.0,32.77142857142857,17.0,97.62345589113846,373.1012539649885,599.5246397228271,28.749282455895482,370.3528924694832,76.70980933038756,train
365_55,36.5,5.5,2022-10-26,2022,299,1,positive,1,0.79,23.4,4.9,13.8,18,41,6.8,4.7,0.0,2.35,0.0,39.400000000000006,13.0,24.071428571428573,22.142857142857142,94.36505476006731,43.26839567732125,619.772468833147,11.175657466040613,73.67759161978337,29.20530510698686,train
366_34,36.6,3.4000000000000004,2012-08-02,2012,215,1,positive,18,20.49,36.7,20.9,29.2,23,44,11.6,5.8,0.0,4.73,0.0,1.2000000000000002,44.0,34.18571428571428,31.285714285714285,95.45087403052132,421.29299171647176,798.3480394613828,16.51896604852565,419.18330340910006,54.88683446580685,train
365_19,36.5,1.9000000000000001,2019-08-16,2019,228,1,positive,1,6.31,30.2,16.9,24.2,21,42,14.9,7.9,0.0,3.13,1.4000000000000017,2.0,3.0,30.314285714285713,28.857142857142858,94.77971813611926,417.8763676844818,833.7507259268996,17.796206568225553,416.17761349298763,57.46486396787941,train
364_30,36.4,3.0,2012-09-23,2012,267,1,positive,11,18.04,33.4,18.2,25.0,17,33,10.1,6.5,0.4,4.28,1.5000000000000018,14.200000000000001,9.0,30.971428571428568,19.428571428571427,97.14374547284959,128.8050886498631,1143.7915102842803,19.24377077450305,201.01752153800584,58.77437009786831,train
362_23,36.2,2.3000000000000003,2014-07-30,2014,211,1,positive,1,0.81,32.7,20.4,25.8,29,63,12.9,5.9,0.0,3.47,0.0,0.599999999999993,58.0,34.48571428571429,30.857142857142858,93.95342865673193,347.25685513802455,692.2414665822686,14.356135962716952,345.9839659751427,50.25938465031253,train
367_65,36.7,6.5,2020-08-29,2020,242,1,positive,93,150.95,38.5,23.9,29.2,13,32,21.4,11.0,0.0,5.94,0.0,0.7999999999999716,77.0,34.24285714285714,25.428571428571427,97.88696745754598,507.20264829811947,1018.4654550854054,37.53584527966344,504.94686490271783,89.73250482823957,train
369_46,36.9,4.6000000000000005,2020-06-10,2020,162,1,positive,3,4.19,24.0,15.8,20.4,47,72,10.5,6.5,0.0,1.27,3.9999999999999716,17.100000000000016,1.0,26.157142857142855,48.42857142857143,87.17834331138053,98.45359414229645,290.4755313684886,4.856638243279494,106.58909013839995,19.620597333840795,train
367_66,36.7,6.6000000000000005,2015-08-27,2015,239,1,positive,1,2.94,35.0,22.6,28.2,45,69,10.0,4.9,0.0,3.1,2.8000000000000034,5.499999999999993,2.0,33.785714285714285,39.285714285714285,90.78749311080104,526.8154244786788,1163.5455914027025,7.941865142364263,525.4550535067438,34.37583091787302,train
365_29,36.5,2.9000000000000004,2017-09-12,2017,255,1,positive,1,2.45,29.9,20.5,24.2,29,48,12.5,6.6,0.0,2.97,22.599999999999984,34.599999999999994,2.0,29.571428571428573,29.857142857142858,92.8609119981321,58.114496517393015,781.8686484214055,12.081164203306317,98.01577568062503,35.384788345333845,train
368_45,36.800000000000004,4.5,2015-08-22,2015,234,1,positive,2,6.28,30.8,20.7,25.6,46,69,16.1,9.0,1.2,2.41,3.3999999999999875,6.299999999999993,0.0,28.74285714285714,50.857142857142854,88.20612080437624,205.5992420438992,934.8681346152255,7.459893210089744,265.3221872632902,32.76488132305175,train
366_41,36.6,4.1000000000000005,2014-07-02,2014,183,1,positive,1,1.25,30.8,16.3,24.0,26,46,11.0,5.6,0.1,3.29,0.09999999999998557,9.5,12.0,30.657142857142855,27.142857142857142,94.64122644438795,138.03165384457245,407.9114119892213,14.345384522715557,149.54951844517134,46.31804827229128,train
365_21,36.5,2.1,2014-07-24,2014,205,1,positive,1,3.35,31.4,22.5,26.6,43,57,12.7,8.0,0.0,2.51,0.0,0.0,52.0,31.542857142857144,35.857142857142854,92.13021451676084,212.41724056741543,622.9456601770672,11.01075561699978,229.33394598279492,41.93019081824487,train
369_68,36.9,6.800000000000001,2020-08-02,2020,215,1,positive,1,2.96,36.2,21.1,27.1,19,64,13.0,7.3,0.0,4.89,0.0,2.400000000000014,18.0,37.55714285714286,21.0,96.91752451080956,233.94262439452925,770.8966936095483,21.608620730819666,266.04486476979355,64.3250597598037,train
359_-3,35.9,-0.30000000000000004,2014-07-19,2014,200,1,positive,16,197.49,29.1,24.3,26.8,40,56,17.9,13.3,0.0,2.41,0.0,0.0,47.0,29.9,51.714285714285715,91.11260984914213,198.83139013039028,774.0473602105093,12.386041078704352,242.1552742533286,45.36477056343269,train
366_37,36.6,3.7,2023-10-23,2023,296,1,positive,1,1.04,31.7,15.9,24.1,13,25,20.2,11.9,0.0,4.01,0.0,0.4000000000000071,30.0,29.042857142857144,18.428571428571427,96.83419456680443,195.74490629483927,1087.1908702227413,30.71480520023571,269.9713319675593,79.39722426889729,train
369_65,36.9,6.5,2014-09-24,2014,267,1,positive,1,4.49,30.0,20.9,24.7,46,71,13.8,6.1,4.6,2.27,7.6,8.1,0.0,33.1,39.42857142857143,80.6282417973334,75.79718587343736,1084.4280137762355,2.43797103668083,129.04503986728523,12.71054823687683,train
360_17,36.0,1.7000000000000002,2012-07-14,2012,196,1,positive,1,4.7,38.9,23.1,30.8,10,25,17.7,10.2,1.0,6.29,2.2,6.7,0.0,36.57142857142857,18.142857142857142,98.25189502187018,345.78765958681373,656.0369628594013,32.6870748189305,344.25001239193455,82.70111782244223,train
367_70,36.7,7.0,2014-08-02,2014,214,1,positive,2,26.6,34.8,19.7,25.9,32,64,24.7,10.7,0.0,3.78,3.1,3.0999999999999965,3.0,31.62857142857143,35.0,93.2436461929668,144.7257327962988,732.543768522511,23.570260831355203,193.75364180163675,66.18666858232388,train
367_29,36.7,2.9000000000000004,2015-06-30,2015,181,1,positive,1,0.98,34.0,20.9,28.1,31,43,24.7,15.0,0.0,3.61,0.0,5.199999999999986,15.0,30.02857142857143,38.285714285714285,93.4331877899575,150.99197391748612,589.4314048100854,24.202156185007116,184.0901179992362,66.77086558348094,train
365_27,36.5,2.7,2021-09-29,2021,272,1,positive,1,0.6,28.9,18.0,23.0,45,70,14.0,7.4,0.0,2.18,0.10000000000000711,20.899999999999995,7.0,30.271428571428572,45.714285714285715,91.4078550371799,71.19974076893101,1026.026456031819,10.612610249672747,121.34759439361221,35.612359654232016,train
367_51,36.7,5.1000000000000005,2020-08-13,2020,226,1,positive,1,7.05,32.5,25.1,28.6,33,67,17.1,8.4,0.0,3.29,0.0,8.0,9.0,31.428571428571427,41.42857142857143,94.19943811435756,115.00135014539828,791.262116718439,18.35454888972691,168.70434289830774,55.55997243298905,train
362_81,36.2,8.1,2020-10-01,2020,275,1,positive,1,2.58,27.3,15.6,20.2,31,73,11.0,4.3,0.0,2.48,1.1999999999999824,29.3,16.0,26.099999999999998,26.428571428571427,94.14219860679437,104.84463200515282,1143.8065639631923,13.390983391180766,170.59596079277856,45.71249519625926,train
364_24,36.4,2.4000000000000004,2014-07-20,2014,201,1,positive,1,5.69,32.0,21.7,26.3,29,42,18.3,11.9,0.0,3.36,0.0,0.0,48.0,34.17142857142857,25.571428571428573,95.23608259966487,235.1608677841217,549.0874338974672,22.484358698132393,234.94694550053092,65.4979203296029,train
359_17,35.9,1.7000000000000002,2014-08-17,2014,229,1,positive,9,7.62,32.7,16.8,24.1,28,57,14.2,8.0,0.0,3.55,0.0,2.1,29.0,32.6,24.428571428571427,94.12039617432886,446.11775802351707,875.3944945332224,15.686692456095379,444.09338515499206,53.160253479613495,train
369_63,36.9,6.300000000000001,2017-07-11,2017,192,1,positive,4,168.56,40.0,23.9,31.5,19,43,15.1,8.0,0.0,5.98,0.0,1.5999999999999859,35.0,34.75714285714286,29.714285714285715,96.73947978913684,205.91026909451512,582.154409736935,23.45449169629556,218.55827108546293,66.83493760621214,train
363_11,36.300000000000004,1.1,2012-09-03,2012,247,1,positive,1,3.41,25.9,15.5,20.3,34,57,17.2,11.0,0.0,2.22,3.9,4.6,3.0,29.042857142857144,37.142857142857146,91.32642801161596,119.91664234692394,1072.057553217513,12.326091289411963,187.42227063836253,44.080762584142576,train
367_35,36.7,3.5,2013-08-16,2013,228,1,positive,4,12.94,31.2,17.0,24.4,31,54,17.9,12.1,0.0,3.12,0.0,1.5000000000000002,7.0,30.814285714285713,33.0,93.268743230187,295.48786658242796,704.8926679677071,16.790946187133745,295.28160826977586,55.286683067246905,train
365_16,36.5,1.6,2014-09-16,2014,259,1,positive,3,2.11,33.1,21.2,27.6,30,50,23.6,8.8,1.4,3.52,1.4,1.7999999999999998,0.0,30.942857142857143,37.42857142857143,92.29899881927402,428.8809880763206,1144.6734906005656,19.529852328908024,442.90136783141685,60.83529564068966,train
364_42,36.4,4.2,2012-08-16,2012,229,1,positive,7,44.29,39.6,19.6,29.7,13,39,8.8,3.9,0.6,6.26,2.5999999999999996,7.9,7.0,36.92857142857143,15.142857142857142,97.95867868710744,225.78067851856207,985.5344289353087,20.082666040798973,287.1182244101094,61.6639994527088,train
364_32,36.4,3.2,2020-07-14,2020,196,1,positive,1,3.35,28.0,17.2,22.4,44,65,14.2,8.2,0.0,2.12,0.4,2.900000000000007,28.0,33.05714285714286,25.428571428571427,91.75366948199006,254.40728161410001,523.2451077796371,11.25923168203285,253.72327033546622,42.79152807201996,train
369_37,36.9,3.7,2016-09-10,2016,254,1,positive,1,2.7,28.2,22.9,25.5,62,73,15.0,7.4,0.0,1.43,0.0,0.0,83.0,28.74285714285714,55.142857142857146,87.89878387774779,310.85853156906273,1048.025078735473,6.753520508909696,356.99390825026916,30.827507551885578,train
364_66,36.4,6.6000000000000005,2013-08-21,2013,233,1,positive,1,2.25,26.4,16.2,21.0,38,68,15.2,8.9,0.0,2.15,4.300000000000003,7.299999999999997,2.0,31.014285714285716,28.0,92.09689479251297,193.71410856909728,915.7830442374926,12.430347847840695,253.41634272110898,45.575386237295916,train
366_33,36.6,3.3000000000000003,2015-07-24,2015,205,1,positive,2,5.81,34.4,18.7,27.0,25,56,12.0,6.2,0.0,4.05,0.4,1.4,18.0,34.08571428571429,31.285714285714285,94.55950510170169,281.8995074683451,755.6793823333215,14.918036353443586,291.7304018513626,51.35906356967416,train
368_30,36.800000000000004,3.0,2014-09-10,2014,253,1,positive,1,1.0,26.5,21.5,23.9,66,83,17.7,11.3,0.0,1.17,0.8,1.4999999999999858,100.0,27.228571428571428,62.714285714285715,85.35995121753285,283.1500965894671,926.880780168599,5.403221142083301,321.08324295145553,26.452517422014495,train
365_81,36.5,8.1,2012-08-08,2012,221,1,positive,1,3.8,41.4,22.5,32.1,17,47,12.4,5.0,2.7,6.63,4.9,8.7,0.0,39.9,19.428571428571427,96.24305205078456,130.94666997918088,946.872514383393,19.148643036990208,194.60993460479395,58.36390139412449,train
362_4,36.2,0.4,2023-07-18,2023,199,1,positive,6,146.02,41.3,27.0,33.5,9,20,15.6,9.6,0.0,7.1,0.0,0.0,39.0,34.67142857142857,35.285714285714285,99.16424530521468,204.88366194961432,787.2531994261824,33.1325688833475,248.24931302738113,82.74098043412167,train
367_68,36.7,6.800000000000001,2015-07-06,2015,187,1,positive,1,10.5,34.8,18.5,27.5,25,50,16.1,7.0,0.0,4.11,0.0,5.400000000000015,27.0,35.34285714285714,26.0,95.4969676916103,246.01897405187364,655.1539161006857,20.853931072492486,253.7869986188128,62.83583644947661,train
368_84,36.800000000000004,8.4,2015-08-11,2015,223,1,positive,1,1.59,28.5,22.9,25.5,55,73,22.3,13.7,1.5,1.73,2.000000000000007,2.3,0.0,31.45714285714286,46.42857142857143,85.36425320166363,329.8783474215378,873.3963644804719,6.816770299126394,339.33910508967585,31.009147687228825,train
369_74,36.9,7.4,2016-09-05,2016,249,1,positive,1,1.3,36.9,21.3,28.5,16,52,15.0,8.6,0.0,5.23,0.5999999999999841,0.6000000000000001,78.0,32.642857142857146,35.714285714285715,96.93338843826413,441.61055197002327,1080.6502140478542,23.950633218934012,441.43371754826507,68.82793716637103,train
347_-2,34.7,-0.2,2015-08-15,2015,227,1,positive,3,5.32,29.5,14.1,21.7,20,42,15.1,7.6,0.0,3.32,7.499999999999999,16.299999999999997,4.0,31.87142857142857,27.428571428571427,94.7960014218955,115.35389043614606,989.8696140663105,18.016706602529545,178.6582019241643,55.50556562027868,train
361_12,36.1,1.2000000000000002,2013-07-29,2013,210,1,positive,1,0.89,34.3,21.4,27.8,31,46,14.5,7.6,0.0,3.74,0.1,1.1,63.0,36.800000000000004,28.714285714285715,94.85637070999506,372.63126277551487,644.9127896609972,17.625595362780984,370.3378080454831,57.10565794855287,train
358_12,35.800000000000004,1.2000000000000002,2016-08-19,2016,232,1,positive,7,40.73,37.0,20.8,29.4,19,38,12.2,6.7,0.0,5.1,0.1999999999999929,2.699999999999993,42.0,34.8,21.714285714285715,96.36781177072012,678.4147581385698,1057.2983573234726,19.27819576894109,670.6895257070414,60.36173053603081,train
367_50,36.7,5.0,2023-10-18,2023,291,1,positive,20,41.83,36.6,20.7,26.8,13,35,22.5,11.9,0.0,5.35,0.0,1.4000000000000035,52.0,33.74285714285715,19.571428571428573,97.82773670631198,267.6249889317806,1179.106795501065,39.36563178003839,341.48218844238204,92.15451872768587,train
361_23,36.1,2.3000000000000003,2021-10-23,2021,296,1,positive,1,2.83,21.6,12.5,16.0,40,70,13.4,5.5,1.5,1.49,1.499999999999984,1.5,0.0,24.75714285714286,28.142857142857142,85.49863911381944,136.81362664516863,1091.831217574876,4.435219300709902,208.35623849480766,22.51879567460292,train
365_79,36.5,7.9,2017-08-06,2017,218,1,positive,8,15.57,37.6,23.6,29.8,18,36,13.7,6.3,2.9,5.05,4.600000000000017,8.100000000000007,0.0,39.25714285714286,11.714285714285714,94.71416900487682,116.18374585515379,783.8195960303923,16.601802272424642,169.5408736010883,52.259078950682536,train
366_60,36.6,6.0,2017-10-27,2017,300,1,positive,1,4.98,21.4,10.1,15.1,23,47,10.6,6.6,0.0,1.96,8.399999999999979,34.8,3.0,17.428571428571427,51.42857142857143,92.40306706068473,29.237346875669218,696.5234977552235,10.293813666740379,52.92113527786369,23.362876843611147,train
360_16,36.0,1.6,2013-08-22,2013,234,1,positive,1,0.16,33.8,15.4,25.1,17,46,9.2,5.3,0.0,4.3,0.0,3.1,16.0,34.1,19.142857142857142,96.48571778184771,378.8479123182702,798.6330402304112,16.838662786743846,377.746760056388,55.52536437549927,train
367_68,36.7,6.800000000000001,2020-09-11,2020,255,1,positive,1,3.45,27.4,19.0,22.5,48,74,21.1,12.3,1.6,1.88,14.00000000000001,21.000000000000014,0.0,30.0,43.42857142857143,85.53809530083821,53.41597513419443,1064.0101682905008,6.573652155430484,94.91901908938773,23.007633202947112,train
364_66,36.4,6.6000000000000005,2013-09-27,2013,270,1,positive,1,0.65,33.1,14.8,23.3,24,63,8.3,6.2,0.0,3.87,0.3,99.60000000000001,8.0,26.957142857142856,38.857142857142854,94.49602029664574,41.882011758021655,524.4686300228811,12.272772720311451,69.82428777979341,30.29618063582613,train
363_74,36.300000000000004,7.4,2018-09-02,2018,245,1,positive,1,4.03,29.5,18.2,22.8,35,70,14.8,6.1,0.7,2.63,7.1000000000000085,65.19999999999999,2.0,29.3,32.42857142857143,91.28747908960074,40.127634693453196,559.6425740503091,10.861715272186412,68.05587083261382,27.526441837933685,train
357_28,35.7,2.8000000000000003,2013-10-05,2013,278,1,positive,2,15.04,30.6,20.4,24.8,37,55,16.0,7.8,0.0,2.77,0.0,30.8,16.0,31.557142857142857,27.714285714285715,93.57438657178531,112.55335122532284,986.5900815778994,15.9223282948782,175.15196256344186,51.22856610392239,train
349_-9,34.9,-0.9,2012-08-28,2012,241,1,positive,1,8.32,34.7,19.2,26.9,23,49,14.0,6.1,0.0,4.23,0.2,6.9,9.0,33.542857142857144,21.285714285714285,96.22069600693422,205.83702240502612,1190.550964939755,20.693899210428594,287.43558842221614,62.80014034370823,train
367_58,36.7,5.800000000000001,2015-09-02,2015,245,1,positive,1,3.37,29.9,22.7,26.1,57,78,8.0,4.8,0.6,1.79,1.600000000000025,9.0,4.0,32.82857142857143,44.0,89.63300862878053,144.37391113808587,1062.2084269887748,6.087033339518365,215.51616805294353,28.172308173564033,train
362_45,36.2,4.5,2014-10-24,2014,297,1,positive,1,4.85,21.4,9.7,15.0,32,62,10.1,4.9,0.0,1.74,0.20000000000000712,31.1,10.0,24.842857142857145,29.142857142857142,90.88263656878253,66.70115206621807,873.6023054472887,8.09105077038537,112.01997361451795,28.738732474044927,train
356_52,35.6,5.2,2020-10-30,2020,304,1,positive,1,4.56,20.9,11.9,16.2,33,48,14.0,9.8,0.0,1.66,1.5000000000000089,1.4999999999999982,4.0,19.914285714285715,32.42857142857143,90.66111793525194,183.31498536003656,1194.377470530985,9.541680391409542,264.9627084468364,38.52720332933988,train
363_49,36.300000000000004,4.9,2020-07-01,2020,183,1,positive,179,502.77,35.3,18.8,26.5,11,28,16.3,9.6,0.0,5.06,0.1999999999999929,10.199999999999992,18.0,31.7,16.714285714285715,97.84808784770784,214.04837594375698,479.9649931739431,28.880507260849754,213.75081657589905,75.54081332957126,train
353_58,35.300000000000004,5.800000000000001,2020-10-26,2020,300,1,positive,1,0.99,19.6,8.6,14.1,31,50,15.8,8.8,0.7,1.57,0.7,0.8999999999999999,46.0,22.0,30.142857142857142,90.08075506776515,182.5159686907257,1146.6066019592429,9.615482673538239,261.11980601532696,38.69812831564703,train
364_72,36.4,7.2,2015-08-11,2015,223,1,positive,1,10.4,26.5,16.4,21.1,40,69,15.8,8.4,0.0,2.09,0.7,2.8,12.0,30.95714285714286,25.571428571428573,90.26860941726514,398.2323138512555,897.2886433473101,9.877556610018477,397.50476039510335,39.64038930453656,train
363_9,36.300000000000004,0.9,2018-09-23,2018,266,1,positive,1,5.57,29.8,19.2,24.4,27,45,13.0,9.1,0.0,2.82,0.8999999999999929,68.2,8.0,27.657142857142855,46.0,93.25461849607609,33.351199649031706,538.6536107747058,13.091402542705664,57.76151510237724,28.82397980353504,train
363_6,36.300000000000004,0.6000000000000001,2019-08-18,2019,230,1,positive,1,1.53,32.7,23.0,27.4,43,67,12.9,7.3,0.0,2.48,0.1,0.1,31.0,32.214285714285715,36.42857142857143,92.46471634254254,416.7189511271136,919.6647074816467,11.65952175112939,415.7811777359655,44.10316247430533,train
346_69,34.6,6.9,2019-08-24,2019,236,1,positive,4,31.42,36.8,27.7,32.8,26,34,20.3,13.1,0.0,4.6,0.0,0.0,91.0,38.34285714285714,21.714285714285715,95.80954984975148,795.6884934894724,1347.7546286615548,26.88756120534054,787.3491556507424,73.76020460849307,train
364_68,36.4,6.800000000000001,2012-09-24,2012,268,1,positive,9,57.62,29.3,17.1,21.9,22,43,13.6,8.4,0.0,3.15,1.2000000000000028,40.7,10.0,29.8,20.428571428571427,96.14968240513382,75.09534250857016,850.8286489022967,20.08742913211998,123.04120675340434,53.79556451210903,train
368_89,36.800000000000004,8.9,2021-07-20,2021,201,1,positive,2,7.18,29.2,16.8,23.1,39,63,13.1,7.8,0.0,2.48,3.7000000000000073,3.7,3.0,25.900000000000002,46.285714285714285,90.60856758648806,128.90625861294345,597.9304574895248,9.050443481293925,167.52293961867784,35.35427871273029,train
368_83,36.800000000000004,8.3,2022-08-19,2022,231,1,positive,1,3.33,30.4,23.6,26.9,39,57,18.6,11.1,0.0,2.67,0.5999999999999859,0.7,83.0,38.271428571428565,22.857142857142858,92.74230083651135,467.96209958599695,852.4777577609942,16.157426121212374,465.11450301330024,54.146322082686794,train
366_82,36.6,8.200000000000001,2016-08-20,2016,233,1,positive,8,99.03,39.2,21.5,30.1,18,42,13.7,5.3,0.0,5.78,0.2,4.5,9.0,34.528571428571425,26.428571428571427,96.92536825682498,163.43810710843005,924.9581609097883,22.407927509413422,226.72269100328367,65.20610768204531,train
363_83,36.300000000000004,8.3,2015-08-07,2015,219,1,positive,1,3.12,34.5,19.0,27.1,19,41,15.9,6.9,0.0,4.4,2.6999999999999886,5.700000000000003,43.0,36.114285714285714,18.142857142857142,97.39068999014717,422.2684279099775,921.9118691983947,26.638210860200548,421.2280007889364,73.34064045980519,train
351_-17,35.1,-1.7000000000000002,2014-09-09,2014,252,1,positive,5,17.12,27.0,18.3,23.0,48,70,11.9,5.5,0.0,1.82,0.3,0.3999999999999964,77.0,28.385714285714283,49.714285714285715,88.89792196445683,301.6308057034226,1036.191642926921,6.667089416011331,349.16247778203655,30.556391573869675,train
369_67,36.9,6.7,2022-08-15,2022,227,1,positive,3,10.97,37.7,27.0,31.8,17,32,18.9,8.7,0.2,4.71,0.19999999999999646,0.30000000000001426,80.0,35.57142857142857,23.714285714285715,97.96151951957579,435.7532557982741,889.7840245429555,33.42055801833506,434.1218817464167,83.8512054907515,train
358_-2,35.800000000000004,-0.2,2012-09-10,2012,254,1,positive,1,2.66,29.1,20.8,24.0,44,72,14.8,6.5,0.0,2.27,0.0,1.6,10.0,30.74285714285714,43.142857142857146,90.07787053806115,222.85743820649373,1273.9164428161935,9.139187612275347,310.0955173416372,37.614183865124794,train
366_29,36.6,2.9000000000000004,2021-08-29,2021,241,1,positive,2,2.06,32.8,20.2,26.4,32,60,12.6,5.6,0.0,3.4,0.6999999999999857,4.1000000000000005,26.0,35.24285714285714,33.0,94.53662291516001,266.96252794948145,1141.0525228107574,15.32757955809305,336.88161303192317,52.34444165048796,train
366_72,36.6,7.2,2018-07-13,2018,194,1,positive,2,6.8,40.8,24.7,32.9,13,31,15.2,8.4,0.0,6.54,0.0,4.1,22.0,35.48571428571429,22.0,98.23582010088815,219.56039944079257,479.1484734221326,28.75723658334388,219.1751836085562,75.51161815272354,train
367_57,36.7,5.7,2012-08-11,2012,224,1,positive,48,25.36,33.4,22.4,28.6,32,54,8.6,5.6,0.0,3.49,0.0,1.7,65.0,34.17142857142857,37.857142857142854,93.98554518937478,370.68040529023784,875.5847873940728,11.610996003003352,370.3256327648358,43.970213687996555,train
366_49,36.6,4.9,2020-06-20,2020,172,1,positive,1,5.26,26.3,13.6,19.6,40,62,12.2,6.1,0.0,2.05,0.9000000000000142,15.1,8.0,25.142857142857142,41.42857142857143,89.84913614150236,89.40398316031711,338.3507882367403,7.75848303847492,107.67759941141335,27.438980589070763,train
365_32,36.5,3.2,2013-08-20,2013,232,1,positive,8,16.83,29.6,18.6,23.2,35,64,15.3,7.7,0.0,2.68,1.5,5.5,2.0,30.400000000000002,32.142857142857146,92.9142571244734,230.78602865645567,722.6360630235409,14.016287190766013,256.65460378683025,49.19220948079925,train
360_27,36.0,2.7,2017-07-14,2017,195,1,positive,1,10.09,40.8,24.8,32.8,9,20,18.4,8.6,0.0,6.93,0.20000000000000046,7.400000000000003,14.0,40.75714285714286,8.714285714285714,99.86165009122215,300.6349501628722,824.3443422951675,41.759423864322855,314.51454080037917,95.27085683524069,train
364_19,36.4,1.9000000000000001,2015-09-15,2015,258,1,positive,3,49.53,29.3,16.1,21.8,29,60,16.2,7.4,0.0,2.91,3.799999999999997,15.8,6.0,27.857142857142858,30.714285714285715,93.95972385441593,85.34379874415083,1091.9242146079168,16.96813609779013,142.78728769324206,50.82231860495511,train
357_80,35.7,8.0,2012-06-07,2012,159,1,positive,1,0.5,37.4,15.7,26.7,11,35,11.6,7.9,0.7,5.67,1.6,12.7,9.0,31.714285714285715,20.142857142857142,97.89376142580089,155.86724027794764,438.8197429174492,22.928309218113846,165.11436549219223,63.38907324024266,train
356_69,35.6,6.9,2022-08-14,2022,226,1,positive,1,1.94,40.2,21.7,31.1,10,22,23.2,10.9,0.0,6.68,0.0,0.6000000000000072,80.0,36.114285714285714,11.714285714285714,98.73533923306915,705.2792000652568,1169.585877216298,45.94941194317578,698.0917498599463,100.83109769241477,train
365_53,36.5,5.300000000000001,2021-09-14,2021,257,1,positive,1,0.48,33.4,16.2,24.2,18,39,17.7,11.8,0.0,4.22,0.0999999999999858,4.700000000000007,21.0,28.557142857142853,25.857142857142858,96.0031229740703,260.5389818441745,1119.9577341609486,24.212697713080253,329.46625981398023,69.19352599059498,train
368_37,36.800000000000004,3.7,2014-09-07,2014,250,1,positive,1,3.6,31.2,20.3,26.2,51,71,16.8,6.5,0.0,2.23,0.0,0.1,97.0,30.6,47.857142857142854,89.43008231761458,361.21425679496303,1014.8994028079507,9.211762266824426,382.2821158638781,37.878072566335646,train
367_57,36.7,5.7,2014-08-12,2014,224,1,positive,1,5.65,29.6,24.2,26.6,60,74,10.8,5.4,0.0,1.65,0.0,1.6999999999999964,57.0,31.571428571428573,42.857142857142854,89.19147901327663,257.366633093447,744.3788983382854,6.579092676876657,276.0900916944374,30.158253706356756,train
364_17,36.4,1.7000000000000002,2018-09-03,2018,246,1,positive,1,7.74,37.9,22.9,29.3,15,33,15.0,7.0,0.0,5.5,0.20000000000000356,0.7,90.0,36.4,20.0,97.36649499357046,567.4942760946656,988.1461013216177,25.375318731176858,563.0532570326436,71.25780129024794,train
360_26,36.0,2.6,2014-08-11,2014,223,1,positive,18,61.64,35.4,23.6,29.0,23,43,12.9,5.7,0.0,4.4,1.7,5.2,2.0,34.114285714285714,20.857142857142858,96.57582632168895,404.8861838484856,781.2204644390874,20.537154062687197,403.0334005718531,62.71693066853805,train
363_49,36.300000000000004,4.9,2016-07-15,2016,197,1,positive,3,40.16,19.2,9.5,13.9,32,63,15.6,9.4,0.0,1.48,1.299999999999993,13.799999999999997,6.0,27.52857142857143,27.857142857142858,91.40105943772535,191.67564386904158,546.8948252058428,11.492577543626046,204.32328036087017,42.6367716192372,train
367_84,36.7,8.4,2016-08-20,2016,233,1,positive,1,6.98,37.5,21.5,29.3,22,45,13.9,6.4,0.0,5.04,0.0,1.0,61.0,33.1,31.142857142857142,95.77002829502237,344.41059367579174,929.4193105196274,19.371546270323915,357.5666545792489,60.496999336613314,train
368_72,36.800000000000004,7.2,2012-09-16,2012,260,1,positive,1,2.55,25.9,17.0,21.4,48,71,10.1,5.8,0.0,1.74,17.299999999999997,49.3,2.0,26.5,52.142857142857146,87.9232082465656,25.59984891363863,706.188315268728,5.294409222009402,46.94520205781984,13.393156634165418,train
365_23,36.5,2.3000000000000003,2014-08-09,2014,221,1,positive,2,6.6,34.5,24.1,29.0,38,55,14.5,8.4,0.8,3.38,0.8,1.1,68.0,31.557142857142857,43.42857142857143,91.59876847654583,270.30158812672363,737.2831472890302,11.182422398619831,282.07157919383786,42.76900611082,train
363_53,36.300000000000004,5.300000000000001,2017-10-27,2017,300,1,positive,1,2.97,22.4,10.4,15.7,19,43,10.0,5.9,0.0,2.19,2.0000000000000107,29.9,3.0,18.514285714285712,47.142857142857146,93.87270505310772,40.765578803143846,890.091437249179,12.266220019640587,73.15503162185084,30.992099698940223,train
351_-12,35.1,-1.2000000000000002,2013-09-21,2013,264,1,positive,5,17.18,28.5,16.0,22.2,42,70,10.4,5.8,0.0,2.26,0.8999999999999999,50.8,7.0,26.842857142857145,54.42857142857143,90.21559703841403,40.561037534089074,670.3242841846914,7.467594647217147,70.46287806014465,21.558392429738507,train
364_85,36.4,8.5,2020-08-05,2020,218,1,positive,2,8.71,28.8,17.5,22.4,27,58,14.8,10.1,0.0,2.86,0.19999999999999934,1.9000000000000141,54.0,36.471428571428575,16.714285714285715,93.25520254771072,445.25839653867797,832.1873042300441,14.335504797513511,442.83978123889335,50.256795210350504,train
353_89,35.300000000000004,8.9,2015-09-01,2015,244,1,positive,3,16.76,31.8,14.9,23.6,21,44,9.4,5.7,0.0,3.71,11.199999999999994,30.9,4.0,30.199999999999996,30.142857142857142,95.0334615080277,57.02717782817299,913.3293275327848,13.966164652684588,98.65466149590797,39.02077888301634,train
363_80,36.300000000000004,8.0,2021-09-17,2021,260,1,positive,1,32.05,34.1,24.8,29.2,18,28,15.0,10.3,0.0,4.34,1.199999999999979,2.6999999999999997,6.0,32.58571428571428,23.571428571428573,97.03509589323704,744.9637546353259,1196.3216760102312,24.278522218489535,736.4962160995879,69.39861723178804,train
366_29,36.6,2.9000000000000004,2017-09-25,2017,268,1,positive,1,3.07,30.0,16.0,22.5,30,53,9.3,5.1,0.0,2.92,2.3999999999999786,19.5,6.0,29.52857142857143,37.285714285714285,92.64547205198923,114.07122421514258,1092.9865346133768,9.975665541526476,180.93384852965636,38.24507216454404,train
368_68,36.800000000000004,6.800000000000001,2013-10-22,2013,295,1,positive,2,6.19,31.3,18.2,23.5,30,58,12.8,8.4,0.0,3.21,0.0,33.400000000000006,12.0,27.642857142857142,49.714285714285715,92.83382753605149,30.6755068514529,536.4007558152383,12.218669220258157,53.67687570691462,26.516407098704953,train
365_39,36.5,3.9000000000000004,2023-09-25,2023,268,1,positive,1,2.64,28.7,13.4,20.0,22,55,14.9,7.0,0.0,3.05,5.699999999999978,39.699999999999996,2.0,28.5,32.42857142857143,94.25250569119991,89.55202791771124,794.1138290524847,16.549479681774432,139.71499017766402,49.71529400292466,train
365_47,36.5,4.7,2020-08-03,2020,216,1,positive,1,9.85,35.6,16.5,25.5,15,54,17.1,6.1,0.2,4.95,0.2,0.40000000000001423,51.0,37.94285714285714,12.142857142857142,98.38927976059784,427.39413140759007,885.4749586356612,32.29158443338122,425.9253305707031,82.17722057322582,train
367_58,36.7,5.800000000000001,2012-08-10,2012,223,1,positive,7,4.71,34.5,25.9,30.1,34,52,9.5,4.2,0.0,3.61,0.0,1.7,64.0,34.42857142857143,38.714285714285715,94.39445644657262,384.4511295814393,873.9230641404035,12.856478617915648,383.8214600019162,46.91599460145215,train
364_51,36.4,5.1000000000000005,2014-06-28,2014,179,1,positive,2,8.21,33.1,17.6,25.5,23,40,18.4,10.2,0.0,3.9,0.3000000000000071,33.2,12.0,29.885714285714283,28.142857142857142,94.74053260591536,126.477258214051,366.3740174700736,21.114653849596667,135.7755946139139,57.33084408197784,train
367_78,36.7,7.800000000000001,2014-08-10,2014,222,1,positive,24,160.68,42.5,23.4,32.7,14,38,12.6,6.8,0.3,7.25,0.29999999999999644,1.199999999999997,55.0,35.92857142857143,28.571428571428573,98.27515586183011,389.07240006980317,888.7570450203908,25.35689940091813,388.46360236997396,71.20297840288367,train
364_19,36.4,1.9000000000000001,2014-07-27,2014,208,1,positive,2,18.87,28.9,18.1,23.1,42,71,12.0,7.3,0.0,2.3,0.0,0.0,55.0,29.842857142857138,30.571428571428573,91.91493795685298,276.053873250096,634.3385809386208,10.310530526758255,275.7193230191761,40.56704607834486,train
363_50,36.300000000000004,5.0,2018-08-29,2018,241,1,positive,1,6.31,31.5,14.6,21.9,19,51,12.9,5.9,0.1,3.74,0.09999999999999334,9.9,12.0,28.785714285714285,24.142857142857142,95.4370042287855,168.5428438382508,853.3957899283845,17.604003090166035,225.66530879486908,56.258466084962784,train
367_87,36.7,8.700000000000001,2014-08-13,2014,225,1,positive,4,12.36,32.4,20.5,26.1,36,66,15.9,7.3,0.0,2.81,0.0,0.19999999999999923,58.0,33.1,31.142857142857142,93.67303467346478,332.8088403365315,796.1170481318235,16.06126735572806,332.5757704017291,53.880561722253674,train
366_32,36.6,3.2,2023-08-06,2023,218,1,positive,1,3.57,31.7,18.1,24.9,28,52,15.3,7.1,0.0,3.27,3.3,3.3999999999999924,2.0,33.4,32.57142857142857,93.38174844167811,123.37814923342953,672.7376545834942,14.96330895326484,169.1858183472644,48.95070401623587,train
353_14,35.300000000000004,1.4000000000000001,2022-09-05,2022,248,1,positive,1,1.7,33.8,17.5,25.4,19,39,18.1,8.9,0.0,4.22,1.0999999999999996,3.1,73.0,33.142857142857146,21.428571428571427,95.82741980459382,605.9289872539578,1126.0450319464435,24.124540454069393,601.8597727099017,69.13418553716019,train
366_74,36.6,7.4,2017-07-29,2017,210,1,positive,1,1.45,40.7,21.6,30.5,12,32,21.4,9.3,0.0,6.68,3.000000000000007,7.8,6.0,34.68571428571429,24.857142857142858,98.39936422168434,158.456184541141,891.2489448083888,40.15745682335328,219.3957890204472,91.83626090772701,train
364_25,36.4,2.5,2013-10-22,2013,295,1,positive,4,17.11,31.2,17.2,23.5,19,43,17.3,9.2,0.0,3.71,0.0,0.6000000000000001,32.0,28.928571428571427,28.857142857142858,95.40060758273057,124.50276311487387,881.6211865909829,21.86487634636702,184.03267570842584,62.78931153598448,train
359_1,35.9,0.1,2017-09-29,2017,272,1,positive,2,2.76,26.3,18.3,21.7,53,75,19.8,8.4,0.0,1.59,0.0999999999999929,18.60000000000001,19.0,27.071428571428573,50.0,89.68014164792626,118.39209413325463,990.2014109650622,11.106409576551854,182.2946533178521,41.051536690171226,train
354_70,35.4,7.0,2021-07-06,2021,187,1,positive,4,6.82,37.0,23.6,29.8,7,18,15.6,8.9,0.0,5.86,0.0,1.5000000000000213,33.0,36.17142857142857,7.857142857142857,99.3173570682706,333.11586583257167,566.302331577487,33.798389945513065,331.09994221564165,84.30892280805912,train
367_49,36.7,4.9,2015-07-06,2015,187,1,positive,1,1.11,33.3,19.1,26.8,33,57,15.9,7.9,0.0,3.4,0.0,9.200000000000001,20.0,33.84285714285714,30.0,94.17714359812503,160.6185778176203,613.7594989781069,17.22439130865258,194.1900930983121,54.66252799581263,train
